45,1,34.729,54.574,34.729,64.497,49.613,49.613,24.806,29.768,34.729,44.651,39.69,39.69,34.729,54.574,49.613,79.38,24.806,19.845,24.806,19.845
NaN,NaN,13.267,0,19.9,13.267,19.9,6.6333,19.9,0,26.533,19.9,13.267,26.533,26.533,13.267,13.267,6.6333,0,0,0,13.267
225,1,19.927,9.9637,24.909,34.873,29.891,39.855,19.927,19.927,14.946,19.927,19.927,24.909,4.9819,9.9637,24.909,29.891,19.927,19.927,19.927,19.927
NaN,NaN,10.849,25.314,18.082,10.849,18.082,32.547,25.314,14.465,25.314,28.931,32.547,10.849,32.547,36.163,21.698,21.698,28.931,43.396,36.163,36.163
0,1,4.9819,4.9819,34.873,29.891,24.909,9.9637,9.9637,4.9819,9.9637,24.909,44.837,39.855,34.873,19.927,19.927,19.927,44.837,29.891,14.946,14.946
NaN,NaN,6.6333,26.533,0,39.8,33.167,26.533,26.533,19.9,39.8,26.533,46.433,33.167,13.267,33.167,26.533,0,33.167,19.9,33.167,39.8
180,1,19.927,39.855,0,39.855,59.782,59.782,39.855,54.8,44.837,44.837,39.855,34.873,49.819,49.819,49.819,44.837,39.855,19.927,19.927,39.855
NaN,NaN,11.508,30.687,15.343,19.179,23.015,0,23.015,23.015,26.851,23.015,23.015,23.015,26.851,34.523,23.015,23.015,19.179,15.343,46.03,23.015
90,1,19.927,49.819,64.764,54.8,69.746,54.8,39.855,44.837,44.837,39.855,29.891,29.891,29.891,49.819,39.855,34.873,39.855,39.855,49.819,59.782
NaN,NaN,33.167,33.167,0,0,0,0,0,0,6.6333,19.9,26.533,0,6.6333,19.9,13.267,19.9,33.167,19.9,33.167,19.9
270,1,9.9637,0,0,9.9637,0,0,4.9819,9.9637,14.946,4.9819,4.9819,4.9819,9.9637,0,19.927,4.9819,4.9819,9.9637,29.891,4.9819
NaN,NaN,11.049,18.415,29.463,29.463,33.146,22.097,18.415,14.732,33.146,29.463,25.78,25.78,18.415,33.146,33.146,18.415,22.097,25.78,22.097,22.097
157.5,1,54.8,59.782,54.8,74.728,64.764,64.764,44.837,59.782,54.8,44.837,39.855,39.855,39.855,44.837,44.837,39.855,44.837,39.855,54.8,24.909
NaN,NaN,13.267,0,46.433,13.267,6.6333,19.9,13.267,39.8,26.533,6.6333,19.9,0,26.533,19.9,13.267,33.167,33.167,39.8,0,19.9
337.5,1,0,4.9819,0,0,4.9819,0,9.9637,4.9819,24.909,29.891,44.837,29.891,24.909,19.927,9.9637,19.927,24.909,9.9637,19.927,24.909
NaN,NaN,18.302,14.642,32.944,25.623,14.642,36.604,29.284,25.623,25.623,32.944,29.284,25.623,29.284,36.604,25.623,43.925,21.963,36.604,25.623,29.284
22.5,1,24.909,34.873,29.891,44.837,34.873,19.927,44.837,49.819,44.837,19.927,34.873,39.855,19.927,39.855,14.946,19.927,34.873,39.855,14.946,19.927
NaN,NaN,6.6333,26.533,26.533,26.533,26.533,13.267,13.267,13.267,6.6333,19.9,26.533,33.167,33.167,0,33.167,46.433,13.267,6.6333,26.533,26.533
202.5,1,29.891,59.782,44.837,44.837,44.837,39.855,24.909,44.837,49.819,54.8,29.891,29.891,29.891,39.855,44.837,29.891,29.891,39.855,49.819,39.855
NaN,NaN,14.125,0,0,10.594,35.313,28.25,24.719,17.656,14.125,28.25,31.781,21.188,35.313,35.313,31.781,14.125,21.188,35.313,35.313,17.656
135,1,49.819,74.728,69.746,59.782,69.746,49.819,39.855,44.837,49.819,44.837,44.837,44.837,39.855,49.819,39.855,44.837,34.873,29.891,44.837,49.819
NaN,NaN,13.267,13.267,13.267,0,19.9,0,19.9,26.533,19.9,19.9,33.167,46.433,13.267,13.267,26.533,26.533,26.533,6.6333,26.533,33.167
315,1,9.9637,0,0,4.9819,0,4.9819,0,24.909,0,9.9637,19.927,19.927,4.9819,4.9819,14.946,14.946,0,4.9819,19.927,9.9637
NaN,NaN,14.422,21.633,18.027,21.633,18.027,39.66,28.844,21.633,25.238,21.633,18.027,10.816,10.816,18.027,10.816,32.449,36.055,32.449,0,28.844
67.5,1,34.873,14.946,0,29.891,44.837,14.946,29.891,29.891,44.837,29.891,39.855,19.927,19.927,19.927,29.891,34.873,34.873,14.946,24.909,39.855
NaN,NaN,13.267,13.267,26.533,26.533,19.9,19.9,26.533,33.167,13.267,19.9,19.9,33.167,19.9,26.533,26.533,19.9,33.167,26.533,33.167,33.167
247.5,1,14.946,0,24.909,9.9637,14.946,0,0,29.891,14.946,19.927,9.9637,14.946,19.927,4.9819,4.9819,19.927,14.946,9.9637,34.873,24.909
NaN,NaN,19.179,23.015,23.015,19.179,38.359,26.851,26.851,23.015,7.6717,15.343,42.195,15.343,34.523,34.523,26.851,23.015,15.343,34.523,19.179,26.851
112.5,1,49.819,24.909,49.819,59.782,64.764,44.837,34.873,59.782,29.891,29.891,49.819,54.8,44.837,39.855,49.819,64.764,59.782,34.873,39.855,39.855
NaN,NaN,19.9,0,0,0,26.533,39.8,33.167,19.9,39.8,19.9,26.533,26.533,46.433,13.267,19.9,19.9,6.6333,46.433,26.533,39.8
292.5,1,9.9637,0,0,14.946,9.9637,0,0,9.9637,0,19.927,9.9637,14.946,9.9637,14.946,14.946,4.9819,4.9819,4.9819,4.9819,14.946
0,1,0,0,4.9819,4.9819,24.909,34.873,44.837,39.855,19.927,39.855,34.873,9.9637,0,14.946,14.946,34.873,64.764,49.819,29.891,14.946
NaN,NaN,6.6333,19.9,33.167,33.167,19.9,39.8,46.433,39.8,46.433,66.333,13.267,53.066,26.533,33.167,19.9,53.066,53.066,19.9,39.8,33.167
180,1,44.837,74.728,74.728,84.692,64.764,59.782,49.819,54.8,64.764,59.782,49.819,59.782,84.692,59.782,79.71,54.8,49.819,49.819,54.8,44.837
NaN,NaN,19.241,0,15.393,15.393,30.785,34.634,34.634,15.393,53.874,34.634,34.634,19.241,15.393,19.241,34.634,38.482,46.178,34.634,34.634,26.937
90,1,34.873,34.873,39.855,54.8,74.728,54.8,54.8,39.855,59.782,44.837,49.819,34.873,44.837,34.873,39.855,39.855,29.891,49.819,64.764,64.764
NaN,NaN,26.533,0,39.8,26.533,6.6333,6.6333,26.533,6.6333,0,0,6.6333,0,0,19.9,19.9,0,39.8,26.533,19.9,19.9
270,1,14.946,0,0,19.927,0,9.9637,14.946,19.927,9.9637,0,19.927,4.9819,0,4.9819,0,9.9637,29.891,14.946,24.909,4.9819
NaN,NaN,18.358,36.716,36.716,22.03,25.702,22.03,29.373,29.373,40.388,29.373,25.702,33.045,51.403,29.373,25.702,25.702,47.731,44.06,22.03,29.373
157.5,1,49.819,74.728,89.673,99.637,59.782,59.782,59.782,49.819,44.837,59.782,54.8,54.8,54.8,44.837,39.855,39.855,59.782,49.819,59.782,59.782
NaN,NaN,26.533,0,19.9,13.267,0,19.9,19.9,19.9,39.8,39.8,46.433,13.267,6.6333,26.533,13.267,6.6333,46.433,19.9,19.9,13.267
337.5,1,14.946,14.946,0,0,34.873,24.909,24.909,9.9637,14.946,0,9.9637,14.946,9.9637,39.855,34.873,24.909,29.891,19.927,0,24.909
NaN,NaN,10.981,32.944,25.623,0,47.586,25.623,29.284,18.302,32.944,40.265,32.944,32.944,21.963,14.642,21.963,43.925,29.284,36.604,40.265,43.925
112.5,1,49.819,59.782,79.71,79.71,59.782,34.873,39.855,34.873,49.819,59.782,44.837,44.837,59.782,69.746,44.837,34.873,39.855,39.855,14.946,24.909
NaN,NaN,33.167,19.9,0,19.9,19.9,6.6333,6.6333,0,0,0,39.8,26.533,26.533,19.9,26.533,6.6333,19.9,33.167,33.167,26.533
292.5,1,19.927,0,0,4.9819,0,9.9637,14.946,4.9819,0,0,14.946,19.927,14.946,4.9819,14.946,9.9637,24.909,9.9637,14.946,14.946
NaN,NaN,10.594,35.313,24.719,31.781,28.25,21.188,38.844,35.313,31.781,24.719,42.375,21.188,38.844,17.656,35.313,35.313,28.25,31.781,45.906,42.375
45,1,34.873,39.855,54.8,54.8,49.819,34.873,39.855,49.819,54.8,24.909,49.819,54.8,14.946,24.909,14.946,19.927,24.909,44.837,44.837,39.855
NaN,NaN,39.8,19.9,0,46.433,0,0,0,19.9,0,19.9,39.8,19.9,19.9,26.533,33.167,33.167,26.533,39.8,19.9,33.167
225,1,19.927,4.9819,39.855,19.927,34.873,24.909,34.873,29.891,54.8,14.946,34.873,29.891,29.891,24.909,24.909,24.909,19.927,24.909,9.9637,4.9819
NaN,NaN,18.027,28.844,25.238,32.449,32.449,28.844,25.238,21.633,14.422,36.055,32.449,21.633,28.844,32.449,25.238,32.449,32.449,21.633,36.055,32.449
22.5,1,24.909,24.909,39.855,29.891,49.819,39.855,4.9819,34.873,29.891,39.855,34.873,44.837,44.837,34.873,24.909,34.873,39.855,34.873,9.9637,29.891
NaN,NaN,6.6333,19.9,39.8,19.9,26.533,53.067,19.9,26.533,26.533,19.9,53.067,19.9,19.9,0,0,19.9,6.6333,33.167,19.9,26.533
202.5,1,24.909,54.8,59.782,69.746,69.746,44.837,49.819,39.855,34.873,49.819,24.909,29.891,24.909,34.873,24.909,29.891,34.873,19.927,39.855,29.891
NaN,NaN,15.343,34.523,19.179,26.851,23.015,34.523,23.015,26.851,26.851,26.851,34.523,30.687,34.523,30.687,34.523,23.015,15.343,46.03,19.179,19.179
67.5,1,29.891,64.764,64.764,39.855,64.764,44.837,44.837,54.8,59.782,39.855,59.782,29.891,49.819,39.855,34.873,44.837,54.8,49.819,49.819,14.946
NaN,NaN,19.9,0,0,0,0,19.9,19.9,33.167,19.9,13.267,39.8,19.9,13.267,33.167,13.267,19.9,26.533,13.267,26.533,33.167
247.5,1,14.946,0,4.9819,9.9637,14.946,24.909,4.9819,9.9637,9.9637,9.9637,9.9637,14.946,19.927,19.927,0,24.909,29.891,24.909,24.909,4.9819
NaN,NaN,7.3433,29.373,22.03,29.373,29.373,33.045,25.702,22.03,22.03,25.702,47.731,44.06,47.731,44.06,55.075,33.045,18.358,51.403,25.702,22.03
135,1,44.837,64.764,69.746,59.782,69.746,59.782,44.837,59.782,49.819,44.837,44.837,34.873,39.855,34.873,44.837,39.855,34.873,39.855,54.8,64.764
NaN,NaN,39.8,0,6.6333,0,13.267,26.533,26.533,26.533,33.167,33.167,46.433,26.533,33.167,33.167,39.8,33.167,26.533,33.167,26.533,39.8
315,1,14.946,0,0,0,0,9.9637,4.9819,19.927,24.909,19.927,4.9819,4.9819,14.946,19.927,0,29.891,0,9.9637,34.873,24.909
90,1,64.497,14.884,39.69,64.497,74.419,49.613,69.458,64.497,49.613,54.574,64.497,44.651,39.69,49.613,29.768,49.613,59.535,79.38,49.613,49.613
NaN,NaN,33.167,0,19.9,33.167,13.267,13.267,6.6333,26.533,26.533,26.533,46.433,46.433,19.9,33.167,33.167,39.8,13.267,33.167,33.167,19.9
270,1,14.946,0,0,4.9819,0,0,0,4.9819,24.909,29.891,24.909,0,9.9637,0,24.909,34.873,9.9637,34.873,14.946,4.9819
NaN,NaN,29.373,29.373,22.03,55.075,47.731,44.06,36.716,40.388,62.418,33.045,14.687,33.045,36.716,33.045,44.06,55.075,40.388,33.045,33.045,77.105
135,1,54.8,84.692,74.728,79.71,64.764,74.728,94.655,59.782,64.764,44.837,44.837,64.764,59.782,34.873,39.855,49.819,54.8,59.782,59.782,54.8
NaN,NaN,26.533,19.9,0,19.9,0,39.8,6.6333,0,0,0,26.533,13.267,19.9,13.267,33.167,53.066,33.167,26.533,46.433,46.433
315,1,9.9637,0,0,4.9819,0,0,24.909,0,0,24.909,14.946,0,14.946,24.909,9.9637,4.9819,9.9637,29.891,0,39.855
NaN,NaN,25.238,39.66,32.449,43.266,46.871,21.633,54.082,14.422,28.844,46.871,14.422,57.688,36.055,50.477,57.688,39.66,46.871,36.055,28.844,46.871
22.5,1,24.909,19.927,0,4.9819,49.819,44.837,54.8,34.873,44.837,34.873,39.855,14.946,34.873,64.764,44.837,39.855,14.946,29.891,29.891,34.873
NaN,NaN,26.533,26.533,33.167,39.8,39.8,46.433,33.167,19.9,46.433,19.9,26.533,46.433,19.9,13.267,0,33.167,13.267,26.533,46.433,13.267
202.5,1,14.946,34.873,74.728,64.764,39.855,74.728,49.819,69.746,54.801,59.782,39.855,29.891,49.819,39.855,44.837,39.855,44.837,24.909,64.764,29.891
NaN,NaN,26.851,11.508,23.015,19.179,26.851,57.538,38.359,42.195,38.359,34.523,26.851,30.687,30.687,7.6717,7.6717,26.851,30.687,34.523,34.523,26.851
112.5,1,59.782,54.8,74.728,69.746,79.71,64.764,49.819,59.782,54.8,64.764,54.8,49.819,59.782,74.728,54.8,49.819,39.855,64.764,54.8,74.728
NaN,NaN,19.9,0,19.9,0,0,19.9,19.9,6.6333,26.533,59.7,33.167,33.167,39.8,26.533,33.167,19.9,19.9,33.167,19.9,33.167
292.5,1,0,0,0,0,4.9819,0,0,9.9637,4.9819,4.9819,0,14.946,14.946,0,24.909,0,4.9819,9.9637,9.9637,24.909
NaN,NaN,18.302,32.944,0,3.6604,0,3.6604,3.6604,18.302,25.623,29.284,36.604,58.567,40.265,36.604,32.944,51.246,47.586,36.604,51.246,65.888
45,1,44.837,54.8,29.891,54.8,59.782,39.855,84.692,74.728,54.8,29.891,49.819,9.9637,19.927,34.873,14.946,64.764,54.8,49.819,44.837,44.837
NaN,NaN,13.267,0,26.533,26.533,33.167,19.9,33.167,33.167,39.8,26.533,53.066,13.267,26.533,26.533,33.167,39.8,33.167,26.533,13.267,26.533
225,1,19.927,19.927,4.9819,29.891,29.891,29.891,54.8,29.891,34.873,24.909,9.9637,19.927,14.946,29.891,29.891,44.837,34.873,29.891,24.909,0
NaN,NaN,18.937,22.725,34.087,11.362,11.362,11.362,26.512,34.087,34.087,37.875,45.45,30.3,41.662,37.875,41.662,49.237,53.025,34.087,41.662,45.45
67.5,1,19.927,39.855,64.764,94.655,69.746,54.8,74.728,44.837,34.873,59.782,39.855,29.891,39.855,64.764,54.8,69.746,54.8,49.819,49.819,44.837
NaN,NaN,26.533,0,0,19.9,19.9,0,19.9,19.9,6.6333,0,19.9,53.067,46.433,26.533,0,19.9,19.9,6.6333,26.533,26.533
247.5,1,9.9637,14.946,0,4.9819,4.9819,4.9819,4.9819,0,19.927,4.9819,9.9637,9.9637,4.9819,4.9819,19.927,29.891,0,19.927,9.9637,24.909
NaN,NaN,22.03,36.716,22.03,29.373,18.358,25.702,33.045,36.716,22.03,29.373,58.746,33.045,47.731,44.06,40.388,36.716,51.403,58.746,47.731,51.403
157.5,1,49.819,69.746,89.673,79.71,89.673,64.764,64.764,64.764,64.764,29.891,0,34.873,24.909,49.819,49.819,39.855,44.837,74.728,74.728,59.782
NaN,NaN,33.167,33.167,26.533,0,19.9,19.9,0,39.8,19.9,33.167,26.533,33.167,33.167,13.267,39.8,33.167,46.433,13.267,46.433,33.167
337.5,1,4.9819,0,0,19.927,14.946,4.9819,4.9819,34.873,54.8,4.9819,19.927,24.909,9.9637,9.9637,4.9819,14.946,24.909,29.891,34.873,14.946
NaN,NaN,4.2127,33.702,21.064,29.489,0,25.276,21.064,25.276,25.276,16.851,25.276,33.702,25.276,25.276,12.638,12.638,0,4.2127,16.851,16.851
0,1,0,19.927,14.946,44.837,34.873,14.946,34.873,24.909,19.927,34.873,24.909,19.927,24.909,34.873,24.909,19.927,19.927,19.927,14.946,34.873
NaN,NaN,33.167,13.267,0,26.533,33.167,39.8,19.9,33.167,39.8,33.167,26.533,26.533,19.9,39.8,6.6333,33.167,33.167,19.9,26.533,26.533
180,1,39.855,74.728,84.692,89.673,84.692,79.71,64.764,49.819,54.8,44.837,59.782,44.837,74.728,64.764,34.873,74.728,59.782,44.837,64.764,29.891
135,1,14.884,39.69,74.419,74.419,64.497,44.651,49.613,49.613,29.768,54.574,44.651,34.729,44.651,24.806,29.768,54.574,49.613,54.574,34.729,44.651
NaN,NaN,26.533,0,0,0,0,0,13.267,19.9,0,19.9,33.167,19.9,19.9,13.267,26.533,53.066,26.533,19.9,13.267,6.6333
315,1,9.9637,0,0,0,0,0,0,0,0,4.9819,0,0,14.946,9.9637,19.927,4.9819,19.927,4.9819,14.946,14.946
NaN,NaN,3.6163,21.698,10.849,25.314,18.082,28.931,25.314,32.547,25.314,18.082,25.314,14.465,14.465,32.547,43.396,25.314,18.082,32.547,21.698,28.931
45,1,9.9637,19.927,0,0,34.873,9.9637,44.837,24.909,9.9637,34.873,34.873,19.927,39.855,34.873,34.873,39.855,19.927,19.927,24.909,14.946
NaN,NaN,13.267,19.9,0,13.267,0,0,19.9,26.533,26.533,13.267,6.6333,33.167,33.167,39.8,19.9,13.267,26.533,26.533,39.8,39.8
225,1,4.9819,19.927,9.9637,19.927,9.9637,9.9637,39.855,0,19.927,9.9637,19.927,19.927,24.909,0,14.946,19.927,24.909,14.946,19.927,4.9819
NaN,NaN,25.238,14.422,0,18.027,25.238,32.449,25.238,21.633,25.238,21.633,25.238,28.844,36.055,32.449,18.027,32.449,36.055,25.238,21.633,18.027
67.5,1,4.9819,9.9637,9.9637,0,14.946,19.927,39.855,14.946,24.909,9.9637,14.946,19.927,4.9819,24.909,14.946,24.909,14.946,29.891,24.909,24.909
NaN,NaN,0,26.533,13.267,19.9,33.167,26.533,26.533,19.9,13.267,26.533,19.9,19.9,33.167,13.267,33.167,13.267,13.267,6.6333,19.9,39.8
247.5,1,4.9819,0,9.9637,0,4.9819,0,4.9819,4.9819,9.9637,14.946,9.9637,0,19.927,0,9.9637,19.927,14.946,4.9819,14.946,29.891
NaN,NaN,7.3209,25.623,14.642,25.623,21.963,21.963,29.284,18.302,21.963,32.944,40.265,18.302,25.623,21.963,18.302,32.944,14.642,40.265,36.604,29.284
112.5,1,24.909,34.873,59.782,59.782,54.8,29.891,39.855,24.909,44.837,39.855,19.927,29.891,29.891,54.8,39.855,19.927,34.873,39.855,19.927,34.873
NaN,NaN,19.9,26.533,26.533,26.533,13.267,19.9,0,19.9,26.533,26.533,33.167,33.167,26.533,26.533,26.533,33.167,26.533,19.9,13.267,26.533
292.5,1,9.9637,0,0,9.9637,0,4.9819,19.927,9.9637,4.9819,4.9819,0,24.909,14.946,9.9637,9.9637,9.9637,29.891,9.9637,24.909,19.927
NaN,NaN,14.642,18.302,29.284,25.623,29.284,29.284,14.642,21.963,21.963,25.623,21.963,29.284,14.642,25.623,21.963,7.3209,21.963,29.284,14.642,25.623
157.5,1,34.873,49.819,69.746,64.764,59.782,39.855,44.837,39.855,34.873,39.855,24.909,19.927,29.891,29.891,24.909,39.855,29.891,29.891,14.946,29.891
NaN,NaN,19.9,19.9,6.6333,13.267,33.167,6.6333,33.167,6.6333,13.267,39.8,19.9,13.267,33.167,19.9,19.9,0,13.267,26.533,33.167,19.9
337.5,1,0,14.946,9.9637,4.9819,19.927,9.9637,14.946,0,0,0,14.946,14.946,9.9637,4.9819,14.946,14.946,14.946,0,0,14.946
NaN,NaN,25.276,21.064,33.702,25.276,12.638,25.276,8.4255,0,16.851,21.064,25.276,21.064,25.276,25.276,25.276,25.276,25.276,33.702,25.276,21.064
0,1,14.946,14.946,4.9819,24.909,29.891,9.9637,29.891,19.927,9.9637,14.946,4.9819,14.946,39.855,39.855,74.728,9.9637,14.946,4.9819,19.927,0
NaN,NaN,26.533,6.6333,33.167,26.533,0,26.533,19.9,33.167,39.8,26.533,13.267,26.533,13.267,6.6333,19.9,13.267,26.533,13.267,19.9,33.167
180,1,24.909,54.8,54.8,59.782,59.782,34.873,29.891,24.909,29.891,19.927,34.873,14.946,29.891,24.909,24.909,29.891,29.891,24.909,29.891,14.946
NaN,NaN,23.015,26.851,11.508,19.179,11.508,15.343,19.179,15.343,3.8359,26.851,23.015,26.851,23.015,19.179,23.015,26.851,23.015,30.687,26.851,19.179
90,1,9.9637,34.873,39.855,44.837,44.837,29.891,24.909,24.909,19.927,0,4.9819,29.891,24.909,9.9637,19.927,14.946,44.837,19.927,34.873,24.909
NaN,NaN,26.533,26.533,19.9,13.267,0,6.6333,39.8,46.433,0,19.9,19.9,26.533,39.8,26.533,19.9,33.167,0,39.8,19.9,6.6333
270,1,9.9637,0,0,0,0,0,0,9.9637,0,0,9.9637,4.9819,4.9819,4.9819,4.9819,24.909,9.9637,4.9819,4.9819,14.946
NaN,NaN,15.393,26.937,19.241,30.785,23.089,11.545,30.785,23.089,23.089,19.241,23.089,23.089,26.937,11.545,3.8482,19.241,23.089,23.089,11.545,23.089
22.5,1,9.9637,9.9637,19.927,34.873,9.9637,39.855,9.9637,9.9637,14.946,14.946,29.891,14.946,9.9637,4.9819,0,14.946,14.946,14.946,9.9637,29.891
NaN,NaN,6.6333,26.533,0,33.167,26.533,26.533,13.267,19.9,26.533,39.8,6.6333,26.533,13.267,26.533,26.533,19.9,26.533,13.267,19.9,26.533
202.5,1,9.9637,44.837,54.8,49.819,29.891,29.891,24.909,34.873,34.873,4.9819,14.946,19.927,19.927,19.927,44.837,14.946,39.855,0,29.891,19.927
0,1,0,0,0,19.927,9.9637,9.9637,14.946,19.927,19.927,14.946,24.909,14.946,19.927,9.9637,14.946,14.946,19.927,14.946,9.9637,4.9819
NaN,NaN,6.6333,13.267,19.9,6.6333,19.9,13.267,26.533,13.267,19.9,19.9,19.9,6.6333,26.533,19.9,33.167,6.6333,33.167,13.267,6.6333,13.267
180,1,19.927,49.819,49.819,54.8,44.837,44.837,39.855,24.909,34.873,34.873,19.927,19.927,14.946,4.9819,0,4.9819,14.946,4.9819,29.891,9.9637
NaN,NaN,18.358,22.03,22.03,18.358,14.687,18.358,18.358,7.3433,22.03,25.702,33.045,14.687,7.3433,7.3433,11.015,22.03,11.015,14.687,18.358,18.358
157.5,1,24.909,54.8,54.8,54.8,54.8,39.855,29.891,44.837,34.873,34.873,34.873,29.891,24.909,29.891,19.927,29.891,19.927,29.891,24.909,19.927
NaN,NaN,19.9,0,19.9,13.267,13.267,19.9,13.267,19.9,13.267,26.533,39.8,6.6333,13.267,6.6333,13.267,19.9,19.9,26.533,33.167,13.267
337.5,1,9.9637,4.9819,0,0,0,4.9819,9.9637,14.946,0,14.946,4.9819,24.909,9.9637,29.891,9.9637,14.946,9.9637,0,9.9637,19.927
NaN,NaN,10.981,29.284,18.302,10.981,18.302,21.963,21.963,18.302,18.302,10.981,14.642,25.623,10.981,25.623,21.963,21.963,18.302,7.3209,18.302,25.623
22.5,1,4.9819,0,14.946,19.927,14.946,19.927,14.946,29.891,29.891,9.9637,0,4.9819,14.946,19.927,24.909,24.909,14.946,19.927,0,9.9637
NaN,NaN,19.9,13.267,6.6333,26.533,0,13.267,19.9,26.533,19.9,13.267,26.533,19.9,13.267,6.6333,13.267,19.9,26.533,13.267,19.9,13.267
202.5,1,9.9637,39.855,39.855,34.873,39.855,39.855,34.873,24.909,24.909,34.873,24.909,19.927,19.927,24.909,14.946,9.9637,29.891,24.909,24.909,29.891
NaN,NaN,29.284,10.981,18.302,18.302,18.302,18.302,21.963,21.963,21.963,21.963,18.302,18.302,18.302,10.981,18.302,14.642,25.623,10.981,21.963,21.963
67.5,1,4.9819,24.909,39.855,39.855,34.873,24.909,29.891,9.9637,19.927,9.9637,19.927,9.9637,14.946,4.9819,14.946,14.946,24.909,29.891,14.946,24.909
NaN,NaN,6.6333,19.9,13.267,19.9,0,19.9,19.9,13.267,26.533,19.9,0,19.9,13.267,33.167,19.9,6.6333,19.9,6.6333,13.267,26.533
247.5,1,4.9819,0,0,0,0,0,9.9637,19.927,4.9819,4.9819,9.9637,19.927,14.946,9.9637,14.946,9.9637,4.9819,9.9637,19.927,4.9819
NaN,NaN,14.125,17.656,21.188,31.781,17.656,24.719,14.125,28.25,14.125,17.656,21.188,17.656,17.656,31.781,10.594,10.594,10.594,21.188,21.188,7.0625
135,1,34.873,29.891,64.764,44.837,44.837,34.873,39.855,54.8,39.855,39.855,34.873,39.855,34.873,24.909,39.855,24.909,29.891,34.873,29.891,29.891
NaN,NaN,19.9,0,39.8,26.533,19.9,26.533,26.533,0,13.267,19.9,13.267,13.267,13.267,13.267,6.6333,19.9,13.267,13.267,6.6333,6.6333
315,1,9.9637,0,0,0,0,0,14.946,9.9637,14.946,14.946,9.9637,4.9819,9.9637,4.9819,4.9819,14.946,9.9637,4.9819,9.9637,24.909
NaN,NaN,18.027,18.027,18.027,21.633,18.027,14.422,36.055,10.816,14.422,21.633,18.027,10.816,21.633,10.816,18.027,14.422,14.422,10.816,18.027,14.422
112.5,1,24.909,4.9819,19.927,34.873,39.855,54.8,24.909,19.927,34.873,24.909,34.873,24.909,29.891,14.946,34.873,29.891,39.855,19.927,19.927,29.891
NaN,NaN,26.533,19.9,13.267,13.267,13.267,6.6333,26.533,13.267,19.9,13.267,19.9,6.6333,33.167,13.267,26.533,0,33.167,26.533,19.9,13.267
292.5,1,4.9819,0,4.9819,0,0,0,4.9819,0,4.9819,4.9819,14.946,24.909,14.946,14.946,9.9637,14.946,14.946,4.9819,4.9819,19.927
NaN,NaN,14.125,21.188,17.656,17.656,21.188,17.656,17.656,17.656,17.656,17.656,21.188,10.594,21.188,14.125,3.5313,21.188,17.656,14.125,17.656,17.656
45,1,9.9637,9.9637,14.946,19.927,24.909,9.9637,19.927,24.909,4.9819,9.9637,9.9637,39.855,19.927,24.909,14.946,4.9819,0,14.946,24.909,14.946
NaN,NaN,13.267,13.267,26.533,19.9,6.6333,19.9,13.267,6.6333,19.9,26.533,6.6333,19.9,19.9,26.533,13.267,13.267,6.6333,6.6333,19.9,26.533
225,1,4.9819,14.946,9.9637,24.909,34.873,29.891,14.946,14.946,9.9637,4.9819,9.9637,9.9637,14.946,4.9819,14.946,9.9637,24.909,29.891,14.946,4.9819
NaN,NaN,3.7875,26.512,11.362,22.725,15.15,18.937,18.937,15.15,11.362,26.512,15.15,22.725,7.5749,22.725,3.7875,15.15,15.15,11.362,3.7875,15.15
90,1,19.927,39.855,29.891,39.855,19.927,9.9637,34.873,19.927,44.837,24.909,29.891,19.927,9.9637,24.909,14.946,4.9819,34.873,29.891,19.927,29.891
NaN,NaN,19.9,19.9,0,0,0,0,19.9,6.6333,33.167,19.9,13.267,19.9,19.9,19.9,6.6333,19.9,19.9,19.9,6.6333,13.267
270,1,9.9637,0,0,0,0,0,4.9819,0,4.9819,9.9637,14.946,9.9637,14.946,4.9819,4.9819,0,9.9637,4.9819,0,9.9637
NaN,NaN,7.6963,0,11.545,23.089,26.937,19.241,15.393,19.241,19.241,7.6963,23.089,19.241,15.393,19.241,26.937,15.393,30.785,15.393,15.393,11.545
135,1,29.891,24.909,49.819,59.782,64.764,49.819,54.8,54.8,34.873,39.855,39.855,24.909,39.855,19.927,19.927,44.837,34.873,24.909,39.855,49.819
NaN,NaN,26.533,0,13.267,19.9,6.6333,0,0,0,6.6333,19.9,6.6333,26.533,19.9,26.533,19.9,19.9,6.6333,19.9,26.533,13.267
315,1,9.9637,0,9.9637,0,19.927,0,4.9819,9.9637,9.9637,9.9637,4.9819,0,4.9819,9.9637,19.927,19.927,29.891,9.9637,14.946,24.909
NaN,NaN,0,24.29,17.35,27.76,24.29,24.29,20.82,13.88,20.82,20.82,20.82,17.35,13.88,10.41,0,17.35,24.29,34.7,17.35,24.29
45,1,9.9637,14.946,14.946,34.873,14.946,9.9637,14.946,9.9637,34.873,24.909,14.946,4.9819,14.946,44.837,9.9637,4.9819,24.909,19.927,44.837,39.855
NaN,NaN,26.533,13.267,19.9,13.267,0,13.267,13.267,19.9,26.533,6.6333,6.6333,19.9,0,0,6.6333,26.533,19.9,26.533,26.533,53.066
225,1,9.9637,24.909,29.891,24.909,19.927,19.927,29.891,9.9637,4.9819,24.909,14.946,9.9637,4.9819,19.927,24.909,0,54.8,9.9637,9.9637,9.9637
NaN,NaN,3.6163,10.849,18.082,21.698,21.698,21.698,21.698,10.849,28.931,28.931,10.849,28.931,14.465,18.082,10.849,10.849,10.849,14.465,7.2327,18.082
90,1,14.946,24.909,49.819,39.855,34.873,29.891,34.873,39.855,29.891,19.927,39.855,34.873,24.909,19.927,24.909,34.873,24.909,34.873,34.873,34.873
NaN,NaN,26.533,0,0,26.533,26.533,19.9,6.6333,33.167,33.167,6.6333,13.267,0,6.6333,0,6.6333,6.6333,26.533,33.167,19.9,19.9
270,1,4.9819,0,0,0,4.9819,0,0,0,0,0,4.9819,34.873,19.927,24.909,9.9637,19.927,4.9819,4.9819,14.946,4.9819
NaN,NaN,19.241,26.937,19.241,26.937,23.089,19.241,15.393,23.089,15.393,34.634,19.241,26.937,15.393,19.241,23.089,30.785,15.393,3.8482,19.241,23.089
22.5,1,4.9819,19.927,24.909,19.927,14.946,14.946,14.946,24.909,9.9637,29.891,9.9637,0,14.946,9.9637,24.909,49.819,14.946,24.909,19.927,0
NaN,NaN,6.6333,19.9,46.433,13.267,19.9,6.6333,19.9,13.267,33.167,33.167,33.167,13.267,13.267,19.9,26.533,19.9,26.533,6.6333,13.267,26.533
202.5,1,29.891,29.891,39.855,49.819,44.837,29.891,24.909,19.927,19.927,39.855,14.946,4.9819,19.927,34.873,29.891,24.909,29.891,14.946,29.891,14.946
NaN,NaN,18.302,14.642,0,25.623,18.302,14.642,21.963,7.3209,10.981,10.981,21.963,25.623,36.604,21.963,21.963,14.642,29.284,25.623,10.981,7.3209
67.5,1,14.946,24.909,39.855,29.891,44.837,14.946,29.891,19.927,24.909,29.891,19.927,19.927,19.927,39.855,9.9637,14.946,19.927,29.891,24.909,39.855
NaN,NaN,6.6333,26.533,19.9,33.167,26.533,26.533,13.267,13.267,13.267,19.9,19.9,19.9,13.267,26.533,19.9,19.9,19.9,19.9,13.267,13.267
247.5,1,9.9637,0,4.9819,0,4.9819,0,9.9637,19.927,4.9819,4.9819,4.9819,19.927,4.9819,19.927,24.909,9.9637,0,0,19.927,19.927
NaN,NaN,14.642,18.302,25.623,14.642,18.302,14.642,21.963,32.944,29.284,32.944,21.963,21.963,29.284,14.642,14.642,21.963,18.302,21.963,25.623,18.302
112.5,1,29.891,29.891,4.9819,34.873,34.873,49.819,24.909,29.891,29.891,44.837,19.927,39.855,29.891,39.855,29.891,29.891,34.873,24.909,29.891,24.909
NaN,NaN,26.533,19.9,6.6333,19.9,19.9,19.9,6.6333,0,13.267,26.533,19.9,39.8,19.9,26.533,0,19.9,19.9,33.167,6.6333,39.8
292.5,1,14.946,0,0,0,0,9.9637,4.9819,4.9819,4.9819,4.9819,4.9819,19.927,24.909,19.927,9.9637,4.9819,4.9819,9.9637,14.946,19.927
NaN,NaN,18.302,25.623,25.623,14.642,18.302,21.963,18.302,25.623,14.642,10.981,18.302,21.963,14.642,32.944,14.642,18.302,10.981,21.963,21.963,21.963
0,1,9.9637,0,4.9819,34.873,24.909,14.946,24.909,9.9637,19.927,0,19.927,19.927,24.909,29.891,14.946,19.927,14.946,14.946,9.9637,9.9637
NaN,NaN,6.6333,19.9,6.6333,26.533,19.9,6.6333,6.6333,26.533,19.9,6.6333,19.9,6.6333,0,19.9,26.533,19.9,13.267,13.267,13.267,19.9
180,1,29.891,54.8,64.764,54.8,34.873,49.819,44.837,34.873,4.9819,24.909,14.946,34.873,24.909,9.9637,54.8,24.909,29.891,24.909,9.9637,14.946
NaN,NaN,19.241,26.937,19.241,0,23.089,11.545,19.241,30.785,0,11.545,19.241,19.241,19.241,15.393,19.241,15.393,3.8482,30.785,19.241,23.089
157.5,1,29.891,59.782,64.764,59.782,59.782,44.837,34.873,39.855,39.855,44.837,44.837,54.8,14.946,24.909,34.873,34.873,24.909,24.909,24.909,29.891
NaN,NaN,26.533,0,13.267,26.533,0,26.533,26.533,19.9,19.9,26.533,13.267,19.9,19.9,13.267,26.533,19.9,26.533,19.9,33.167,13.267
337.5,1,14.946,0,14.946,0,0,9.9637,9.9637,14.946,24.909,14.946,9.9637,19.927,4.9819,4.9819,19.927,14.946,0,19.927,34.873,34.873
90,1,44.651,54.574,49.613,49.613,49.613,29.768,24.806,39.69,34.729,34.729,24.806,44.651,34.729,44.651,44.651,0,4.9613,29.768,44.651,39.69
NaN,NaN,26.533,0,13.267,19.9,19.9,26.533,6.6333,26.533,0,39.8,19.9,33.167,33.167,19.9,13.267,19.9,19.9,13.267,26.533,13.267
270,1,9.9637,0,14.946,0,14.946,0,0,9.9637,14.946,19.927,9.9637,9.9637,4.9819,19.927,0,0,9.9637,9.9637,4.9819,14.946
NaN,NaN,14.167,28.333,24.792,21.25,17.708,17.708,14.167,21.25,10.625,21.25,21.25,31.875,17.708,35.417,14.167,24.792,35.417,10.625,28.333,35.417
45,1,14.946,14.946,24.909,34.873,39.855,34.873,24.909,24.909,19.927,19.927,29.891,29.891,24.909,44.837,24.909,34.873,34.873,24.909,24.909,14.946
NaN,NaN,26.533,6.6333,26.533,26.533,13.267,19.9,13.267,19.9,19.9,26.533,19.9,19.9,13.267,13.267,19.9,19.9,19.9,13.267,39.8,19.9
225,1,14.946,4.9819,24.909,29.891,34.873,19.927,19.927,34.873,29.891,14.946,14.946,24.909,0,24.909,29.891,54.8,19.927,14.946,14.946,4.9819
NaN,NaN,10.816,0,10.816,3.6055,3.6055,32.449,25.238,28.844,25.238,21.633,21.633,28.844,14.422,18.027,21.633,32.449,28.844,25.238,25.238,28.844
0,1,9.9637,0,0,14.946,19.927,19.927,29.891,39.855,9.9637,14.946,19.927,4.9819,0,0,19.927,14.946,44.837,9.9637,9.9637,14.946
NaN,NaN,0,26.533,19.9,26.533,19.9,26.533,13.267,39.8,6.6333,19.9,26.533,26.533,19.9,6.6333,26.533,26.533,13.267,33.167,13.267,53.066
180,1,24.909,64.764,64.764,34.873,49.819,39.855,29.891,39.855,29.891,49.819,29.891,24.909,29.891,39.855,29.891,24.909,24.909,29.891,24.909,9.9637
NaN,NaN,14.732,11.049,22.097,7.3658,3.6829,25.78,18.415,14.732,25.78,14.732,22.097,14.732,11.049,14.732,11.049,14.732,18.415,22.097,22.097,14.732
112.5,1,39.855,39.855,29.891,34.873,49.819,54.8,39.855,44.837,14.946,39.855,34.873,34.873,29.891,29.891,34.873,34.873,29.891,29.891,29.891,49.819
NaN,NaN,33.167,0,19.9,13.267,26.533,13.267,13.267,19.9,19.9,26.533,6.6333,39.8,13.267,26.533,13.267,19.9,6.6333,26.533,6.6333,13.267
292.5,1,14.946,0,4.9819,9.9637,4.9819,14.946,4.9819,0,14.946,0,14.946,19.927,19.927,19.927,9.9637,0,19.927,34.873,9.9637,0
NaN,NaN,14.642,21.963,25.623,21.963,36.605,18.302,21.963,29.284,21.963,18.302,21.963,10.981,18.302,36.605,25.623,25.623,25.623,29.284,25.623,29.284
67.5,1,4.9819,24.909,39.855,44.837,49.819,19.927,14.946,39.855,39.855,24.909,44.837,34.873,19.927,44.837,19.927,34.873,34.873,49.819,29.891,34.873
NaN,NaN,13.267,0,19.9,26.533,13.267,19.9,19.9,13.267,39.8,33.167,6.6333,26.533,0,33.167,33.167,13.267,39.8,26.533,26.533,39.8
247.5,1,9.9637,14.946,0,0,0,9.9637,0,14.946,24.909,19.927,14.946,14.946,9.9637,14.946,14.946,4.9819,19.927,4.9819,19.927,4.9819
NaN,NaN,11.508,26.851,15.343,30.687,23.015,19.179,34.523,30.687,23.015,34.523,34.523,15.343,23.015,23.015,15.343,23.015,42.195,15.343,19.179,26.851
22.5,1,9.9637,0,19.927,0,19.927,29.891,34.873,44.837,29.891,14.946,19.927,19.927,19.927,49.819,19.927,29.891,14.946,19.927,49.819,14.946
NaN,NaN,13.267,13.267,33.167,13.267,6.6333,19.9,26.533,33.167,26.533,26.533,33.167,39.8,59.7,33.167,26.533,19.9,13.267,0,33.167,26.533
202.5,1,19.927,44.837,54.8,49.819,54.8,44.837,34.873,34.873,39.855,19.927,19.927,24.909,19.927,19.927,29.891,54.8,34.873,39.855,9.9637,19.927
NaN,NaN,14.125,17.656,14.125,10.594,17.656,17.656,24.719,21.188,31.781,14.125,24.719,28.25,31.781,21.188,14.125,28.25,31.781,28.25,17.656,14.125
135,1,29.891,64.764,59.782,54.8,44.837,29.891,54.8,49.819,49.819,44.837,39.855,24.909,39.855,44.837,39.855,34.873,39.855,39.855,49.819,39.855
NaN,NaN,26.533,0,26.533,6.6333,19.9,13.267,0,19.9,26.533,19.9,13.267,19.9,19.9,6.6333,26.533,13.267,0,6.6333,6.6333,33.167
315,1,4.9819,0,0,14.946,0,4.9819,9.9637,4.9819,9.9637,14.946,9.9637,14.946,4.9819,14.946,14.946,19.927,14.946,29.891,9.9637,19.927
NaN,NaN,14.422,21.633,28.844,14.422,21.633,28.844,21.633,25.238,25.238,14.422,14.422,32.449,21.633,28.844,21.633,32.449,25.238,14.422,28.844,28.844
157.5,1,29.891,39.855,64.764,49.819,59.782,44.837,54.8,49.819,54.8,49.819,34.873,59.782,24.909,24.909,29.891,49.819,39.855,34.873,29.891,14.946
NaN,NaN,19.9,0,13.267,19.9,19.9,19.9,26.533,26.533,13.267,19.9,26.533,6.6333,19.9,19.9,26.533,19.9,19.9,0,19.9,26.533
337.5,1,4.9819,14.946,4.9819,19.927,14.946,14.946,34.873,4.9819,14.946,19.927,14.946,29.891,39.855,39.855,44.837,34.873,4.9819,19.927,14.946,19.927
NaN,NaN,0,15.343,7.6717,15.343,19.179,19.179,30.687,19.179,11.508,11.508,11.508,30.687,38.359,26.851,11.508,26.851,26.851,15.343,19.179,19.179
0,1,14.946,9.9637,4.9819,0,14.946,14.946,34.873,0,9.9637,4.9819,24.909,24.909,4.9819,14.946,19.927,24.909,29.891,9.9637,19.927,14.946
NaN,NaN,19.9,26.533,33.167,19.9,13.267,0,13.267,33.167,33.167,13.267,26.533,26.533,39.8,0,19.9,19.9,26.533,33.167,26.533,13.267
180,1,24.909,29.891,39.855,64.764,64.764,54.8,64.764,34.873,14.946,54.8,39.855,29.891,44.837,39.855,29.891,24.909,29.891,14.946,34.873,34.873
NaN,NaN,18.358,25.702,14.687,22.03,22.03,18.358,7.3433,36.716,29.373,22.03,25.702,18.358,22.03,22.03,33.045,11.015,22.03,22.03,22.03,11.015
112.5,1,19.927,34.873,19.927,59.782,49.819,39.855,29.891,19.927,39.855,39.855,44.837,39.855,34.873,29.891,39.855,39.855,34.873,34.873,24.909,24.909
NaN,NaN,19.9,0,26.533,26.533,13.267,26.533,13.267,13.267,0,26.533,26.533,6.6333,26.533,13.267,19.9,13.267,6.6333,33.167,19.9,19.9
292.5,1,0,0,0,0,4.9819,0,4.9819,0,0,19.927,19.927,24.909,24.909,9.9637,9.9637,19.927,0,4.9819,9.9637,9.9637
NaN,NaN,14.125,28.25,21.188,7.0625,35.313,24.719,17.656,17.656,21.188,24.719,17.656,17.656,21.188,28.25,10.594,17.656,7.0625,10.594,17.656,17.656
135,1,29.891,44.837,54.8,64.764,69.746,19.927,39.855,49.818,59.782,49.818,54.8,39.855,34.873,54.8,34.873,39.855,39.855,24.909,44.837,44.837
NaN,NaN,26.533,0,19.9,19.9,33.167,33.167,19.9,19.9,6.6333,19.9,19.9,13.267,19.9,19.9,33.167,6.6333,6.6333,6.6333,19.9,26.533
315,1,4.9819,0,0,0,0,4.9819,0,4.9819,19.927,9.9637,0,29.891,14.946,9.9637,14.946,14.946,0,14.946,24.909,4.9819
NaN,NaN,14.422,25.238,32.449,18.027,14.422,25.238,21.633,14.422,28.844,25.238,25.238,14.422,21.633,28.844,14.422,14.422,25.238,32.449,10.816,10.816
67.5,1,9.9637,29.891,29.891,59.782,39.855,29.891,24.909,34.873,19.927,24.909,34.873,29.891,39.855,54.8,29.891,14.946,14.946,19.927,34.873,14.946
NaN,NaN,6.6333,0,26.533,26.533,33.167,26.533,13.267,19.9,26.533,13.267,13.267,26.533,6.6333,13.267,19.9,19.9,19.9,33.167,39.8,19.9
247.5,1,9.9637,9.9637,4.9819,0,4.9819,9.9637,4.9819,14.946,14.946,4.9819,14.946,14.946,34.873,4.9819,4.9819,0,4.9819,19.927,9.9637,14.946
NaN,NaN,25.623,10.981,10.981,18.302,25.623,25.623,29.284,21.963,18.302,36.604,10.981,32.944,25.623,21.963,18.302,36.604,21.963,25.623,18.302,14.642
22.5,1,0,24.909,29.891,24.909,19.927,0,29.891,24.909,9.9637,29.891,29.891,34.873,34.873,19.927,4.9819,14.946,19.927,24.909,14.946,9.9637
NaN,NaN,6.6333,19.9,33.167,13.267,19.9,33.167,33.167,13.267,19.9,13.267,19.9,0,0,19.9,0,19.9,19.9,13.267,13.267,26.533
202.5,1,29.891,34.873,24.909,44.837,54.8,59.782,49.819,14.946,24.909,29.891,39.855,29.891,29.891,29.891,44.837,29.891,24.909,29.891,29.891,29.891
NaN,NaN,18.358,7.3433,22.03,22.03,22.03,33.045,14.687,7.3433,11.015,14.687,25.702,14.687,14.687,18.358,22.03,22.03,29.373,18.358,18.358,33.045
45,1,19.927,9.9637,0,19.927,19.927,24.909,39.855,19.927,29.891,29.891,29.891,24.909,0,39.855,34.873,14.946,24.909,34.873,39.855,34.873
NaN,NaN,26.533,0,33.167,13.267,19.9,26.533,26.533,0,26.533,26.533,39.8,46.433,33.167,33.167,6.6333,6.6333,26.533,26.533,0,33.167
225,1,14.946,9.9637,29.891,14.946,0,34.873,9.9637,24.909,19.927,24.909,39.855,24.909,19.927,4.9819,14.946,39.855,29.891,29.891,14.946,0
NaN,NaN,7.5511,11.327,15.102,11.327,26.429,26.429,26.429,30.205,22.653,30.205,26.429,22.653,22.653,18.878,26.429,18.878,26.429,26.429,22.653,26.429
90,1,24.909,44.837,44.837,54.8,44.837,39.855,34.873,54.8,54.8,39.855,39.855,49.818,49.818,39.855,49.818,44.837,29.891,9.9637,9.9637,24.909
NaN,NaN,26.533,6.6333,33.167,26.533,19.9,39.8,26.533,19.9,13.267,6.6333,33.167,26.533,33.167,26.533,33.167,26.533,39.8,13.267,19.9,13.267
270,1,9.9637,0,0,4.9819,0,4.9819,4.9819,0,0,9.9637,9.9637,9.9637,14.946,24.909,0,14.946,9.9637,0,14.946,49.819
NaN,NaN,11.545,23.089,7.6963,26.937,26.937,23.089,15.393,30.785,23.089,19.241,15.393,30.785,30.785,23.089,23.089,23.089,7.6963,19.241,15.393,50.026
157.5,1,24.909,54.8,74.728,74.728,74.728,74.728,54.8,39.855,44.837,29.891,54.8,24.909,0,29.891,14.946,29.891,44.837,59.782,54.8,44.837
NaN,NaN,19.9,19.9,33.167,19.9,6.6333,19.9,19.9,0,33.167,26.533,19.9,6.6333,33.167,6.6333,13.267,19.9,39.8,39.8,19.9,26.533
337.5,1,0,0,14.946,14.946,9.9637,9.9637,19.927,29.891,24.909,24.909,24.909,14.946,4.9819,19.927,14.946,14.946,49.819,29.891,24.909,4.9819
45,1,49.613,4.9613,0,29.768,29.768,39.69,39.69,34.729,34.729,44.651,39.69,29.768,19.845,24.806,44.651,24.806,29.768,44.651,9.9226,39.69
NaN,NaN,26.533,0,26.533,26.533,19.9,19.9,19.9,19.9,6.6333,6.6333,0,19.9,26.533,19.9,39.8,26.533,19.9,26.533,19.9,19.9
225,1,19.927,14.946,44.837,34.873,44.837,24.909,44.837,59.782,24.909,9.9637,24.909,9.9637,24.909,9.9637,14.946,29.891,39.855,29.891,29.891,14.946
NaN,NaN,3.6055,0,7.211,18.027,25.238,25.238,18.027,14.422,21.633,14.422,25.238,21.633,10.816,18.027,21.633,21.633,36.055,28.844,32.449,18.027
157.5,1,39.855,54.8,69.746,74.728,74.728,64.764,59.782,59.782,64.764,64.764,49.819,39.855,49.819,44.837,34.873,49.819,49.819,44.837,44.837,54.8
NaN,NaN,33.167,6.6333,6.6333,6.6333,6.6333,13.267,19.9,33.167,6.6333,26.533,19.9,6.6333,0,0,0,26.533,19.9,33.167,13.267,26.533
337.5,1,4.9819,0,4.9819,0,14.946,0,4.9819,0,14.946,9.9637,39.855,19.927,24.909,4.9819,4.9819,0,0,4.9819,0,14.946
NaN,NaN,7.3209,32.944,29.284,25.623,29.284,21.963,21.963,10.981,29.284,18.302,18.302,21.963,18.302,18.302,21.963,32.944,25.623,32.944,32.944,14.642
0,1,4.9819,0,0,19.927,19.927,44.837,34.873,19.927,29.891,9.9637,24.909,9.9637,19.927,19.927,14.946,29.891,29.891,24.909,29.891,29.891
NaN,NaN,6.6333,19.9,19.9,26.533,19.9,19.9,26.533,46.433,26.533,26.533,13.267,19.9,19.9,19.9,26.533,6.6333,39.8,33.167,19.9,33.167
180,1,24.909,49.819,79.71,64.764,69.746,54.801,49.819,39.855,24.909,24.909,49.819,44.837,39.855,34.873,34.873,39.855,34.873,39.855,19.927,44.837
NaN,NaN,22.03,14.687,22.03,18.358,25.702,29.373,3.6716,18.358,18.358,22.03,7.3433,11.015,14.687,11.015,14.687,18.358,29.373,22.03,25.702,22.03
90,1,19.927,29.891,24.909,64.764,64.764,39.855,44.837,54.8,39.855,39.855,44.837,34.873,39.855,44.837,34.873,39.855,59.782,44.837,49.819,44.837
NaN,NaN,26.533,0,19.9,19.9,0,0,26.533,19.9,33.167,13.267,33.167,13.267,26.533,19.9,26.533,26.533,19.9,19.9,13.267,26.533
270,1,4.9819,0,0,0,0,0,4.9819,9.9637,24.909,14.946,4.9819,0,4.9819,0,0,0,34.873,9.9637,9.9637,19.927
NaN,NaN,11.015,14.687,29.373,25.702,25.702,18.358,25.702,22.03,33.045,18.358,11.015,29.373,29.373,22.03,25.702,25.702,14.687,18.358,11.015,14.687
135,1,44.837,39.855,14.946,54.8,49.819,44.837,44.837,64.764,54.8,49.819,39.855,39.855,34.873,64.764,54.8,54.8,44.837,44.837,39.855,39.855
NaN,NaN,26.533,0,0,13.267,13.267,33.167,19.9,19.9,19.9,26.533,19.9,39.8,13.267,33.167,19.9,13.267,26.533,19.9,19.9,0
315,1,0,0,0,0,0,0,0,14.946,24.909,0,0,14.946,4.9819,4.9819,0,4.9819,4.9819,14.946,24.909,14.946
NaN,NaN,10.849,18.082,7.2327,25.314,25.314,25.314,25.314,28.931,21.698,21.698,18.082,32.547,32.547,10.849,18.082,21.698,18.082,14.465,10.849,28.931
22.5,1,4.9819,4.9819,14.946,24.909,34.873,19.927,34.873,44.837,34.873,44.837,34.873,49.819,29.891,19.927,29.891,9.9637,34.873,34.873,9.9637,24.909
NaN,NaN,13.267,0,6.6333,6.6333,26.533,19.9,26.533,13.267,33.167,6.6333,13.267,26.533,19.9,13.267,26.533,26.533,13.267,26.533,19.9,19.9
202.5,1,19.927,44.837,64.764,64.764,49.819,29.891,44.837,39.855,54.8,24.909,34.873,44.837,9.9637,14.946,14.946,4.9819,29.891,4.9819,24.909,29.891
NaN,NaN,3.6716,25.702,22.03,22.03,22.03,22.03,25.702,18.358,14.687,25.702,14.687,22.03,18.358,11.015,22.03,22.03,22.03,22.03,29.373,18.358
67.5,1,9.9637,54.8,44.837,44.837,34.873,39.855,24.909,24.909,24.909,39.855,29.891,44.837,49.819,34.873,39.855,34.873,29.891,29.891,19.927,34.873
NaN,NaN,13.267,0,0,0,19.9,19.9,26.533,0,0,19.9,6.6333,19.9,26.533,13.267,26.533,13.267,19.9,13.267,0,19.9
247.5,1,14.946,9.9637,0,19.927,14.946,19.927,24.909,9.9637,0,0,0,0,4.9819,19.927,19.927,14.946,9.9637,9.9637,4.9819,4.9819
NaN,NaN,21.963,18.302,32.944,18.302,29.284,32.944,29.284,32.944,32.944,18.302,25.623,25.623,25.623,18.302,18.302,29.284,29.284,7.3209,29.284,21.963
112.5,1,34.873,54.8,59.782,74.728,64.764,49.819,44.837,24.909,34.873,39.855,19.927,19.927,39.855,24.909,49.819,54.8,49.819,54.8,54.8,29.891
NaN,NaN,19.9,0,19.9,19.9,19.9,13.267,19.9,19.9,6.6333,0,19.9,26.533,26.533,19.9,13.267,26.533,26.533,19.9,26.533,26.533
292.5,1,0,0,0,14.946,0,9.9637,4.9819,0,0,14.946,4.9819,9.9637,4.9819,14.946,29.891,19.927,4.9819,9.9637,0,4.9819
67.5,1,49.613,29.768,9.9225,9.9225,29.768,29.768,24.806,29.768,29.768,19.845,29.768,19.845,39.69,19.845,29.768,29.768,34.729,49.613,44.651,24.806
NaN,NaN,33.167,0,26.533,0,19.9,19.9,39.8,19.9,0,26.533,33.167,6.6333,26.533,13.267,19.9,0,19.9,13.267,6.6333,19.9
247.5,1,4.9819,0,0,0,0,0,0,0,4.9819,9.9637,4.9819,9.9637,0,4.9819,14.946,9.9637,4.9819,4.9819,29.891,19.927
NaN,NaN,3.6604,36.604,21.963,25.623,7.3209,25.623,14.642,25.623,14.642,14.642,10.981,7.3209,10.981,3.6604,32.944,10.981,18.302,21.963,25.623,14.642
0,1,9.9637,0,4.9819,14.946,0,14.946,19.927,0,14.946,4.9819,14.946,19.927,19.927,14.946,29.891,9.9637,0,14.946,4.9819,19.927
NaN,NaN,6.6333,19.9,19.9,46.433,13.267,19.9,13.267,19.9,26.533,13.267,6.6333,19.9,19.9,19.9,19.9,19.9,26.533,13.267,33.167,19.9
180,1,24.909,34.873,29.891,49.819,44.837,29.891,39.855,39.855,19.927,29.891,29.891,24.909,44.837,29.891,24.909,29.891,34.873,49.819,34.873,29.891
NaN,NaN,7.0834,10.625,24.792,17.708,17.708,10.625,10.625,24.792,42.5,24.792,24.792,14.167,28.333,10.625,14.167,10.625,17.708,10.625,17.708,28.333
45,1,24.909,14.946,0,34.873,39.855,4.9819,9.9637,14.946,24.909,34.873,19.927,19.927,29.891,14.946,29.891,19.927,14.946,9.9637,14.946,19.927
NaN,NaN,19.9,13.267,33.167,0,19.9,19.9,19.9,26.533,19.9,13.267,13.267,19.9,6.6333,26.533,26.533,19.9,13.267,13.267,19.9,13.267
225,1,14.946,14.946,19.927,19.927,34.873,14.946,14.946,29.891,0,14.946,0,9.9637,0,19.927,34.873,29.891,9.9637,14.946,19.927,4.9819
NaN,NaN,7.211,25.238,18.027,21.633,14.422,28.844,28.844,18.027,14.422,25.238,14.422,21.633,18.027,18.027,18.027,18.027,21.633,18.027,18.027,25.238
112.5,1,29.891,59.782,64.764,54.8,59.782,49.819,39.855,39.855,29.891,39.855,49.819,39.855,44.837,29.891,44.837,29.891,24.909,29.891,49.819,44.837
NaN,NaN,39.8,0,19.9,0,19.9,13.267,19.9,6.6333,19.9,0,13.267,19.9,19.9,13.267,13.267,33.167,26.533,19.9,19.9,13.267
292.5,1,0,0,0,0,0,0,0,0,4.9819,9.9637,4.9819,29.891,0,14.946,19.927,29.891,0,9.9637,9.9637,4.9819
NaN,NaN,7.0625,31.781,21.188,28.25,31.781,21.188,10.594,10.594,35.313,17.656,28.25,17.656,3.5313,14.125,21.188,17.656,14.125,21.188,21.188,17.656
135,1,39.855,44.837,49.819,64.764,64.764,29.891,39.855,49.819,44.837,54.8,24.909,34.873,29.891,34.873,34.873,29.891,34.873,24.909,39.855,39.855
NaN,NaN,19.9,0,19.9,6.6333,33.167,6.6333,6.6333,19.9,19.9,13.267,19.9,6.6333,6.6333,13.267,13.267,13.267,33.167,6.6333,13.267,13.267
315,1,4.9819,0,0,0,14.946,14.946,0,14.946,0,0,0,4.9819,19.927,9.9637,4.9819,4.9819,0,4.9819,9.9637,14.946
NaN,NaN,14.422,28.844,21.633,25.238,14.422,25.238,25.238,25.238,32.449,21.633,18.027,10.816,18.027,14.422,18.027,25.238,10.816,28.844,14.422,18.027
22.5,1,4.9819,14.946,19.927,4.9819,44.837,44.837,29.891,29.891,0,14.946,0,9.9637,19.927,34.873,29.891,24.909,19.927,19.927,9.9637,19.927
NaN,NaN,6.6333,0,0,13.267,33.167,19.9,26.533,26.533,13.267,26.533,26.533,26.533,19.9,19.9,6.6333,13.267,13.267,19.9,13.267,6.6333
202.5,1,19.927,34.873,39.855,59.782,44.837,29.891,24.909,24.909,29.891,34.873,24.909,19.927,29.891,34.873,0,0,0,24.909,19.927,24.909
NaN,NaN,0,25.623,10.981,25.623,18.302,29.284,18.302,25.623,14.642,18.302,7.3209,14.642,14.642,7.3209,18.302,21.963,18.302,10.981,18.302,10.981
157.5,1,49.819,49.819,59.782,59.782,44.837,54.8,44.837,44.837,44.837,34.873,39.855,29.891,24.909,44.837,34.873,19.927,39.855,29.891,29.891,29.891
NaN,NaN,33.167,0,19.9,19.9,13.267,26.533,6.6333,19.9,19.9,6.6333,26.533,33.167,6.6333,13.267,19.9,6.6333,26.533,6.6333,19.9,6.6333
337.5,1,0,0,0,0,4.9819,9.9637,14.946,14.946,24.909,14.946,34.873,4.9819,9.9637,4.9819,0,4.9819,4.9819,19.927,19.927,29.891
NaN,NaN,22.942,19.118,30.589,19.118,22.942,19.118,26.766,7.6473,11.471,19.118,19.118,26.766,26.766,11.471,19.118,22.942,11.471,26.766,11.471,19.118
90,1,24.909,19.927,49.818,34.873,44.837,39.855,49.818,29.891,24.909,24.909,19.927,44.837,34.873,24.909,39.855,24.909,34.873,39.855,19.927,29.891
NaN,NaN,19.9,19.9,13.267,6.6333,13.267,26.533,26.533,13.267,26.533,6.6333,6.6333,19.9,26.533,33.167,33.167,19.9,6.6333,6.6333,6.6333,19.9
270,1,9.9637,0,14.946,0,0,0,9.9637,14.946,0,0,14.946,4.9819,9.9637,9.9637,0,19.927,24.909,0,4.9819,4.9819
NaN,NaN,15.393,30.785,26.937,7.6963,0,15.393,23.089,26.937,23.089,26.937,19.241,19.241,19.241,23.089,15.393,26.937,19.241,15.393,7.6963,30.785
0,1,4.9819,0,0,9.9637,4.9819,14.946,14.946,19.927,29.891,14.946,24.909,19.927,4.9819,29.891,9.9637,14.946,14.946,34.873,24.909,0
NaN,NaN,26.533,0,6.6333,39.8,26.533,19.9,19.9,13.267,26.533,26.533,19.9,33.167,6.6333,13.267,26.533,19.9,26.533,13.267,13.267,19.9
180,1,29.891,64.764,54.8,69.746,59.782,64.764,44.837,49.819,54.8,29.891,19.927,39.855,24.909,59.782,29.891,39.855,24.909,19.927,34.873,19.927
NaN,NaN,3.5417,31.875,10.625,10.625,21.25,24.792,14.167,14.167,17.708,7.0834,10.625,21.25,17.708,17.708,21.25,17.708,7.0834,10.625,17.708,17.708
45,1,19.927,14.946,4.9819,29.891,24.909,29.891,39.855,24.909,29.891,29.891,14.946,19.927,29.891,39.855,24.909,24.909,9.9637,29.891,9.9637,14.946
NaN,NaN,13.267,19.9,26.533,26.533,13.267,13.267,39.8,26.533,13.267,13.267,19.9,26.533,19.9,0,19.9,26.533,13.267,6.6333,6.6333,19.9
225,1,0,34.873,24.909,24.909,39.855,29.891,9.9637,9.9637,4.9819,24.909,9.9637,24.909,4.9819,9.9637,19.927,19.927,24.909,4.9819,9.9637,0
NaN,NaN,7.211,14.422,25.238,25.238,18.027,18.027,21.633,21.633,21.633,21.633,14.422,10.816,10.816,21.633,14.422,14.422,21.633,21.633,10.816,18.027
135,1,34.873,49.819,59.782,59.782,54.8,44.837,49.819,49.819,54.8,44.837,39.855,24.909,39.855,39.855,44.837,39.855,34.873,44.837,39.855,49.819
NaN,NaN,6.6333,0,19.9,33.167,19.9,0,6.6333,19.9,19.9,19.9,13.267,19.9,19.9,0,0,19.9,6.6333,19.9,19.9,33.167
315,1,0,14.946,0,0,14.946,14.946,0,4.9819,0,19.927,9.9637,0,0,4.9819,9.9637,14.946,29.891,0,4.9819,19.927
NaN,NaN,10.816,25.238,25.238,21.633,21.633,32.449,18.027,21.633,14.422,14.422,18.027,25.238,10.816,14.422,18.027,21.633,21.633,18.027,32.449,25.238
157.5,1,44.837,59.782,64.764,69.746,49.819,54.8,34.873,54.8,39.855,54.8,34.873,39.855,44.837,39.855,39.855,29.891,44.837,24.909,29.891,29.891
NaN,NaN,26.533,13.267,13.267,0,39.8,33.167,26.533,13.267,19.9,13.267,13.267,33.167,19.9,6.6333,26.533,0,19.9,19.9,13.267,13.267
337.5,1,9.9637,0,4.9819,4.9819,0,19.927,4.9819,14.946,0,9.9637,14.946,14.946,4.9819,14.946,14.946,19.927,14.946,4.9819,4.9819,4.9819
NaN,NaN,0,33.045,33.045,29.373,22.03,14.687,22.03,18.358,25.702,14.687,18.358,14.687,22.03,22.03,29.373,22.03,11.015,29.373,7.3433,18.358
112.5,1,24.909,54.8,44.837,44.837,49.819,49.819,44.837,29.891,49.819,44.837,59.782,19.927,14.946,39.855,39.855,24.909,39.855,44.837,39.855,44.837
NaN,NaN,19.9,0,19.9,0,19.9,6.6333,13.267,33.167,19.9,0,33.167,26.533,19.9,13.267,26.533,19.9,6.6333,26.533,6.6333,6.6333
292.5,1,0,0,0,4.9819,9.9637,4.9819,4.9819,9.9637,9.9637,0,19.927,4.9819,0,29.891,0,0,0,4.9819,19.927,9.9637
NaN,NaN,18.302,25.623,25.623,18.302,18.302,21.963,21.963,18.302,18.302,18.302,18.302,25.623,14.642,18.302,14.642,32.944,21.963,14.642,21.963,36.604
67.5,1,14.946,29.891,44.837,39.855,34.873,29.891,29.891,19.927,34.873,34.873,29.891,24.909,39.855,39.855,39.855,49.819,19.927,19.927,29.891,24.909
NaN,NaN,19.9,0,39.8,13.267,19.9,46.433,13.267,19.9,26.533,13.267,19.9,13.267,6.6333,39.8,26.533,19.9,13.267,13.267,19.9,19.9
247.5,1,9.9637,0,0,4.9819,19.927,14.946,14.946,19.927,19.927,14.946,14.946,4.9819,4.9819,19.927,4.9819,19.927,14.946,29.891,9.9637,24.909
NaN,NaN,0,19.179,23.015,15.343,23.015,38.359,15.343,23.015,11.508,19.179,23.015,15.343,15.343,15.343,30.687,23.015,11.508,19.179,15.343,46.03
22.5,1,4.9819,4.9819,9.9637,29.891,14.946,4.9819,34.873,29.891,44.837,39.855,29.891,24.909,29.891,19.927,4.9819,9.9637,29.891,14.946,9.9637,19.927
NaN,NaN,26.533,13.267,39.8,26.533,6.6333,6.6333,33.167,19.9,19.9,26.533,46.433,19.9,13.267,13.267,6.6333,13.267,6.6333,19.9,33.167,26.533
202.5,1,14.946,34.873,44.837,44.837,39.855,29.891,44.837,29.891,24.909,24.909,44.837,19.927,24.909,19.927,4.9819,9.9637,29.891,24.909,19.927,0
NaN,NaN,0,15.295,19.118,19.118,19.118,19.118,22.942,22.942,11.471,15.295,15.295,11.471,0,19.118,26.766,19.118,26.766,26.766,38.237,30.589
90,1,19.927,44.837,49.819,39.855,39.855,49.819,44.837,39.855,39.855,34.873,39.855,29.891,34.873,39.855,29.891,14.946,39.855,29.891,19.927,19.927
NaN,NaN,13.267,0,19.9,0,39.8,13.267,19.9,26.533,19.9,13.267,26.533,6.6333,26.533,13.267,6.6333,19.9,19.9,13.267,13.267,19.9
270,1,4.9819,0,0,0,0,0,14.946,0,9.9637,14.946,19.927,9.9637,24.909,4.9819,19.927,9.9637,0,4.9819,4.9819,19.927
NaN,NaN,34.634,23.089,23.089,23.089,15.393,23.089,23.089,15.393,15.393,19.241,19.241,15.393,15.393,34.634,19.241,23.089,23.089,15.393,19.241,7.6963
135,1,64.496,54.574,69.458,74.419,54.574,49.613,29.768,39.69,34.729,59.535,34.729,54.574,34.729,39.69,44.651,44.651,34.729,24.806,29.768,44.651
NaN,NaN,26.533,0,0,19.9,19.9,0,19.9,19.9,19.9,13.267,13.267,19.9,6.6333,0,19.9,19.9,19.9,33.167,33.167,26.533
315,1,9.9637,0,14.946,0,0,0,9.9637,4.9819,0,14.946,14.946,14.946,9.9637,4.9819,0,0,4.9819,0,9.9637,14.946
NaN,NaN,17.35,6.94,34.7,24.29,24.29,17.35,17.35,17.35,27.76,17.35,20.82,24.29,24.29,17.35,10.41,24.29,20.82,27.76,13.88,24.29
45,1,9.9637,19.927,34.873,39.855,39.855,19.927,29.891,14.946,14.946,54.8,44.837,29.891,19.927,34.873,34.873,29.891,44.837,4.9819,29.891,34.873
NaN,NaN,26.533,19.9,19.9,19.9,13.267,19.9,19.9,19.9,13.267,0,26.533,13.267,39.8,19.9,26.533,19.9,19.9,19.9,19.9,19.9
225,1,9.9637,14.946,0,14.946,9.9637,14.946,19.927,34.873,29.891,4.9819,9.9637,4.9819,9.9637,9.9637,24.909,24.909,9.9637,14.946,24.909,19.927
NaN,NaN,3.7875,11.362,26.512,18.937,15.15,18.937,26.512,18.937,26.512,15.15,11.362,22.725,22.725,18.937,30.3,26.512,37.875,15.15,15.15,18.937
90,1,49.819,34.873,59.782,54.8,44.837,34.873,39.855,39.855,29.891,29.891,29.891,44.837,39.855,44.837,44.837,44.837,34.873,39.855,34.873,29.891
NaN,NaN,26.533,0,19.9,19.9,19.9,19.9,26.533,26.533,26.533,26.533,26.533,19.9,6.6333,13.267,19.9,19.9,39.8,19.9,26.533,19.9
270,1,14.946,0,4.9819,0,9.9637,0,0,0,0,4.9819,0,9.9637,19.927,24.909,19.927,0,0,9.9637,4.9819,14.946
NaN,NaN,14.687,29.373,29.373,22.03,22.03,22.03,22.03,22.03,7.3433,18.358,33.045,22.03,29.373,3.6716,14.687,14.687,18.358,33.045,29.373,7.3433
22.5,1,19.927,4.9819,19.927,29.891,14.946,9.9637,44.837,19.927,19.927,14.946,34.873,49.819,39.855,14.946,34.873,49.819,19.927,9.9637,14.946,24.909
NaN,NaN,26.533,13.267,19.9,26.533,6.6333,39.8,26.533,33.167,13.267,26.533,19.9,33.167,33.167,26.533,19.9,6.6333,26.533,13.267,13.267,13.267
202.5,1,24.909,29.891,39.855,49.819,44.837,49.819,24.909,4.9819,34.873,44.837,19.927,34.873,39.855,34.873,19.927,19.927,14.946,34.873,19.927,9.9637
NaN,NaN,29.373,22.03,14.687,22.03,18.358,18.358,22.03,18.358,33.045,11.015,18.358,18.358,11.015,18.358,33.045,11.015,14.687,7.3433,11.015,25.702
112.5,1,34.873,44.837,34.873,49.819,49.819,44.837,44.837,34.873,29.891,39.855,29.891,34.873,24.909,49.819,39.855,44.837,49.819,49.819,29.891,29.891
NaN,NaN,19.9,0,19.9,19.9,26.533,26.533,13.267,19.9,19.9,13.267,19.9,13.267,39.8,13.267,33.167,13.267,13.267,19.9,19.9,19.9
292.5,1,0,0,0,0,0,0,29.891,4.9819,0,4.9819,9.9637,4.9819,14.946,14.946,9.9637,0,49.819,9.9637,4.9819,4.9819
NaN,NaN,10.981,18.302,18.302,25.623,18.302,25.623,29.284,14.642,25.623,29.284,14.642,29.284,18.302,29.284,21.963,21.963,18.302,21.963,21.963,18.302
0,1,14.946,0,4.9819,0,9.9637,4.9819,24.909,19.927,24.909,44.837,14.946,34.873,9.9637,0,19.927,24.909,24.909,9.9637,14.946,24.909
NaN,NaN,0,0,26.533,26.533,26.533,39.8,26.533,19.9,6.6333,19.9,19.9,13.267,33.167,46.433,26.533,13.267,19.9,26.533,26.533,39.8
180,1,14.946,64.764,74.728,54.8,44.837,49.819,44.837,34.873,29.891,29.891,19.927,44.837,39.855,44.837,34.873,29.891,29.891,24.909,29.891,44.837
NaN,NaN,7.3658,11.049,22.097,25.78,14.732,22.097,14.732,18.415,18.415,14.732,25.78,14.732,22.097,11.049,33.146,33.146,18.415,18.415,18.415,18.415
67.5,1,29.891,44.837,29.891,34.873,39.855,14.946,44.837,34.873,34.873,29.891,34.873,34.873,49.819,39.855,19.927,34.873,39.855,34.873,34.873,39.855
NaN,NaN,13.267,0,26.533,13.267,26.533,13.267,6.6333,33.167,13.267,19.9,13.267,0,19.9,26.533,26.533,26.533,26.533,19.9,26.533,13.267
247.5,1,9.9637,0,0,0,0,4.9819,19.927,34.873,29.891,19.927,9.9637,4.9819,9.9637,0,24.909,14.946,19.927,9.9637,19.927,19.927
NaN,NaN,7.3209,29.284,10.981,25.623,21.963,29.284,21.963,32.944,7.3209,21.963,10.981,29.284,18.302,21.963,21.963,18.302,21.963,21.963,21.963,18.302
157.5,1,29.891,64.764,59.782,54.8,59.782,49.819,24.909,54.8,59.782,34.873,44.837,39.855,44.837,39.855,59.782,34.873,44.837,29.891,39.855,44.837
NaN,NaN,26.533,0,39.8,19.9,26.533,26.533,26.533,6.6333,13.267,19.9,19.9,19.9,19.9,26.533,13.267,13.267,26.533,6.6333,6.6333,19.9
337.5,1,4.9819,4.9819,9.9637,24.909,19.927,4.9819,0,0,4.9819,19.927,0,29.891,14.946,24.909,29.891,9.9637,0,4.9819,0,4.9819
NaN,NaN,0,38.359,26.851,23.015,23.015,30.687,19.179,15.344,15.344,15.344,23.015,23.015,15.344,26.851,11.508,11.508,26.851,19.179,30.687,19.179
