135,0.031,0.0424,0,0,0,0,0,74.166,0,123.79,99.084,74.288,0,0,24.753,0,0,0,0,0,0,0,24.722,24.722,0,0,0,24.783,49.566,0,74.295,74.258,0,0,0,49.566,49.566,24.783,0,0,0,0,49.505,24.753,0,0,49.444,74.197,123.81,24.722,0,0,148.42,0,0,0,0,99.132,74.258,0,0,0,74.295,0,74.166,49.444,49.566,49.566,0,0,74.166,74.295,74.349,74.288,49.505,0,0,49.566,24.722,74.166,0,0,0,24.722,0,0,98.888,24.783,24.783,74.295,49.444,24.722,148.61,0,0,0,0,0,0,74.166,99.06,74.258,0,0,74.349,24.783,0,0,0,0,0,0,222.77,24.722,0,0,0,0,0,0,74.295,0,24.753,99.01,0,0,0,98.949,49.566,0,74.258,0,0,0,0,74.166,74.295,0,0,0,49.53,123.82,74.349,0,0,0,0,0,0,173.18,24.783,0,0,0,0,99.06,0,0,0,0,0,24.753,123.85,0,24.753,0,0,0,0,0,49.444,98.919,98.949,0,0,24.753,49.505,74.258,74.295,0,0,0,0,0,0,74.258,173.24,49.444,0,24.753,49.505,0,0,24.783,74.349,0,0,0,0,98.888,0,148.63,0,0,0,0,24.765,0,0,0,24.753,24.753,24.765,0,0,0,0,0,0,0,0,24.783,0,0,0,0,0,0,0,0,0,0,0,0,0,24.722,0,0,0,0,0,0,0,0,0,0,0,0,0,0,0,0,0,24.722,0,0,0,24.722,0,0,0,0,0,0,24.753,0,24.753,49.536,0,0,0,0,0,0,0,0,0,0,0,0,0,0,0,0,0,0,0,0,0,0,0,0,0,0,0,0,0,0,0,0,24.753,0,0,0,24.783,0,49.548,0,0,0,0,0,0,0,0,0,0,0,0,0,0,0,0,0,0,0,0,24.753,0,0,0,0,0,0,0,0,0,0,0,0,0,0,0,24.783,24.783,0,24.753,24.753,0,0,0,0,0,0,0,0,0,0,0,0,0,0,0,0,0,0,0,0,0,0,0,0,0,24.722,24.722,0,0,0,0,0,0,0,0,0,0,0,0,0,24.783,24.722,24.753,0,0,0,24.722,0,0,0,0,0,0,24.783,49.548,24.722,0,0,0,0,24.722,24.765,0,148.5,74.227,0,24.753,74.166,0,0,24.722,0,0,49.475,0,49.536,0,0,0,0,0,24.753,0,0,24.722,0,24.753,24.722,0,24.753,24.753,24.722,0,24.722,24.753,0,0,24.783,24.783,0,24.753,0,24.722,24.753,24.722,0,0,0,0,24.753,0,24.765,24.722,0,74.209,24.765,0,0,0,24.722,0,0,0,24.783,0,24.783,0,24.722,0,24.783,0,24.753,0,0,0,0,0,0,0,0,24.783,0,0,24.765,24.722,24.753,0,0,0,0,24.722,49.505,0,24.722,24.765,24.722,0,24.783,0,24.753,0,49.475,0,0,24.783,0,0,0,0,0,0,0,0,24.783,0,0,0,24.722,0,49.566,0,0,0,0,24.753,0,0,0,24.753,0,0,0,24.722,24.765,0,24.722,0,24.783,24.783,24.783,0,0,74.288,0,0,24.765,24.753,24.722,0,0,49.536,0,0,24.722,0,0,49.475,24.753,24.783,0,0,24.753,24.765,24.722,0,24.753,24.783,0,0,0,0,24.753,24.783,0,0,0,0,49.518,0,24.765,0,0,0,24.722,0,0,0,0,24.722,49.487,0,0,24.722,0
135,0.031,0.0212,24.746,49.492,0,74.312,123.71,49.579,24.746,74.202,74.129,0,49.579,0,0,0,0,0,0,0,0,0,0,0,0,0,0,0,24.789,123.71,49.42,0,123.88,148.59,49.579,74.238,24.746,24.746,0,49.541,0,99.034,24.746,74.129,74.368,0,0,0,0,24.71,98.9,74.312,0,0,0,0,0,24.789,173.35,0,99.083,0,49.492,24.746,123.59,173.26,49.42,74.368,0,24.71,49.42,0,0,0,0,99.157,74.312,0,0,49.42,74.129,0,49.42,0,0,0,74.368,0,49.492,0,0,0,0,0,49.42,49.42,24.771,49.541,24.789,74.368,148.55,24.771,0,0,0,0,0,0,173.29,0,0,123.69,0,0,74.129,0,0,0,0,0,74.368,24.789,49.541,49.541,0,0,0,98.985,0,0,0,0,49.492,148.61,24.746,99.058,74.19,49.42,0,0,0,24.789,99.12,98.9,98.985,0,0,0,0,0,0,0,74.238,0,74.368,0,123.79,49.42,0,0,24.789,74.368,74.368,74.238,74.325,24.746,99.034,24.771,74.129,24.71,0,99.058,24.746,98.875,0,0,0,0,0,0,0,0,99.139,49.541,74.129,0,0,0,148.5,49.579,49.499,49.579,24.789,0,0,49.492,24.746,0,0,0,0,0,0,0,0,0,0,0,0,0,0,0,0,0,0,0,0,0,0,0,0,0,0,0,0,0,0,0,24.71,24.746,0,0,0,0,0,0,0,49.492,0,0,24.71,24.789,0,0,0,0,0,24.789,0,0,0,0,0,0,0,0,0,0,24.71,0,0,24.789,0,0,24.771,0,24.746,0,0,0,0,0,0,0,0,0,0,0,0,0,24.789,0,0,0,0,0,0,0,0,0,0,0,0,0,0,24.71,24.71,0,0,0,0,0,0,0,0,0,0,0,0,0,0,0,24.71,0,0,0,0,0,0,0,0,0,0,0,0,0,0,24.71,24.71,49.579,0,0,0,0,0,0,0,0,49.499,0,0,0,24.746,0,0,0,0,0,0,0,0,49.517,0,0,0,0,0,0,0,0,0,0,0,0,0,0,0,0,0,0,0,0,0,0,0,24.746,0,0,0,0,0,0,24.71,0,0,0,0,0,0,0,0,0,0,0,0,0,0,0,0,0,0,0,0,0,0,24.71,24.771,49.579,49.456,24.789,24.746,24.746,24.771,0,0,24.771,0,49.56,0,49.56,24.789,24.71,0,24.771,24.771,98.997,24.789,0,0,0,0,24.71,0,0,24.71,0,0,24.789,49.42,0,24.71,0,0,49.56,0,24.71,0,24.746,0,0,24.771,0,24.71,0,0,0,0,24.71,0,49.535,0,0,0,24.746,0,24.746,0,0,24.771,0,24.746,24.71,0,0,0,0,0,24.789,0,0,24.71,0,0,24.71,0,0,24.789,0,0,24.746,49.499,24.71,0,0,0,0,49.579,24.71,24.746,0,0,49.56,0,0,0,0,0,24.71,0,0,24.71,24.71,24.789,0,0,24.71,0,0,24.789,49.517,0,49.535,24.71,0,0,24.746,24.789,0,24.771,24.746,0,24.71,0,0,0,0,24.789,24.71,49.456,0,0,24.771,49.42,0,0,49.492,0,0,0,24.746,24.71,0,0,0,74.202,24.746,24.71,24.71,0,49.535,0,24.746,24.789,24.71,0,24.789,24.71,49.499,0,0,24.746,24.789,0,0,0,0,24.789,0,0,24.71,0,0,0,0,49.456,0,24.71,0,24.71,0,0,24.789,0,0,0,0,0,24.746,49.42,24.789,0,0
135,0.031,0.0106,24.74,0,0,0,0,0,99.083,197.92,49.517,0,0,0,0,0,0,0,123.79,99.071,0,0,0,0,0,0,0,0,0,49.554,24.777,0,0,74.221,74.312,0,24.552,98.397,49.481,0,0,0,74.331,24.777,98.961,0,73.656,74.312,24.771,0,0,0,0,0,0,0,24.74,0,99.035,148.57,24.552,49.104,0,0,0,49.481,0,0,0,0,99.108,74.312,73.656,0,24.74,49.481,0,0,0,0,0,49.548,123.87,0,0,0,0,98.961,0,24.552,123.43,0,0,74.312,0,0,49.481,0,49.104,24.771,49.542,0,0,49.554,24.777,0,74.221,0,0,0,0,24.771,49.542,0,0,197.64,49.104,49.481,0,0,148.64,24.777,0,74.221,49.481,73.656,0,0,49.542,49.542,49.104,24.552,74.331,0,0,74.221,147.88,0,0,0,49.542,24.771,74.331,0,0,74.221,24.74,0,0,123.21,74.106,0,0,0,0,0,74.221,49.542,24.771,74.331,123.87,49.554,24.74,24.74,0,0,0,74.221,0,0,73.656,49.481,74.312,24.771,0,0,24.777,49.554,49.481,24.74,0,0,0,0,74.312,0,0,73.656,49.542,99.108,24.552,0,74.312,0,0,0,24.771,0,49.481,99.071,98.208,0,0,0,0,0,0,0,24.777,24.777,0,24.777,0,0,0,0,0,0,24.771,0,0,0,0,0,24.771,0,0,0,0,0,0,0,0,0,0,0,0,0,0,0,0,0,0,0,0,0,0,0,0,0,0,0,0,0,0,0,0,0,24.777,24.777,24.771,0,0,0,0,0,0,0,0,0,0,0,0,0,0,0,0,0,0,0,0,0,0,0,0,0,0,24.74,0,0,0,0,0,0,24.771,0,24.552,0,0,0,0,0,0,0,0,0,0,0,0,0,0,0,0,24.777,24.771,0,0,24.552,0,24.74,0,0,0,0,24.777,24.771,24.777,0,0,24.552,0,0,0,0,0,0,24.74,0,0,0,0,0,0,0,0,49.548,0,0,24.771,0,0,0,24.552,0,0,0,0,0,0,24.771,0,24.771,24.771,0,0,0,0,0,0,0,0,0,24.777,0,0,0,0,0,0,0,0,0,0,24.552,0,0,0,0,0,0,0,0,24.777,0,0,0,24.771,0,0,24.552,24.771,24.552,74.251,0,24.74,0,0,0,49.292,24.771,148.43,49.481,24.74,49.548,0,24.771,0,0,49.517,49.517,24.771,0,0,24.552,0,0,0,0,24.74,0,0,99.059,24.74,0,0,49.517,0,24.552,0,49.481,49.511,0,24.771,24.771,0,24.777,0,0,24.771,0,0,24.777,0,49.517,24.777,0,24.771,0,0,24.74,0,0,0,0,0,0,24.74,24.771,0,24.552,0,24.777,0,24.74,0,0,0,0,24.771,0,49.292,0,49.548,49.548,24.552,24.552,0,0,24.777,24.771,0,0,24.771,0,0,24.777,24.74,0,0,0,24.552,24.771,0,24.777,24.771,0,49.329,0,49.511,0,24.74,0,0,24.777,0,24.771,0,24.777,0,49.517,24.552,0,24.771,0,0,24.771,0,24.777,24.552,0,24.771,49.542,0,49.511,24.74,24.552,0,0,24.771,0,0,49.481,24.552,24.777,0,24.777,49.517,49.548,0,0,0,0,0,0,0,0,0,24.552,0,0,0,0,24.777,24.552,0,24.552,0,0,0,0,49.554,0,24.777,24.771,0,0,24.777,0,74.288,24.771,49.481,24.777,0,0,0,0,24.771,49.329,0,0,0,24.771,0,49.548,24.552,0,0,24.74,0,0,0,24.552
135,0.031,0.0053,0,99.256,0,0,0,0,0,198.76,24.826,0,0,0,0,74.572,0,0,0,0,0,0,0,24.863,74.589,0,0,49.628,99.293,0,0,0,0,0,74.442,0,49.726,49.726,0,0,0,0,0,0,49.653,24.826,0,49.653,148.99,49.677,0,0,0,0,0,0,0,173.73,74.479,0,24.857,49.714,0,74.589,24.863,24.814,49.628,0,0,0,0,99.256,74.479,0,0,24.814,124.2,0,0,0,0,0,0,0,99.305,0,0,0,0,74.442,74.572,0,0,99.305,0,0,0,0,0,24.826,99.367,0,74.442,99.452,0,24.814,99.342,24.857,0,0,0,74.442,74.589,24.863,49.714,99.404,49.653,0,0,0,74.589,24.857,99.256,0,0,0,49.653,0,49.714,49.714,24.814,74.442,74.589,0,0,0,0,0,0,148.92,74.572,24.857,0,0,0,0,49.628,0,0,0,74.479,124.22,24.863,74.589,74.479,0,0,49.653,0,0,0,0,49.714,99.299,74.528,24.857,0,74.589,24.863,0,0,49.714,0,24.857,99.299,0,0,74.479,0,0,0,0,0,74.589,99.429,0,0,74.442,0,0,49.726,0,0,0,74.589,0,99.305,49.689,74.589,49.726,0,0,0,0,0,0,0,0,0,24.814,0,0,0,49.653,0,0,0,0,0,0,0,24.826,0,0,0,0,0,0,0,0,49.684,0,0,0,0,0,0,0,0,0,0,0,0,0,0,0,0,24.826,24.826,0,0,0,0,24.826,0,24.863,0,0,0,0,0,0,0,0,49.677,0,0,0,0,0,0,24.814,24.826,0,24.814,0,24.863,0,0,24.863,0,24.863,24.814,0,0,0,0,0,0,0,0,0,0,0,0,0,0,0,0,0,0,0,24.826,0,0,0,0,0,0,0,0,24.826,0,0,0,24.814,24.863,0,0,0,0,0,0,0,24.814,0,24.826,24.863,0,0,0,0,0,0,0,0,0,0,0,0,24.814,0,24.857,0,0,0,0,0,0,0,0,0,0,0,0,0,0,0,24.826,0,0,0,0,0,0,0,0,49.653,24.863,0,0,0,24.857,49.684,0,24.826,0,0,0,0,0,0,0,24.863,0,24.863,0,0,24.814,0,0,0,0,0,0,0,0,0,0,0,0,0,24.814,0,0,0,49.684,24.857,0,24.826,49.689,49.677,173.91,124.27,99.293,24.857,0,0,0,0,24.863,24.863,0,0,0,0,0,0,24.863,74.498,24.826,49.684,0,0,0,0,0,0,0,0,0,0,24.863,24.826,0,24.814,24.863,24.857,0,0,24.814,49.726,49.628,0,0,24.814,0,0,0,24.857,0,0,0,24.857,0,0,0,24.857,0,0,24.863,0,0,49.64,49.72,24.857,0,24.857,24.857,0,0,0,0,0,0,49.671,24.857,49.689,49.684,0,24.857,0,49.72,0,0,24.857,24.857,24.863,0,24.814,49.714,24.826,0,0,24.863,0,0,24.857,0,0,0,0,24.857,0,24.826,24.814,0,0,0,0,24.826,49.714,0,24.826,24.826,24.826,0,24.857,0,0,24.863,0,0,0,0,0,0,24.857,0,0,0,24.857,0,0,0,0,49.677,0,24.826,24.857,0,0,0,0,0,0,0,0,24.826,0,0,0,0,49.653,24.814,49.684,0,0,0,0,0,0,0,0,24.857,0,0,0,0,0,24.863,0,24.826,24.826,24.863,24.826,0,0,24.826,0,0,0,0,24.857,24.857,24.826,49.677,0,0,49.64,24.814,24.814
135,0.031,0.00267,66.121,33.06,0,0,0,33.093,0,66.121,99.231,99.28,99.231,0,0,0,0,0,33.06,0,0,0,66.187,66.187,33.093,0,0,0,0,132.34,132.27,0,99.231,0,0,0,0,0,0,33.06,0,0,99.181,33.093,66.187,33.077,0,99.231,0,0,0,0,0,33.06,66.121,0,0,0,132.37,99.231,0,0,0,33.077,66.154,0,0,33.06,0,99.181,0,99.28,0,0,132.37,0,33.06,132.27,33.077,0,0,0,0,66.154,33.077,99.28,0,0,99.181,0,0,0,0,0,0,0,0,0,66.121,132.34,66.154,0,0,33.06,33.06,66.121,0,0,0,0,0,0,0,0,0,132.37,33.077,33.077,0,0,66.121,33.06,0,0,0,99.28,0,0,0,0,0,0,0,0,0,0,99.181,0,132.36,66.154,0,0,99.181,0,0,0,0,0,99.28,132.34,99.248,99.181,0,0,0,0,0,0,0,0,0,0,99.231,198.46,33.093,0,0,0,0,0,0,0,33.06,165.35,0,0,0,0,132.31,33.093,66.187,0,0,0,0,0,0,0,0,99.181,0,0,0,0,99.28,0,99.231,0,0,0,0,66.121,0,0,33.06,0,0,33.06,0,0,0,0,33.093,0,33.093,0,0,0,0,0,0,0,0,0,0,0,0,0,0,0,0,0,0,0,0,0,0,0,0,0,0,0,0,0,0,0,0,0,0,0,0,0,0,0,0,0,0,0,0,0,0,0,0,0,0,0,0,0,0,0,33.06,0,0,0,33.093,0,0,0,0,33.077,0,0,0,0,33.093,0,0,0,0,0,0,0,0,0,0,0,0,0,0,0,0,0,0,0,0,0,0,0,0,0,33.093,0,0,33.093,0,0,0,0,0,0,0,0,33.093,0,0,0,0,0,0,0,0,0,0,0,0,0,0,0,0,0,0,0,0,0,33.093,33.093,0,0,0,0,0,0,0,0,0,0,0,33.093,0,0,0,0,0,0,0,0,0,33.093,0,0,33.093,0,0,0,0,0,0,0,0,0,0,0,0,0,0,0,0,0,0,0,33.06,0,0,0,0,0,0,0,0,0,0,0,0,0,0,33.093,0,0,33.06,33.06,0,33.06,0,0,0,0,0,0,33.06,0,0,0,0,33.06,0,0,33.06,0,0,66.137,0,0,0,0,0,0,33.093,33.093,0,66.121,0,33.06,33.06,33.06,0,0,33.06,0,0,33.06,0,33.06,0,0,0,0,0,0,0,0,0,0,0,0,0,0,33.077,33.06,66.187,0,0,0,0,0,0,33.06,0,0,33.06,0,0,0,0,33.093,33.06,0,0,0,33.06,0,0,0,0,33.093,0,0,0,0,33.093,33.093,33.093,33.077,0,33.06,66.137,33.077,0,33.077,0,0,99.198,33.093,0,66.137,33.06,33.077,66.171,0,33.093,33.093,0,132.27,0,0,33.093,66.154,0,33.06,33.06,33.06,0,0,0,0,33.093,33.06,0,33.077,0,66.137,0,0,0,0,0,0,0,33.06,0,0,33.077,0,66.137,0,0,0,0,0,0,0,0,0,0,0,0,0,0,0,33.06,66.121,0,0,0,0,33.093,33.06,66.137,0,0,33.06,0,0,33.093,0,0,33.06,0,0,33.077,0,33.06,0,33.093,0,0,0,0,0,0,0,0,0
135,0.031,0.001336,0,74.553,0,0,74.423,0,0,24.876,49.702,74.497,0,0,0,0,74.627,0,0,0,0,0,24.808,24.808,49.616,99.33,0,0,0,0,0,0,0,173.83,0,74.423,24.876,74.627,0,99.33,0,0,0,49.702,0,24.808,99.305,99.256,74.627,0,0,0,49.751,74.578,0,24.851,49.702,0,24.832,49.665,0,0,74.423,49.702,49.702,49.702,0,0,24.832,49.665,149.05,0,0,0,0,0,0,223.65,24.808,74.497,0,0,74.553,0,0,0,99.404,24.808,74.448,49.665,0,0,0,0,0,0,24.851,99.453,74.553,24.851,74.627,74.497,49.616,24.808,74.553,0,0,0,0,0,0,74.553,0,124.11,124.27,0,0,0,0,0,0,0,74.423,24.808,74.553,24.851,0,0,173.96,0,0,0,0,0,0,0,74.423,74.627,0,0,0,0,0,24.851,49.702,0,0,49.751,24.876,0,0,148.95,0,0,0,0,0,74.553,24.851,49.616,24.876,24.876,74.553,0,49.665,24.832,74.627,0,0,0,99.231,49.702,24.851,0,49.751,99.373,24.832,0,0,0,0,0,0,198.77,24.876,49.665,24.832,0,0,0,74.423,0,0,0,0,0,148.98,0,0,0,74.497,74.627,0,0,0,0,0,0,0,0,0,24.876,0,0,0,24.876,0,0,0,0,0,0,0,0,0,0,24.808,0,0,24.832,0,0,0,0,0,0,0,0,0,0,0,0,0,0,0,0,0,0,0,0,0,24.808,0,0,0,24.832,0,0,0,0,0,0,0,0,0,0,0,0,0,0,0,0,0,0,0,0,24.876,0,0,0,0,0,24.851,0,0,0,0,0,0,0,0,0,0,0,0,0,0,0,0,0,0,0,0,0,0,0,0,0,0,0,0,0,0,0,0,0,0,0,0,0,0,0,0,0,0,0,24.832,0,0,24.876,24.832,0,0,0,0,0,24.851,0,0,0,0,0,0,0,0,0,0,0,0,0,0,0,0,0,0,0,0,0,0,0,0,0,0,0,0,0,0,0,24.876,0,24.876,0,0,0,0,0,0,0,0,0,0,0,0,0,0,0,0,0,0,0,0,0,0,0,0,0,0,0,0,0,0,0,24.851,0,24.808,24.832,0,24.851,24.851,24.851,0,24.851,24.851,0,24.851,0,24.832,24.832,0,0,74.516,49.659,0,0,49.659,0,49.683,0,74.602,0,24.851,0,24.808,24.808,0,0,24.808,0,24.808,24.808,99.342,0,49.64,0,24.851,24.851,24.808,0,24.851,24.832,0,49.702,24.808,24.832,0,0,0,0,0,0,0,0,24.808,0,24.876,49.665,24.832,0,0,0,0,24.876,0,0,0,0,0,0,24.808,24.808,24.876,0,24.832,0,49.727,0,0,0,0,49.727,24.876,0,24.808,49.708,24.808,49.683,0,49.684,0,0,24.832,0,0,0,49.684,0,0,0,0,24.832,0,24.832,0,0,24.876,0,0,0,49.683,0,0,0,24.851,24.832,0,0,0,0,0,0,24.851,24.851,0,0,0,24.832,0,0,24.876,0,0,0,0,0,49.683,0,0,24.851,0,24.832,0,24.808,0,0,0,24.808,0,0,24.832,0,24.876,0,0,49.665,0,0,0,24.832,0,24.851,0,0,0,0,0,0,0,0,0,0,0,24.808,49.665,49.616,0,0,24.851,24.832,0,0,24.851,0,74.559,49.64,24.832,0,0,24.851,0,0,0,0
135,0.031,0.000668,49.702,0,0,0,74.442,0,0,0,0,0,0,0,0,0,0,0,0,0,0,49.702,0,0,24.869,49.739,0,74.553,0,24.869,149.05,24.876,74.627,0,0,0,0,0,49.751,124.36,74.553,0,24.876,0,0,0,0,173.88,24.876,0,0,0,74.553,0,0,99.441,124.2,74.608,0,0,0,0,0,0,74.553,0,99.256,74.553,0,74.627,0,0,74.553,74.608,0,49.751,24.876,0,0,49.628,49.628,0,0,99.478,0,49.702,0,149.07,0,49.739,24.869,0,24.851,24.851,0,0,74.627,74.442,49.628,0,99.404,24.851,0,0,0,0,74.627,24.876,0,24.876,124.3,74.608,49.628,24.814,0,74.553,0,99.404,0,149.01,24.876,0,0,0,0,24.869,74.608,0,0,49.745,124.37,0,0,0,24.814,24.814,0,0,0,74.553,0,24.814,49.628,49.751,24.876,0,0,0,74.627,124.31,74.479,24.814,0,0,99.404,24.851,0,0,0,74.627,0,0,124.29,24.814,0,0,49.702,124.33,0,0,74.608,124.07,0,0,0,0,0,74.553,0,0,0,0,74.608,0,0,0,0,74.627,74.442,74.553,0,0,49.702,0,0,0,124.33,49.739,74.497,0,24.851,74.442,0,0,0,0,0,0,0,0,0,0,0,0,0,0,0,0,0,0,0,0,0,0,0,0,0,0,0,0,0,0,0,0,0,0,0,0,0,0,24.869,0,0,0,0,0,0,0,0,0,0,0,0,0,0,24.851,0,24.876,0,0,24.851,0,0,0,24.851,0,0,0,0,24.814,0,0,0,0,0,0,0,0,0,0,0,0,0,24.869,0,0,0,0,0,0,0,0,0,0,0,0,0,0,0,0,0,0,0,0,0,0,0,0,0,0,24.876,0,0,0,0,0,0,0,0,49.683,0,24.851,0,0,0,24.869,0,0,24.876,0,0,0,0,0,0,0,24.814,0,0,0,0,0,0,0,0,0,0,0,0,0,0,0,0,24.869,0,0,0,0,0,0,0,0,0,0,0,0,0,0,24.876,0,0,0,0,0,0,0,0,0,0,0,0,0,24.814,0,0,0,0,0,0,0,0,0,24.869,0,0,0,24.869,0,24.814,0,0,0,49.702,0,0,0,24.851,24.876,24.814,0,24.876,0,0,0,0,0,0,24.876,0,0,0,0,24.869,24.876,0,0,0,0,0,24.851,0,24.869,0,24.876,0,24.876,24.814,0,0,24.869,0,0,0,0,24.876,0,0,24.869,24.876,24.869,24.851,0,0,0,0,24.814,0,0,0,24.869,0,24.869,24.876,0,24.814,0,0,49.683,0,0,0,0,0,24.869,0,0,49.751,0,0,0,0,24.869,24.851,0,0,0,0,24.814,49.745,0,24.869,0,24.851,0,24.869,0,0,0,0,24.869,24.869,0,0,24.869,0,0,24.869,0,0,0,24.851,0,0,24.869,49.739,24.869,0,0,0,24.869,24.869,0,0,24.814,24.876,0,0,0,0,24.869,24.814,24.876,0,0,0,0,24.869,74.516,24.814,24.814,24.851,0,24.876,0,0,0,0,0,0,0,0,0,0,0,0,24.851,0,24.851,24.876,24.869,49.665,24.869,24.814,0,0,0,0,0,0,0,0,0,24.869,0,0,49.72,0,0,0,24.851,24.851,24.876,0,0,49.665,74.534,0,0,0,0,0,0,0,0,0,24.851,24.851,49.702,0,0,49.702,0
135,0.125,0.0424,0,0,74.257,0,0,0,198.14,49.48,0,24.74,0,0,49.578,0,0,0,0,0,0,0,0,0,0,0,0,0,0,0,0,0,24.795,74.386,0,24.789,24.789,49.578,0,0,0,49.505,49.505,74.331,99.01,24.74,0,0,74.386,24.752,49.505,0,0,49.48,49.48,74.368,24.789,123.85,74.368,0,24.74,0,24.74,123.73,0,74.386,0,0,0,74.386,24.795,0,74.368,24.789,24.74,123.87,123.79,24.74,0,0,0,0,0,0,74.257,0,0,173.33,0,0,24.795,49.591,0,0,49.505,173.51,0,0,0,0,148.59,0,0,0,0,0,0,0,74.257,0,0,0,0,0,74.386,0,0,49.578,49.578,0,0,0,0,24.74,49.48,0,99.009,0,0,0,173.55,74.257,0,0,0,74.22,24.74,0,0,0,0,0,74.386,0,148.64,222.88,49.591,0,0,0,0,0,0,0,24.752,49.505,74.368,0,0,99.157,0,24.795,99.016,0,0,24.752,49.505,0,0,0,0,0,0,99.157,24.795,49.591,0,49.505,24.752,0,74.22,24.74,123.76,0,49.591,99.095,0,0,49.578,24.789,0,0,0,0,99.127,0,49.48,49.48,74.257,0,74.368,0,0,0,0,0,0,0,0,0,0,24.74,0,0,0,0,0,0,0,0,0,0,0,0,0,0,0,0,0,0,0,0,0,0,0,0,0,0,0,0,0,0,0,0,0,0,0,0,0,0,0,0,24.74,0,0,0,49.529,24.795,24.752,24.789,0,24.74,0,0,0,24.795,0,24.74,0,0,0,0,0,0,24.752,0,0,0,0,0,0,24.74,0,0,0,0,24.74,0,0,0,0,0,0,0,0,0,24.789,0,0,0,0,0,0,0,0,0,0,0,0,24.752,0,0,0,0,0,0,0,0,0,0,0,0,0,24.795,0,0,0,0,0,0,0,0,0,0,0,0,0,0,0,0,0,0,0,0,0,0,0,0,0,0,0,0,24.74,0,0,0,0,0,0,0,0,0,24.795,0,0,0,0,24.789,0,0,0,0,24.752,0,0,0,0,0,0,0,0,24.752,0,0,0,0,0,0,0,0,0,0,0,0,0,0,0,0,0,0,0,0,0,0,0,0,0,24.789,0,49.492,74.276,24.74,24.74,0,0,0,0,0,0,0,0,0,0,0,0,24.795,0,24.789,0,0,0,0,0,0,0,24.74,24.74,49.585,0,0,0,24.752,24.74,0,24.752,0,0,0,0,0,24.752,0,0,24.795,0,24.795,0,49.536,0,0,0,0,24.752,0,24.789,24.74,0,0,24.795,0,0,0,0,0,0,0,24.795,0,0,0,0,0,0,0,0,24.795,24.795,0,0,24.74,0,49.578,24.795,0,0,0,0,24.789,49.541,24.795,0,0,0,0,0,0,0,24.795,49.578,24.752,0,0,24.74,0,0,0,0,0,0,0,98.985,24.752,24.74,0,0,0,0,0,24.74,24.74,0,0,24.752,0,0,0,0,0,49.492,0,0,0,24.795,49.591,0,49.536,24.74,24.789,0,0,0,0,24.789,24.789,49.585,0,0,0,24.789,0,49.529,0,49.505,24.795,0,0,0,0,0,24.795,24.789,0,24.795,0,24.789,24.795,0,0,0,24.789,24.789,0,0,0,24.795,24.795,24.752,24.795,0,0,0,0,74.337,0,24.789,99.071,0,0,0,24.752,24.789,0
135,0.125,0.0212,0,0,0,173.19,0,0,49.419,148.48,74.306,0,24.765,0,0,0,0,0,0,24.71,74.295,0,0,0,0,0,0,0,0,0,0,0,98.918,74.343,74.288,74.276,0,0,74.129,0,0,74.295,0,0,0,98.998,24.71,0,0,74.295,0,0,24.759,74.306,98.998,49.419,0,0,24.765,49.53,0,0,74.368,99.065,0,74.129,0,0,0,0,99.06,0,49.517,24.759,74.276,74.368,0,74.129,0,0,49.53,0,0,0,0,0,0,123.69,49.419,74.368,0,0,0,0,173.19,0,0,0,0,24.789,49.579,0,0,0,0,74.239,98.893,74.368,74.276,0,0,0,0,0,24.759,123.81,0,0,0,74.129,49.517,74.276,0,49.579,24.789,0,0,0,0,0,222.75,49.419,0,0,74.368,0,0,74.368,74.129,0,0,99.053,74.276,0,24.789,173.11,0,0,0,74.295,24.789,74.368,0,0,24.759,24.759,0,98.838,49.579,49.579,74.276,0,0,0,0,0,0,0,74.276,24.71,49.419,49.53,24.765,0,49.53,74.368,0,0,0,0,0,0,0,74.129,0,0,74.295,0,0,0,0,0,0,0,0,24.765,74.295,74.129,0,0,0,0,24.759,0,0,0,0,0,0,24.789,0,24.789,0,0,0,24.759,0,0,0,0,0,0,0,0,0,0,0,0,0,0,0,0,0,0,0,0,0,0,0,0,0,0,49.499,24.759,0,0,0,0,0,0,0,0,0,0,0,0,0,0,0,0,0,0,0,24.789,0,0,0,0,0,0,0,0,0,0,0,0,0,24.759,0,0,49.523,0,0,0,0,0,24.71,0,0,0,0,24.789,0,0,0,24.765,0,0,0,24.765,0,0,0,0,0,0,0,0,0,0,0,0,0,0,0,0,0,0,0,0,0,0,0,0,0,0,0,0,0,0,0,0,0,0,0,0,0,0,0,0,0,24.759,0,0,0,0,0,0,0,0,0,0,0,0,0,0,0,0,0,0,0,24.71,0,0,0,0,0,0,0,0,0,0,0,0,0,0,0,0,0,0,0,0,0,0,0,0,0,0,0,0,0,0,0,0,0,0,0,0,0,0,0,0,0,0,0,0,0,24.759,0,49.554,0,74.288,24.759,74.129,0,24.71,0,0,0,0,24.71,24.765,0,0,0,0,0,24.789,0,24.789,24.71,0,0,0,49.499,0,0,24.765,24.789,49.474,0,0,0,24.759,24.765,24.789,0,24.71,24.789,24.765,49.548,0,0,24.759,24.765,0,0,24.765,0,24.71,0,0,0,0,0,0,0,24.71,24.71,0,24.759,0,49.499,24.765,24.789,0,0,0,0,0,49.474,0,0,0,0,0,0,0,24.759,24.765,0,0,0,0,0,0,0,0,0,0,24.71,0,0,0,0,74.337,0,24.765,24.71,49.548,0,24.71,0,49.468,0,0,49.53,0,0,24.765,0,24.71,24.759,24.759,0,0,0,49.523,24.759,0,0,24.789,0,24.759,24.759,0,24.759,0,24.759,0,24.71,0,24.765,0,49.474,0,0,0,0,0,0,0,0,24.789,49.523,24.71,0,24.759,24.71,49.548,24.789,24.765,0,0,24.765,24.759,0,0,24.789,49.548,24.71,0,24.71,0,0,49.554,0,0,0,0,0,24.759,0,0,24.789,24.759,24.71,0,0,0,0,24.759,0,0,0,24.759,0,0,49.523,0,24.759,0
135,0.125,0.0106,0,0,0,0,74.251,123.65,148.4,0,0,0,0,0,0,0,0,0,74.184,0,49.456,0,0,0,0,0,74.202,0,0,0,0,0,74.184,0,0,49.517,74.196,98.917,0,0,0,0,148.43,49.517,0,74.183,123.66,0,0,98.912,24.728,0,74.202,0,0,0,49.455,98.923,24.734,49.456,0,0,74.184,0,0,0,49.456,0,74.275,74.183,0,74.202,74.183,0,0,0,0,0,0,0,0,0,0,148.39,74.183,49.456,24.728,99.003,98.924,49.455,0,0,0,74.202,0,0,74.183,0,74.202,0,173.1,24.758,123.73,0,0,0,0,0,0,0,74.183,74.184,49.517,49.517,0,0,74.183,98.936,0,0,0,49.517,0,0,0,24.758,74.245,148.39,74.251,0,74.183,24.728,0,49.468,24.734,74.183,0,0,74.202,0,0,0,74.184,0,98.943,49.517,0,0,0,24.758,0,98.936,49.517,98.911,74.184,0,74.275,0,0,0,0,0,0,74.202,24.734,0,0,74.183,24.728,0,24.728,0,0,148.46,0,0,0,0,24.728,148.37,0,0,0,74.275,123.65,49.462,123.64,24.728,0,0,0,0,24.758,173.21,0,0,0,24.728,24.728,98.912,0,49.468,0,0,0,24.728,24.728,24.728,0,0,0,0,0,0,0,0,0,0,24.734,0,0,0,0,0,24.728,0,0,0,0,0,0,24.728,0,0,0,0,0,0,0,0,0,0,0,24.728,24.728,0,0,0,0,0,0,0,0,0,0,0,0,0,24.734,0,0,0,0,0,0,0,49.462,0,0,24.728,24.734,0,0,0,0,0,0,0,0,0,0,0,0,0,0,0,0,0,0,0,0,0,0,24.728,0,0,0,0,0,0,0,0,0,0,0,0,0,0,0,0,0,0,0,0,0,0,0,0,24.728,0,0,0,0,0,0,0,0,0,24.728,0,0,0,0,0,0,0,0,0,0,0,0,0,0,0,0,0,0,0,0,0,0,0,0,0,0,0,0,24.758,0,0,0,0,0,0,0,24.728,0,0,0,0,0,0,0,0,0,0,0,0,0,0,0,0,0,0,0,0,0,0,0,0,0,0,0,24.728,0,0,0,0,0,0,0,0,0,0,49.462,0,24.758,0,0,0,0,0,0,0,0,24.728,24.734,0,0,0,0,49.456,0,49.492,0,24.728,24.758,0,24.728,0,49.486,0,24.758,0,49.456,0,24.728,0,0,0,24.758,24.734,24.758,24.758,0,24.728,24.728,24.758,0,0,24.728,49.487,0,0,49.486,0,0,49.462,0,24.734,0,24.758,0,0,0,24.734,49.462,49.492,0,0,0,24.728,0,49.462,0,49.517,24.728,24.734,24.734,24.728,0,74.196,98.923,0,24.728,24.728,24.758,0,74.196,49.462,0,49.456,0,0,24.734,0,0,49.462,0,24.734,0,0,0,24.728,0,74.22,0,24.728,24.728,24.734,49.455,49.456,24.728,24.728,24.734,24.734,0,49.492,24.758,24.734,0,0,49.486,24.728,24.734,0,0,49.487,49.492,49.487,0,0,49.462,0,24.758,0,24.728,0,49.486,49.462,0,24.758,0,0,0,0,24.758,0,24.734,0,49.492,74.189,24.758,0,0,0,24.728,0,0,24.728,0,0,0,24.728,24.758,49.462,24.728,24.728,0,24.728,24.728,0,0,74.19,24.728,24.728,0,0,0,0,24.758,24.734,24.758,24.728,24.728,0,0,0,74.189,0,24.728,0,49.462,49.462,0,0,0,0,0,24.758,24.734,49.462
135,0.125,0.0053,24.826,74.535,99.528,0,0,0,24.882,49.764,0,0,0,49.69,0,0,0,0,99.304,0,0,49.69,74.646,99.453,74.535,0,49.69,0,0,0,0,74.478,0,0,74.478,0,0,49.69,49.714,0,0,0,74.535,49.764,99.453,0,74.478,0,0,0,74.535,0,99.528,49.764,0,0,0,223.59,0,0,74.478,0,24.826,0,0,74.535,0,0,49.764,49.764,49.764,124.28,74.478,124.24,24.882,0,49.69,24.845,0,0,0,0,0,124.3,24.845,0,24.857,49.714,0,0,0,0,24.882,49.764,124.15,49.69,49.652,0,0,0,0,99.392,49.714,0,0,0,0,0,0,0,24.882,74.646,173.95,0,0,74.478,0,49.764,0,0,0,49.714,173.87,0,0,0,149.12,49.69,49.764,0,0,74.621,49.714,0,124.3,0,0,49.69,74.571,0,0,0,0,74.478,49.714,24.857,0,0,74.535,0,0,74.646,24.882,24.826,49.652,99.304,0,0,0,99.379,0,74.646,49.739,49.714,74.478,0,0,49.69,74.559,0,0,74.478,0,99.392,24.857,49.764,0,49.652,49.652,0,0,124.41,0,0,49.69,49.727,99.417,74.478,0,0,74.646,0,74.535,74.571,74.571,0,0,0,0,0,49.714,0,0,0,0,0,0,0,0,0,0,24.826,0,0,0,0,24.826,0,0,0,0,0,0,24.845,0,0,0,0,0,0,0,0,0,0,0,24.845,0,0,0,0,0,0,0,0,0,0,0,0,0,0,0,0,0,0,0,0,0,0,0,24.845,0,0,24.857,0,24.845,0,0,0,0,0,0,24.826,0,0,0,0,24.845,24.845,0,0,0,0,0,0,0,0,0,0,0,0,0,0,0,0,0,0,0,24.882,24.826,0,0,0,0,0,0,0,0,0,0,0,0,0,0,0,0,0,24.845,0,0,0,0,0,0,0,24.845,0,0,0,0,0,0,0,0,0,0,0,0,0,0,24.826,0,0,0,0,0,0,0,0,0,0,0,0,0,0,24.826,0,0,0,24.826,0,0,0,0,24.857,0,24.857,0,0,0,0,0,0,0,0,0,0,0,24.882,0,24.882,0,0,0,0,0,0,0,0,0,0,0,0,0,0,0,0,0,0,24.826,0,24.826,24.826,0,0,0,0,0,24.857,49.708,0,0,24.845,49.702,0,24.857,0,0,0,0,24.826,49.671,0,0,49.727,0,49.764,0,0,24.845,0,24.882,24.826,0,0,0,0,0,0,24.857,0,0,24.826,24.826,0,49.739,49.69,24.845,24.826,0,24.882,0,0,24.826,0,0,0,24.857,49.727,24.826,49.702,0,0,24.845,0,74.553,0,0,24.857,0,0,0,0,49.739,0,0,24.845,0,49.652,24.845,0,0,24.845,49.69,24.882,0,0,0,49.739,0,24.845,49.708,0,0,49.708,0,24.845,0,0,0,24.882,49.671,0,0,24.826,24.826,0,49.702,0,24.882,24.845,49.739,0,0,24.845,0,0,24.845,49.708,0,0,24.882,0,49.671,74.528,49.683,0,24.826,0,0,0,49.708,0,24.845,24.826,24.845,24.882,0,0,24.857,0,24.826,0,24.857,24.882,0,0,24.845,0,0,0,0,0,24.882,49.708,49.727,24.857,24.845,49.727,49.764,0,0,24.845,0,0,49.708,24.882,24.845,0,24.882,24.857,0,0,24.882,0,49.739,74.646,0,0,74.565,49.683,24.826,24.845,24.845,24.857,24.882,24.845,0,0,0,0,49.708,0,24.826,24.845,0,24.857,0,24.845,24.845,0,24.882,24.845
135,0.125,0.00267,0,0,24.802,49.603,0,24.876,49.603,0,0,49.764,49.764,74.608,0,0,0,124.36,0,74.646,0,0,0,0,0,0,0,74.627,24.876,0,24.802,49.603,0,0,99.528,0,74.633,99.49,148.96,0,74.646,0,0,0,0,0,0,24.802,149.03,99.49,49.739,0,0,124.4,74.479,0,0,24.802,74.608,74.646,0,0,0,0,74.646,49.684,49.603,74.608,0,74.634,24.876,0,74.646,0,74.646,0,74.405,0,124.36,24.882,74.646,99.503,0,0,0,0,0,24.882,49.603,24.802,0,124.3,49.603,0,24.869,74.608,0,0,0,99.448,74.479,0,0,0,0,0,174.13,74.621,24.869,74.473,0,0,0,0,0,0,74.566,99.367,99.503,49.739,74.615,74.646,0,49.764,0,0,49.603,124.21,24.869,0,74.627,0,74.646,0,0,24.876,49.752,0,24.876,49.752,74.405,0,0,0,0,124.38,0,0,0,74.627,0,24.802,49.603,0,99.503,24.882,24.802,74.405,0,0,0,0,0,74.627,0,0,0,74.646,74.405,24.869,24.869,0,0,0,0,0,49.752,124.4,0,0,0,74.405,0,0,124.37,24.802,49.603,24.802,0,24.876,74.634,49.764,0,49.739,49.739,0,74.405,74.627,0,0,0,0,0,0,0,0,0,0,0,0,0,0,0,0,0,24.882,0,0,0,0,0,0,0,0,0,0,24.876,0,0,0,0,24.876,0,0,0,24.876,0,0,0,24.876,0,0,0,0,0,0,0,0,0,0,0,0,0,0,0,0,0,0,0,0,0,0,0,0,0,0,0,0,0,0,24.876,0,0,0,0,0,0,0,0,0,24.876,0,0,24.882,0,0,0,0,49.684,0,0,0,0,0,0,0,0,0,0,0,24.882,0,0,0,0,0,0,0,0,0,0,0,0,0,0,0,0,0,0,0,0,0,0,0,0,0,24.882,0,0,0,0,0,0,0,0,24.882,0,0,0,0,0,0,0,24.869,0,0,0,24.802,0,0,0,0,0,0,0,0,0,0,0,0,0,0,0,0,0,24.882,0,0,0,0,0,0,0,0,0,0,0,0,0,49.752,0,0,0,0,0,0,0,0,0,0,0,24.882,0,24.802,0,0,24.802,0,0,0,0,0,24.882,0,0,24.876,24.802,24.869,24.882,0,24.882,0,0,0,74.566,0,24.802,24.869,0,0,24.882,0,0,0,0,0,24.869,0,0,0,24.802,49.671,0,24.869,0,24.802,49.677,24.882,0,74.627,24.802,0,0,49.752,24.802,0,0,24.876,24.869,0,0,0,24.882,24.869,0,24.876,0,24.882,0,0,0,0,0,24.869,24.802,0,24.882,49.677,24.876,24.869,0,0,24.876,24.802,0,0,24.802,0,24.876,0,24.882,24.882,0,0,0,24.876,0,24.882,49.684,24.802,0,24.882,0,0,24.869,0,0,24.869,49.603,0,24.802,0,49.684,0,49.758,49.758,24.876,0,0,0,0,24.876,0,0,0,0,0,74.547,0,0,24.802,0,24.882,24.802,49.752,0,0,24.802,74.553,0,24.882,0,24.802,0,0,0,24.869,0,0,0,24.876,0,49.745,0,49.684,0,0,49.677,0,0,0,24.882,24.876,24.802,24.869,24.882,0,0,24.882,0,0,0,0,0,24.802,24.876,24.876,0,24.869,24.869,0,0,0,0,0,24.802,0,24.802,0,0,0,24.802,24.882,49.745,0,74.621,0,24.802,0,0,0,0,0,24.802,49.751,0,0,24.876,0,24.869,24.882,0
135,0.125,0.001336,0,0,24.802,173.74,0,24.863,0,0,74.423,0,124.32,173.63,0,49.727,0,0,0,0,0,0,0,0,0,0,0,198.59,0,0,24.845,0,24.808,223.47,49.727,74.535,24.845,0,74.59,24.863,0,74.405,24.802,0,0,0,99.453,49.615,24.808,0,0,0,99.206,24.863,74.535,0,74.59,0,0,0,49.69,24.845,0,0,0,0,74.405,99.417,49.615,0,49.615,0,74.535,0,0,49.603,0,0,0,0,0,0,74.59,0,0,99.38,49.603,124.03,0,0,0,0,0,0,49.603,0,148.99,0,0,0,74.535,0,74.59,0,49.615,0,0,0,0,0,0,0,24.845,74.535,99.453,124.01,0,0,0,0,0,74.59,0,99.305,49.603,49.615,24.808,0,0,24.845,74.535,0,24.863,74.59,49.727,0,0,0,49.603,74.423,0,0,24.845,49.69,0,0,0,0,0,0,0,124.03,173.86,0,99.38,0,0,0,0,0,74.405,0,0,0,0,0,49.69,124.11,0,0,99.453,0,74.405,0,0,0,0,0,49.603,24.802,173.97,49.603,49.609,99.224,0,0,0,0,0,0,74.535,0,0,24.863,49.727,99.206,0,0,0,0,24.802,0,24.845,0,0,24.863,0,0,0,0,0,0,0,0,0,0,0,24.863,0,0,0,0,0,0,0,0,0,24.845,0,24.808,0,24.808,0,0,0,0,0,0,0,0,0,0,0,49.671,24.863,0,0,0,0,0,24.802,0,0,0,0,0,0,0,0,0,24.845,24.863,0,0,24.808,0,0,0,0,0,0,0,0,0,0,0,0,49.609,0,0,0,0,0,0,0,0,0,24.863,0,0,0,0,0,0,0,0,0,0,0,0,24.845,0,0,0,0,0,0,0,0,24.845,0,0,0,0,0,0,0,0,0,0,0,24.808,0,24.845,0,0,24.802,0,0,0,0,0,0,0,0,0,0,0,0,0,0,0,0,0,0,24.863,0,0,0,0,0,0,0,0,0,0,0,0,0,0,24.802,0,0,0,0,0,0,0,0,0,0,0,0,0,0,0,0,0,24.863,0,0,0,0,0,0,0,24.863,0,0,0,0,24.863,0,0,0,0,0,0,0,0,0,0,24.863,24.863,24.808,24.845,0,0,0,0,49.69,24.863,49.665,24.802,24.863,0,24.863,0,0,0,0,0,0,0,0,24.845,24.802,0,0,0,24.845,24.863,0,0,24.808,0,0,0,0,0,0,0,0,0,0,24.802,0,49.646,0,0,0,0,0,0,0,0,49.646,0,0,0,24.845,0,0,0,0,0,0,0,24.808,24.802,0,24.802,24.863,0,0,24.802,24.802,0,0,0,0,0,24.802,0,0,24.808,49.671,24.802,24.863,0,0,24.808,24.863,0,24.863,0,0,0,24.802,24.845,24.863,24.808,24.802,0,24.863,0,0,0,0,0,24.802,0,0,0,0,0,49.609,0,0,24.802,24.845,0,0,24.845,24.863,49.665,24.863,0,0,0,24.802,0,0,0,24.845,0,0,24.802,0,24.802,24.863,0,24.802,24.808,0,24.808,0,74.51,24.845,0,24.808,24.863,49.615,24.808,0,49.708,0,24.802,0,24.845,24.802,0,0,49.69,0,0,24.845,0,24.845,24.808,0,49.665,0,0,24.802,0,49.69,0,0,0,0,24.808,49.603,0,0,0,0,24.802,49.671,0,0,49.671,24.808,0,0,24.863,49.646,24.845,0,0,0,0
135,0.125,0.000668,99.256,0,0,0,0,124.21,0,0,0,74.535,0,74.515,0,49.628,49.671,124.16,24.814,49.628,0,24.857,49.714,0,0,0,0,0,0,0,49.677,74.535,0,173.87,24.814,0,0,0,24.838,24.838,0,0,0,0,24.814,49.628,0,99.379,0,49.702,149.01,74.515,0,0,0,99.373,49.628,0,0,0,0,0,0,74.535,99.36,49.69,0,49.69,74.442,24.814,0,0,0,24.838,24.838,74.442,74.571,0,0,24.845,49.69,0,0,0,49.628,74.442,0,0,74.515,74.442,0,0,0,0,0,0,173.94,0,24.845,74.535,0,49.628,0,0,0,49.652,49.628,0,0,124.29,0,0,74.515,0,0,74.442,24.838,74.522,49.69,0,0,0,0,0,0,74.553,124.24,99.287,74.442,149.06,24.814,74.535,49.714,0,173.84,24.838,0,0,0,0,0,0,74.571,24.857,0,0,74.442,0,0,0,0,99.391,74.528,74.442,0,0,49.677,74.535,49.628,24.814,24.814,24.814,0,0,0,0,0,74.442,0,149.05,24.845,0,0,0,0,124.27,74.522,0,74.515,0,74.571,0,74.442,49.628,74.535,0,0,0,0,99.428,24.857,0,0,0,124.16,74.515,24.838,0,0,24.845,49.69,0,24.838,0,0,0,24.857,0,24.814,0,24.845,0,24.857,0,0,0,0,0,0,0,0,0,0,0,24.814,0,0,0,0,0,0,0,24.845,0,0,0,0,0,49.714,0,0,0,0,0,0,24.814,0,0,0,0,0,0,0,24.838,0,24.838,0,0,0,0,0,0,24.814,0,0,0,0,0,0,0,0,0,0,24.814,24.857,49.696,0,0,0,0,0,0,0,0,0,0,0,0,0,0,0,0,24.857,0,0,0,24.845,0,0,0,0,0,0,0,0,0,0,24.857,0,0,0,0,0,0,24.838,0,0,0,0,0,0,0,0,24.838,0,0,0,0,0,0,0,0,0,0,0,0,0,24.845,0,0,0,0,0,49.702,24.845,0,0,0,0,0,0,24.838,24.814,0,0,24.857,0,0,0,0,0,0,0,0,0,24.845,0,24.857,24.857,0,0,0,0,0,0,0,0,0,0,0,0,0,0,24.845,0,0,24.857,0,0,0,0,24.857,0,0,0,0,0,24.857,0,0,0,0,0,49.652,0,0,49.628,0,24.838,24.838,0,0,49.677,0,24.857,49.671,0,0,0,0,0,0,0,24.845,0,0,24.814,0,0,0,0,24.814,24.857,24.845,0,0,0,0,24.838,0,24.845,0,49.702,24.845,24.838,0,24.838,0,0,0,0,0,74.51,74.51,0,49.652,49.659,0,0,24.814,24.845,0,24.814,0,0,49.671,0,0,0,24.814,0,24.814,0,0,49.677,24.857,0,24.845,0,49.714,0,0,24.838,0,0,49.677,24.838,0,0,0,49.702,24.814,24.845,0,0,24.838,0,0,24.814,49.671,24.857,0,24.814,0,24.845,24.838,0,0,74.528,24.857,0,0,0,0,24.838,24.838,0,0,0,0,24.845,0,0,24.845,0,49.671,24.845,24.845,0,0,24.857,24.814,0,24.814,49.652,0,24.814,24.814,0,0,0,0,0,0,24.814,49.659,24.857,0,0,0,49.677,0,49.652,0,0,24.814,24.838,24.838,24.838,24.857,0,0,0,74.497,24.814,49.652,24.814,0,49.714,24.838,0,24.845,24.857,24.857,0,49.683,0,0,24.857,0,0,0,24.838,24.814,24.845,24.814,0,0,0,74.528,24.814,0,24.857,0,24.857,0,0,0,24.838,0,24.838,0
135,0.5,0.0424,0,0,24.74,49.481,0,0,24.857,173.65,0,0,24.734,0,0,0,0,0,0,0,0,0,0,0,0,0,0,0,0,74.221,247.89,74.203,0,0,24.734,49.714,0,0,0,0,0,99.207,49.469,148.42,0,0,0,49.714,24.857,0,0,0,24.734,74.203,74.239,0,0,98.961,24.746,124.06,24.734,98.962,24.734,0,0,0,0,98.961,99.428,0,74.203,0,0,0,0,74.571,74.239,74.571,24.857,24.74,148.42,0,49.493,24.746,0,24.734,74.221,0,98.937,0,0,0,0,24.746,124.06,0,98.937,123.7,0,0,0,0,0,24.74,74.221,74.239,0,0,0,99.06,124.05,24.857,0,74.221,0,24.746,74.215,24.734,49.481,24.74,0,0,0,0,24.746,74.35,74.448,49.469,0,74.571,0,0,0,0,74.239,0,0,148.79,74.215,98.962,24.734,0,24.734,0,0,49.493,0,0,74.221,0,74.203,0,0,0,49.481,74.571,0,24.734,0,0,98.986,0,123.95,0,0,0,98.937,0,49.481,0,0,0,0,0,0,0,24.734,49.469,123.72,0,0,49.469,24.734,0,74.571,0,0,74.221,0,0,0,0,74.571,74.239,0,74.571,74.203,0,49.493,24.746,24.746,49.469,0,0,0,0,0,0,0,24.734,0,24.746,0,0,0,0,0,0,0,0,0,0,0,0,0,0,0,0,0,0,0,0,0,24.74,0,0,0,0,24.746,0,0,0,0,0,0,0,24.734,0,0,0,24.74,0,0,24.746,24.734,0,0,0,0,0,0,0,0,0,0,0,0,0,0,0,0,0,0,0,0,0,0,0,0,0,0,0,0,0,0,0,0,0,0,0,0,0,0,0,0,0,0,0,0,0,0,49.597,0,0,0,0,0,0,0,0,0,0,0,0,0,0,0,0,0,0,0,0,24.734,24.857,0,0,0,24.734,0,0,0,24.734,49.597,0,0,0,0,0,0,0,0,0,0,0,0,0,0,0,0,0,0,0,0,0,0,0,0,24.74,0,0,0,0,0,0,0,0,0,0,24.734,24.734,0,0,0,0,24.857,0,24.734,24.74,0,0,24.74,24.734,0,0,24.74,0,0,0,0,0,0,0,0,0,0,0,0,0,0,24.746,0,0,24.746,0,0,49.604,24.74,0,0,0,49.714,24.734,0,24.746,0,49.481,24.734,0,0,24.857,0,0,0,0,24.857,24.857,0,24.746,0,0,0,24.734,0,0,0,0,49.591,49.597,0,49.487,49.481,49.604,0,0,49.469,0,0,49.591,0,24.74,0,49.481,0,0,0,49.597,49.475,0,24.74,0,0,49.493,49.481,0,24.734,74.326,24.734,0,24.746,0,0,24.734,24.74,49.475,0,0,24.734,24.734,0,49.481,0,0,24.734,24.746,0,24.857,24.857,0,0,0,49.469,49.475,24.734,24.857,24.734,49.493,0,0,0,0,24.74,24.746,49.591,0,0,0,0,24.734,24.746,0,24.734,49.591,24.857,24.734,24.746,24.74,49.481,0,0,0,0,24.746,0,24.74,0,24.746,24.74,24.746,24.734,0,0,0,49.591,0,0,49.493,24.857,24.746,24.74,0,0,24.746,24.746,0,0,49.481,0,24.734,24.746,0,24.74,0,0,24.857,24.746,24.746,0,24.74,0,0,0,0,49.591,0,0,0,0,24.746,0,49.591,0,49.591,0,49.591,24.857,0,24.734,0,0,24.734,0,24.746,0,0,24.734,24.746,0,0,24.746,0,24.857,24.857,0,24.746,0,0,0,24.734,24.746,24.734,24.74,0
135,0.5,0.0212,123.83,24.74,24.74,49.48,99.035,173.48,0,0,24.783,0,0,0,0,0,0,0,0,0,0,0,0,0,0,0,0,0,0,0,99.133,0,0,74.349,0,0,74.221,0,0,0,49.566,99.133,0,0,24.783,0,0,148.5,0,0,99.133,0,49.566,99.059,74.221,0,0,0,74.221,99.016,74.276,0,123.92,49.566,0,0,0,99.084,49.517,0,0,0,49.48,0,24.759,99.133,99.035,0,0,0,74.221,24.74,74.349,24.783,74.264,24.74,173.38,0,0,49.48,24.74,49.48,0,99.035,0,123.92,24.783,49.566,24.783,0,49.566,24.783,0,0,0,74.276,74.221,24.759,49.517,24.783,0,0,0,74.349,74.349,98.961,0,24.759,0,0,99.035,148.7,0,0,74.276,0,0,24.759,123.74,0,0,74.349,24.759,0,0,148.57,0,0,0,74.349,24.783,0,0,0,0,74.349,0,0,49.517,98.979,0,0,0,0,0,0,123.92,24.783,0,49.517,148.48,0,0,99.133,0,99.133,0,0,0,0,0,0,0,0,49.566,148.5,74.349,0,0,74.276,74.221,0,0,0,24.783,0,0,24.783,24.783,0,0,0,0,74.276,0,0,0,148.7,0,0,0,0,0,0,0,0,0,0,0,0,0,24.74,0,0,0,0,0,0,0,0,0,0,0,0,0,0,0,0,0,0,0,0,24.783,0,0,0,0,0,0,0,0,0,0,0,0,0,0,0,0,24.759,24.783,24.783,0,0,0,0,24.783,24.783,0,0,0,0,0,0,0,0,0,0,0,0,0,0,0,0,0,0,0,24.759,0,0,0,0,0,0,0,0,24.74,0,0,0,24.783,0,0,0,0,0,0,0,0,0,0,0,0,0,24.759,0,0,0,49.542,0,0,0,0,0,0,0,0,0,0,0,24.783,0,0,24.759,0,0,0,24.783,0,0,0,0,0,0,24.783,0,0,0,0,0,0,0,24.759,0,0,0,0,0,0,0,0,0,0,0,0,0,0,49.48,0,0,0,0,0,24.783,24.74,0,0,0,0,0,0,0,0,0,0,0,0,0,49.523,0,0,0,0,0,24.783,24.783,0,0,24.759,0,0,0,0,0,24.783,24.74,24.783,0,0,0,24.74,0,0,0,0,0,49.523,0,24.783,24.783,99.108,24.783,74.306,0,0,49.542,0,0,0,0,0,24.759,0,0,0,0,0,0,0,0,24.74,0,0,24.783,0,24.759,24.783,0,0,0,24.759,49.523,0,24.759,49.566,24.783,0,0,49.542,24.783,0,0,49.566,0,74.282,49.523,0,24.783,24.759,49.523,24.74,0,24.783,0,0,0,24.74,24.783,0,0,0,0,99.047,49.566,0,0,0,24.759,0,0,0,24.74,24.783,49.542,24.783,24.759,49.566,24.759,0,24.759,0,0,0,49.499,24.783,24.783,0,24.74,24.74,24.783,0,0,24.759,0,24.74,24.74,49.542,24.759,0,0,24.759,0,24.783,0,49.566,0,0,0,0,24.783,24.74,0,24.759,24.759,0,49.523,24.74,0,24.759,24.783,0,0,0,0,0,24.759,0,24.759,0,74.306,24.783,0,24.74,24.783,24.759,0,49.523,24.783,24.759,0,24.759,0,24.759,24.74,24.783,24.759,0,24.759,0,0,0,24.759,0,49.499,0,0,24.783,0,0,24.783,24.783,24.74,0,0,49.542,0,0,74.349,24.759,24.759,49.566,24.759,24.759,0,24.783,0,24.783,0,49.523,24.783,0,0,24.759,0,24.783,0,0,49.523,24.783,0,24.759,0
135,0.5,0.0106,0,0,0,49.493,0,0,0,99.299,24.765,0,0,49.53,0,0,0,0,0,0,0,0,0,0,74.534,0,0,0,0,0,0,0,24.789,0,173.28,49.578,49.578,49.689,49.689,0,0,0,123.77,24.765,0,24.746,99.041,0,0,74.367,173.62,0,0,0,0,24.765,49.53,99.157,0,49.493,0,74.294,99.379,0,74.239,24.765,24.765,74.319,74.367,0,74.294,0,0,74.337,124.03,0,0,24.746,49.493,0,24.765,99.108,49.578,0,0,0,0,0,124.03,74.337,99.212,0,74.294,0,148.9,24.789,0,0,0,0,0,98.985,49.53,74.374,99.379,0,99.157,0,0,0,74.239,0,74.294,0,24.845,49.689,0,0,0,99.028,74.367,0,49.689,0,74.294,0,0,0,0,49.578,24.746,49.493,74.294,0,0,0,74.534,98.985,0,0,0,49.493,24.746,74.294,74.534,0,0,0,49.578,49.53,0,0,0,0,0,0,0,0,0,24.746,49.493,124.03,74.367,24.789,0,0,74.294,0,24.845,49.689,99.059,99.268,49.634,74.239,0,0,74.294,0,0,0,0,0,0,49.493,49.493,0,49.493,74.534,24.789,0,74.367,74.294,24.765,74.239,0,74.294,0,0,49.689,49.689,0,0,0,0,0,0,0,0,0,24.789,0,0,0,0,0,0,0,0,0,0,0,0,0,0,0,0,0,0,0,0,0,0,0,0,24.789,0,0,0,0,0,0,0,24.765,0,0,24.765,0,0,0,0,0,0,0,0,0,0,24.789,0,0,0,0,0,0,0,0,0,24.765,0,0,24.765,0,0,0,0,0,0,24.845,0,0,0,0,0,0,0,24.765,0,0,0,0,0,0,0,0,0,0,0,24.845,0,0,24.746,0,0,24.765,0,0,0,0,0,0,0,0,0,0,0,0,0,0,0,0,0,0,24.789,0,0,0,0,0,0,0,0,0,0,0,0,24.765,0,0,0,0,0,0,0,0,0,0,0,0,0,0,0,0,24.789,24.765,0,0,49.609,0,0,0,0,0,0,0,0,0,0,0,0,0,0,0,0,0,0,0,24.765,0,0,0,0,0,0,0,0,0,0,0,0,0,0,0,0,0,0,0,0,24.765,0,0,0,0,0,0,0,0,0,24.746,49.53,0,24.746,24.789,49.493,24.746,49.511,0,0,0,24.845,0,24.845,0,0,24.845,0,0,24.789,0,24.845,0,0,0,24.789,0,49.634,24.845,24.746,0,49.591,0,24.765,24.845,24.765,24.789,24.746,49.535,0,0,0,24.765,0,24.789,24.845,24.789,24.845,49.535,24.765,0,0,99.145,0,24.765,24.746,0,24.746,0,24.765,24.845,74.3,0,0,0,24.746,0,74.257,24.765,0,24.765,49.535,0,24.765,24.746,0,24.789,24.765,0,0,24.789,0,49.591,24.845,0,74.239,49.535,24.765,49.609,24.845,24.789,0,24.789,0,24.845,24.789,24.746,24.765,0,24.746,24.789,24.789,0,24.789,0,99.046,0,24.746,24.746,0,24.789,0,24.789,0,49.511,0,24.845,0,0,24.789,0,49.511,0,0,0,0,24.746,0,24.765,24.765,24.789,0,24.845,24.845,24.765,24.765,24.746,0,0,0,0,0,0,24.765,24.765,0,24.765,0,49.511,0,0,49.554,24.765,0,0,24.746,0,0,24.789,49.591,0,0,0,0,24.845,24.746,0,24.746,24.746,0,24.765,0,24.789,24.765,24.746,24.765,0,0,24.746,0,0,24.746,24.789,49.535,24.845,0,24.845,24.789,0,24.746,24.746,49.535,0,0,0,0
135,0.5,0.0053,0,0,0,0,0,0,0,0,74.627,0,24.87,49.739,0,0,49.628,124.26,0,0,0,24.87,0,24.882,0,0,99.496,74.615,0,24.882,198.82,49.628,0,0,0,0,0,99.502,0,0,74.609,74.646,24.882,0,0,0,0,49.751,24.876,0,0,0,99.257,174.14,0,0,0,74.627,0,24.87,74.633,0,49.739,24.87,74.443,74.621,0,0,0,0,0,99.509,0,0,0,0,149.02,24.882,0,0,0,74.609,0,0,74.627,99.528,0,0,74.565,99.312,0,0,0,0,74.627,0,0,0,24.814,0,223.65,49.739,0,0,149.07,24.876,0,0,24.87,49.739,0,0,0,0,0,0,99.528,0,0,0,74.443,0,74.627,0,74.646,49.764,0,49.739,24.87,0,49.751,24.876,0,0,0,0,49.628,49.739,49.764,0,0,0,74.609,0,0,0,0,0,74.443,124.39,0,24.814,74.498,24.882,49.764,0,0,24.814,99.257,0,0,0,0,49.758,74.627,0,0,49.739,74.443,0,0,0,0,174.12,49.764,0,0,99.257,0,49.751,24.876,0,0,0,0,0,0,124.38,24.87,0,0,0,0,74.627,0,0,0,99.257,74.646,0,0,0,0,0,0,0,0,0,24.882,0,0,24.882,0,24.87,0,0,0,0,0,0,0,0,0,0,0,24.876,0,24.814,24.814,0,0,0,0,0,24.814,0,0,0,0,0,0,0,0,0,24.882,0,0,0,0,0,0,0,0,0,0,0,0,0,0,0,0,0,0,0,0,0,0,0,0,0,0,0,0,0,0,0,0,0,0,0,0,0,24.876,0,0,0,0,0,0,0,0,0,0,0,0,0,0,0,0,0,0,0,0,0,0,0,0,0,0,24.882,0,0,0,0,0,0,0,24.87,0,0,0,24.814,0,0,0,0,0,0,0,0,0,0,0,0,0,0,0,0,0,0,0,0,0,0,0,0,0,0,0,0,0,0,0,0,0,0,0,0,0,0,0,0,0,0,0,0,24.87,0,0,0,0,0,0,0,0,0,0,0,0,0,0,0,0,0,0,0,0,0,0,0,0,0,0,0,0,0,0,0,0,0,0,0,24.87,24.882,49.758,0,0,24.87,24.87,0,49.739,24.87,0,0,24.814,0,0,49.696,0,0,24.87,0,0,0,49.745,24.814,49.764,0,0,0,0,0,24.87,0,0,0,0,0,0,0,49.751,0,49.764,0,0,0,24.882,24.814,0,49.745,0,24.882,24.87,24.814,24.87,0,24.87,24.814,0,49.69,49.696,24.87,0,24.814,24.876,0,24.876,24.87,74.615,0,24.87,49.739,24.882,0,0,0,49.758,0,0,0,0,49.684,24.876,0,24.87,0,0,0,0,0,0,0,24.876,24.87,0,0,0,0,49.751,49.745,0,0,0,24.87,0,0,24.882,0,0,49.739,49.739,49.745,49.745,0,49.745,24.87,24.87,24.814,0,0,0,24.87,24.87,0,24.87,24.814,74.621,24.814,0,24.87,0,24.882,0,49.684,0,0,24.882,24.87,49.69,0,0,0,0,0,24.882,0,24.876,0,0,24.882,0,0,0,49.739,99.509,0,49.628,0,24.876,0,0,0,24.814,49.696,0,49.745,24.814,0,24.876,24.882,24.87,0,0,0,0,0,0,0,0,0,24.876,0,0,24.876,0,49.751,0,0,0,0,0,49.745,49.69,0,0,24.87,0,24.882,24.882,24.814,0,24.882
135,0.5,0.00267,74.608,0,0,74.59,74.405,74.441,0,0,0,0,0,124.24,74.529,74.405,0,0,0,74.405,24.802,0,74.59,0,0,0,124.17,0,74.608,24.814,0,0,0,0,0,0,49.603,124.21,49.627,0,0,0,0,0,148.86,74.54,0,0,0,74.405,0,0,0,99.478,74.59,0,0,0,0,0,173.81,49.739,99.366,0,0,0,0,74.441,0,0,99.454,0,0,74.608,99.274,0,0,0,0,24.802,74.417,74.441,0,0,24.863,74.59,74.608,0,24.802,0,0,74.405,0,0,0,24.863,49.727,0,0,99.274,148.99,0,0,0,0,74.59,0,0,0,0,0,74.59,0,223.45,0,24.869,74.608,0,0,0,0,0,0,0,0,24.802,49.603,0,0,0,0,74.59,0,0,173.92,0,0,0,74.441,0,74.59,24.802,74.405,124.34,0,0,0,74.608,24.863,99.255,0,74.59,0,74.405,24.802,0,0,0,0,149.05,24.869,0,0,99.206,0,74.59,24.863,0,0,0,74.441,0,124.03,0,0,24.863,49.727,0,24.863,74.608,0,0,0,99.255,0,0,0,0,74.59,173.92,0,0,99.206,0,0,49.727,24.863,0,0,0,0,0,0,0,0,0,0,0,0,0,0,0,0,0,0,24.802,0,0,0,0,0,0,0,0,0,0,0,0,0,0,0,0,24.814,0,0,0,0,0,0,0,24.802,0,24.863,0,0,0,0,49.671,0,0,0,0,0,0,24.814,0,0,0,0,0,24.863,24.802,0,0,0,0,0,0,0,0,0,0,0,0,0,24.869,0,0,0,0,0,0,0,0,0,0,0,0,0,0,24.802,0,0,0,0,24.863,0,0,0,24.814,0,0,0,0,24.814,0,49.683,0,0,0,0,0,0,24.863,0,0,0,0,0,24.802,0,0,0,0,0,0,0,0,0,0,0,0,0,0,0,0,0,0,0,0,0,0,0,0,0,0,0,0,0,0,24.869,0,0,0,0,24.802,0,24.869,0,0,0,49.671,0,0,0,0,0,0,0,0,0,24.814,24.814,0,0,0,0,0,0,0,0,24.814,0,0,0,0,0,0,0,0,0,0,0,0,0,24.869,0,0,0,24.869,0,0,74.429,49.627,0,0,24.863,0,0,24.863,0,0,0,49.677,0,49.615,24.814,0,24.869,0,24.814,0,0,24.814,49.733,24.869,49.733,24.863,24.802,24.814,0,0,0,24.802,24.802,0,0,0,24.869,24.802,0,0,0,0,0,24.869,49.665,0,0,0,0,24.814,49.665,0,49.683,0,0,0,24.802,0,24.863,0,24.869,0,0,24.863,0,24.863,0,0,0,0,49.671,0,0,0,49.677,49.615,0,0,0,0,0,24.869,0,24.869,0,0,0,24.814,0,49.683,0,24.802,24.802,49.733,24.869,0,24.869,24.863,0,24.869,0,0,0,49.665,24.863,0,24.802,24.814,0,0,49.733,49.615,24.814,0,24.863,24.869,0,0,0,0,24.863,24.814,0,0,24.802,0,24.814,0,0,24.802,0,0,0,0,24.869,0,0,0,24.863,0,0,24.869,24.802,24.869,0,24.869,0,0,0,24.814,24.869,0,24.814,0,24.869,0,74.485,0,0,0,0,0,24.802,0,0,0,0,0,0,49.627,0,0,0,0,24.863,24.869,0,0,0,0,0,0,0,0,24.814,0,0,49.615,74.417,0,0,24.863,0,0,24.869,0,0,49.733,0,0
135,0.5,0.001336,0,0,74.46,0,74.607,24.869,0,49.739,99.329,0,0,0,49.738,24.869,0,0,24.87,149.11,0,0,0,0,0,0,99.28,0,0,49.738,99.366,0,99.478,0,0,24.82,0,0,0,149.22,0,0,74.497,24.82,49.64,0,99.403,49.739,0,0,0,24.87,149.07,24.82,0,74.607,0,0,24.832,99.403,24.869,0,0,0,74.46,0,0,0,49.738,124.35,0,124.24,74.609,0,149.07,0,0,24.869,24.869,74.497,0,0,49.739,124.35,0,24.82,0,0,24.82,0,0,49.738,24.869,74.46,0,49.665,49.665,0,0,0,0,0,0,0,0,0,99.329,124.25,0,99.478,0,0,0,0,0,74.497,24.87,149.07,24.87,0,0,74.607,0,0,0,0,74.609,49.64,49.64,0,49.738,49.738,99.28,49.665,24.832,0,0,0,0,49.739,49.739,49.738,24.869,0,124.16,0,0,0,0,0,0,0,149.12,24.82,0,99.329,0,0,49.69,124.2,0,0,49.738,24.869,0,0,0,49.701,124.24,99.478,0,0,0,74.607,0,0,0,0,0,0,74.609,0,0,0,0,0,99.366,49.738,0,99.429,74.51,0,0,0,0,0,49.665,0,0,0,0,0,0,0,0,0,0,0,0,0,0,0,0,0,0,0,0,0,0,0,0,0,0,0,0,0,0,24.869,0,0,0,0,24.832,0,0,0,0,0,0,0,0,0,0,0,0,0,0,0,0,0,0,0,0,0,24.87,0,0,0,0,0,0,0,0,0,0,0,24.82,0,0,0,0,0,0,0,24.832,24.832,0,0,0,24.87,0,24.87,0,24.82,0,0,0,0,0,0,0,0,0,0,0,0,0,0,0,24.87,0,0,0,0,0,0,0,0,0,0,0,0,24.82,0,0,0,0,0,0,0,0,0,0,0,0,0,0,0,0,0,0,24.87,0,0,0,0,0,0,0,0,0,24.87,0,24.87,0,0,0,0,0,0,0,0,0,0,0,0,0,0,0,0,24.869,0,0,0,24.82,0,0,24.87,0,24.869,0,0,0,0,0,0,0,0,0,0,0,0,0,24.869,0,0,0,24.832,0,0,0,24.87,0,0,0,0,0,0,24.82,0,0,0,24.82,0,0,0,49.652,49.69,49.701,24.832,24.869,49.69,24.87,24.869,0,49.689,49.652,0,0,49.702,24.869,0,24.82,0,0,0,24.869,24.869,0,49.69,24.869,0,24.869,49.64,74.571,24.87,0,0,24.832,0,0,0,24.87,0,24.869,24.87,49.665,0,0,0,24.82,49.689,0,0,49.702,24.832,0,0,0,0,24.87,24.87,0,24.869,49.738,0,0,24.87,0,0,24.869,0,0,0,0,24.832,0,49.701,0,0,24.87,0,0,24.82,24.869,0,0,0,24.832,0,0,0,49.739,0,24.82,0,0,0,0,24.869,24.832,24.82,0,49.739,0,49.652,0,0,0,0,0,24.832,49.701,49.689,0,0,24.832,0,0,49.739,24.869,24.832,0,0,0,0,24.832,0,24.87,24.87,24.869,0,0,0,0,49.702,0,24.869,49.701,24.87,49.738,99.44,49.739,24.82,0,0,24.87,0,0,49.739,0,0,24.832,24.832,24.869,49.739,24.87,0,24.869,0,0,0,0,24.869,0,0,24.82,0,24.82,0,24.87,0,0,24.82,49.64,0,24.82,0,0,24.869,24.832,24.87,0,0,49.738,0,49.652,24.869,0,0,0,0,0,0,49.665,0,0,0,24.869,24.82,24.832,24.832
135,0.5,0.000668,49.689,49.689,0,0,0,0,0,0,0,0,0,0,0,0,0,0,0,124.2,24.832,0,0,0,49.689,49.689,0,0,0,74.534,49.665,74.497,0,24.845,74.534,49.689,0,0,0,0,0,49.689,74.522,49.665,0,74.534,74.534,0,24.845,24.845,24.845,149.04,24.845,49.665,0,49.665,0,0,0,0,0,49.689,49.689,0,24.845,149.07,0,0,0,74.497,0,99.379,0,0,0,0,49.665,24.832,0,0,124.19,0,99.378,149.07,0,99.379,24.845,0,0,0,0,74.534,0,0,49.665,24.832,49.665,0,49.665,0,0,0,0,74.534,0,0,149.07,24.845,0,0,74.497,0,0,0,0,0,0,0,74.534,24.845,74.534,149.03,0,0,24.832,49.665,0,24.845,0,99.379,0,0,173.86,24.845,0,0,0,0,49.665,0,0,74.534,0,49.689,24.845,0,99.379,0,0,124.17,0,0,0,0,49.665,0,0,49.689,49.689,24.845,74.534,0,0,0,124.19,124.22,24.845,74.497,0,0,0,0,74.534,0,99.379,0,0,0,74.534,0,0,0,0,0,0,0,173.9,74.509,24.832,0,0,124.2,0,0,0,0,24.832,49.665,0,0,173.91,0,0,24.845,0,0,0,0,0,0,24.845,0,0,0,0,24.845,0,0,0,0,0,0,0,24.845,0,0,0,0,0,0,24.832,0,0,0,24.832,0,0,0,0,0,0,0,24.845,0,0,0,0,0,0,0,0,0,0,74.534,0,0,0,24.832,0,0,0,0,0,0,0,0,0,0,0,0,0,0,0,24.845,0,0,0,0,0,0,0,0,24.845,0,0,0,0,0,0,0,0,0,0,0,0,24.845,0,24.832,24.845,0,0,0,0,0,0,0,0,24.845,0,0,0,24.845,0,0,0,0,0,0,0,0,0,0,0,0,0,0,0,0,0,0,0,0,0,0,0,0,0,0,0,0,0,0,24.845,0,24.845,0,24.832,0,24.845,0,0,0,24.845,0,0,0,0,0,0,0,0,0,0,0,0,24.845,0,0,24.845,0,0,0,24.845,0,0,0,0,0,0,0,0,0,0,0,0,0,0,0,0,0,24.845,0,0,0,0,0,0,0,0,0,0,0,24.832,49.689,49.677,24.845,24.845,0,0,49.665,49.689,0,49.689,99.354,24.845,0,24.845,24.845,0,0,24.845,0,0,49.689,24.832,0,0,0,0,49.677,0,0,24.845,49.689,0,0,24.832,0,49.677,0,24.845,24.845,0,0,0,0,0,49.689,24.845,0,0,24.845,0,49.677,0,24.832,24.845,24.845,0,24.845,49.689,24.845,0,0,0,0,49.689,24.845,24.832,24.832,24.832,0,24.845,24.845,49.689,49.665,24.832,49.677,24.845,0,0,24.845,0,24.845,0,0,49.677,0,0,24.845,0,24.845,0,24.845,0,0,24.832,0,49.689,0,49.689,0,24.845,24.832,0,0,0,0,49.689,0,24.845,49.677,0,24.845,24.845,24.845,0,0,0,0,0,0,0,0,24.832,0,24.845,0,24.845,0,0,0,0,0,0,0,0,0,24.832,24.845,0,0,24.845,0,24.832,49.689,0,24.845,0,0,0,0,0,0,0,24.832,0,0,0,24.845,24.845,24.845,49.677,0,24.845,24.845,24.845,0,0,24.845,0,0,24.845,0,0,24.845,24.832,24.845,74.522,0,24.845,24.832,0,24.845,0,24.845,0,24.845,24.832,74.51,49.677,0,49.689,49.689,0,24.845,24.845,49.665,24.832,24.845,0,24.845
135,2,0.0424,24.783,123.8,24.716,0,0,0,49.566,148.49,49.499,49.529,0,24.765,0,0,0,0,0,0,0,0,0,0,24.789,74.368,99.059,0,0,0,74.349,0,148.52,0,0,0,0,0,98.961,74.245,0,0,0,74.215,173.31,0,0,99.158,24.789,0,0,0,74.148,0,0,74.294,24.765,74.368,99.145,24.783,49.529,24.765,0,49.579,24.789,74.148,74.282,0,74.294,24.765,0,0,148.69,24.765,24.783,123.71,74.295,49.529,49.529,0,49.566,0,0,0,0,0,0,0,98.931,0,0,0,123.93,24.789,24.765,0,0,24.765,74.294,49.529,74.148,0,0,24.789,0,74.368,0,0,0,0,0,0,74.349,0,0,0,0,99.059,74.148,74.368,0,0,24.789,49.579,0,0,74.368,148.66,24.765,0,0,98.864,0,0,0,99.084,0,0,0,99.095,74.331,0,0,49.566,0,0,0,0,0,0,0,99.158,74.148,148.44,0,0,0,0,0,99.132,0,0,0,74.368,0,24.765,49.529,0,0,0,24.716,49.432,0,0,0,74.349,99.151,0,0,148.39,99.114,0,0,0,74.368,0,74.294,0,0,0,0,24.716,74.148,0,0,0,0,74.362,74.362,0,0,98.864,0,0,0,24.789,0,0,0,0,0,24.765,0,0,0,0,0,0,0,0,0,0,0,0,0,0,24.789,0,0,0,0,24.783,0,0,0,0,0,0,0,0,0,0,49.505,0,0,0,0,0,0,0,24.789,0,0,0,0,0,0,0,0,0,0,0,0,24.716,0,0,0,0,0,0,0,0,24.765,0,0,0,0,24.765,0,0,0,0,0,0,0,0,0,0,0,0,0,0,0,0,0,0,0,0,0,0,0,24.789,24.789,0,0,0,0,0,0,24.783,0,0,0,0,0,0,0,0,0,0,0,0,0,0,0,0,0,0,24.716,0,0,0,0,0,0,0,0,0,0,24.765,0,0,24.789,0,0,24.789,0,0,0,0,0,0,0,0,0,0,0,0,0,0,0,0,0,0,0,0,0,0,0,24.716,0,24.716,0,0,0,0,0,24.783,0,0,0,0,0,24.765,0,0,0,0,0,0,0,0,0,0,0,0,0,0,0,0,0,0,24.765,0,24.716,0,0,24.716,49.481,49.566,99.065,49.481,24.716,24.765,49.499,24.716,24.783,0,0,24.716,0,0,49.481,0,24.716,0,0,24.716,24.765,0,0,0,24.783,0,0,0,0,49.499,24.765,0,0,0,0,24.716,123.8,0,0,24.716,24.765,24.716,0,0,0,0,0,49.572,0,24.783,0,0,0,24.765,0,49.579,49.579,24.716,24.783,74.245,24.783,0,24.716,0,0,49.481,0,0,0,24.765,0,0,24.783,49.499,0,24.783,0,0,49.572,0,0,24.716,49.579,0,0,24.789,0,24.716,49.566,0,24.783,0,0,0,24.716,24.765,49.499,24.716,0,0,0,24.765,24.765,24.716,0,24.765,24.783,24.716,0,0,0,0,0,24.789,74.27,0,0,49.481,0,0,24.765,0,0,0,24.716,24.716,0,0,0,24.765,24.783,0,0,24.716,24.789,49.566,0,0,0,0,0,0,24.765,0,0,0,0,24.716,0,0,0,0,0,24.765,24.716,24.716,0,0,0,49.566,0,24.789,0,0,0,24.765,0,0,0,24.765,0,24.783,0,0,0,0,0,24.789,0,49.499,24.789,0,0,0,0,0,49.505,24.765,24.789,0,24.789,0,24.789,0
135,2,0.0212,49.579,74.387,0,0,74.221,0,0,0,0,74.368,0,0,0,0,0,74.387,0,0,0,0,0,173.52,24.796,0,0,0,0,0,0,74.221,0,0,99.182,49.53,49.579,49.481,99.132,0,0,0,0,74.221,0,0,0,99.17,99.139,0,0,74.221,0,0,74.368,99.176,74.349,24.783,74.387,0,0,0,24.783,99.151,0,198.16,0,74.221,0,74.368,0,0,24.796,49.591,0,74.349,0,148.72,0,0,24.789,0,0,0,0,0,0,74.221,74.368,0,49.591,49.591,0,0,0,74.349,0,24.74,74.331,74.276,0,0,0,123.8,0,0,74.387,0,0,0,74.349,74.362,24.789,0,123.98,49.481,49.536,24.74,0,0,0,49.579,74.368,0,148.71,0,0,0,0,0,0,24.796,123.81,0,0,0,74.368,0,74.349,49.481,123.87,0,0,0,74.362,173.53,0,0,0,0,0,0,0,148.53,24.783,49.591,24.796,0,0,0,0,0,0,24.789,49.579,49.523,99.047,0,99.182,0,0,0,0,0,0,0,123.81,0,0,24.783,49.566,0,0,0,74.387,0,74.368,99.011,24.74,0,0,0,24.796,0,0,24.789,74.368,49.566,49.591,0,74.387,0,0,0,0,0,0,0,0,0,0,24.783,0,0,0,0,0,24.796,0,0,0,0,0,0,0,0,24.796,0,0,0,0,0,24.789,0,0,0,0,0,0,0,0,0,0,0,0,0,0,0,0,0,24.783,0,0,0,0,49.579,0,24.796,0,0,0,0,0,0,0,0,24.796,0,0,0,0,0,0,24.789,0,0,0,0,49.572,0,49.572,0,0,0,0,0,0,0,0,0,0,0,0,0,0,24.796,0,0,0,0,0,0,0,0,49.523,0,0,0,0,0,0,0,24.789,0,0,0,0,0,0,24.789,0,49.579,0,0,0,0,0,0,0,0,0,0,0,0,0,0,0,0,0,0,0,0,0,0,0,0,24.74,0,0,24.789,0,0,0,0,24.796,0,0,0,0,0,0,0,0,0,0,0,0,0,0,0,0,0,0,24.789,0,24.783,0,0,0,49.536,0,24.796,0,0,0,0,0,0,0,0,0,0,0,49.579,0,0,0,0,0,0,24.789,24.783,0,49.536,0,0,0,49.53,0,0,99.151,49.572,123.93,49.572,24.789,74.38,49.572,49.579,0,49.579,0,24.783,24.789,49.572,0,24.74,24.796,0,0,0,24.789,24.789,24.789,24.783,24.789,49.53,49.572,0,0,24.796,0,74.374,0,49.585,24.796,0,24.783,24.796,49.572,0,0,0,0,49.523,0,49.585,0,0,0,0,0,49.579,0,0,24.789,24.796,0,49.53,0,0,0,0,24.74,24.789,24.796,0,0,0,0,0,0,0,0,0,0,0,0,0,24.74,24.796,0,49.536,0,24.796,24.789,0,0,0,24.74,0,0,0,24.74,24.789,49.53,0,49.572,0,0,0,0,0,0,49.53,0,24.796,0,24.789,0,0,49.572,0,24.796,49.591,0,0,0,24.783,0,0,0,0,24.796,0,0,0,0,24.74,24.74,24.783,0,24.783,0,74.325,49.53,0,0,0,24.796,0,0,0,0,0,0,24.796,0,49.591,74.319,0,24.796,0,24.74,0,24.783,0,0,0,24.796,24.796,0,0,24.796,0,24.783,0,24.796,49.481,0,0,0,0,0,0,24.796,24.783,49.523,24.796,24.74,49.536,0,0,0,0,24.74,0,24.783,0,0,24.796,0,49.585
135,2,0.0106,0,0,0,222.79,0,0,0,173.33,24.753,49.519,24.765,49.53,0,0,0,0,0,0,0,0,0,24.759,74.278,24.753,74.258,0,0,0,0,0,74.295,0,0,0,99.037,0,0,49.505,0,98.986,24.753,0,0,49.505,0,0,0,74.239,0,0,123.78,0,74.295,74.239,24.746,0,24.765,0,49.519,49.519,0,24.753,198.03,24.759,49.519,49.519,0,0,0,74.239,0,49.505,0,49.519,74.289,24.765,0,0,24.753,0,0,74.239,74.258,0,49.53,0,74.258,24.746,49.493,0,123.75,0,0,99.054,49.519,0,0,0,0,0,0,0,0,74.258,0,0,0,99.06,74.239,0,74.278,0,0,0,74.295,74.278,49.505,0,0,0,49.493,123.79,0,0,0,24.753,24.753,173.28,0,0,24.753,74.258,0,99.037,24.759,0,0,74.295,0,0,74.295,0,173.24,0,0,0,0,0,24.746,49.493,0,0,0,0,49.505,0,74.239,0,0,49.53,74.289,49.519,0,0,0,0,49.505,24.753,0,0,24.759,49.519,0,0,0,0,0,0,74.265,123.76,49.505,123.81,0,0,0,0,0,0,0,0,0,74.258,98.986,0,0,0,148.57,0,0,74.239,0,24.746,0,0,0,0,0,0,0,0,0,0,0,0,0,0,0,0,0,0,0,0,0,0,0,0,0,24.759,0,0,0,0,0,0,49.493,0,0,0,0,0,0,0,0,24.765,0,0,0,0,24.765,0,0,0,0,24.765,0,0,0,0,0,0,0,0,0,0,0,0,0,0,0,0,0,0,0,0,0,0,0,24.746,0,0,0,0,0,0,0,0,0,0,0,0,0,0,0,0,0,0,0,0,0,0,0,0,24.753,0,0,0,0,0,0,0,0,0,24.765,0,0,0,0,0,0,0,0,0,0,0,0,0,0,0,0,0,0,0,0,0,0,0,0,0,0,0,0,0,0,0,0,0,0,0,0,0,24.759,24.746,0,0,0,0,0,0,0,0,0,0,0,0,0,0,0,0,0,0,0,0,0,0,0,0,24.759,0,0,24.759,0,0,0,0,0,0,0,0,0,0,0,0,24.759,0,0,24.765,0,0,24.759,0,0,0,49.512,24.753,0,49.499,0,24.753,49.499,24.746,49.524,24.765,49.524,49.53,24.765,24.746,24.765,0,0,0,0,0,24.746,24.759,0,49.499,0,24.765,24.765,0,24.765,0,0,24.759,0,49.512,24.746,24.753,24.746,24.753,0,0,0,74.258,24.765,24.746,0,24.759,0,0,24.753,24.746,49.524,0,0,0,24.746,24.746,0,0,24.753,0,0,49.524,24.746,0,24.753,74.252,49.524,74.265,24.746,24.759,0,49.493,49.512,0,0,0,0,0,0,0,24.753,0,74.258,0,0,24.746,24.746,24.753,49.499,0,24.759,0,0,24.759,0,0,0,24.746,24.765,0,24.753,49.505,0,24.759,0,0,0,0,24.765,0,0,0,24.746,0,24.759,0,0,0,0,0,0,49.518,24.746,0,74.245,24.753,24.753,24.753,0,24.746,0,0,0,0,0,24.746,0,0,0,0,24.753,49.519,24.753,0,49.512,0,0,0,0,24.759,0,24.753,0,49.512,24.759,0,0,24.746,24.746,0,0,24.765,0,49.511,24.753,49.512,0,0,0,0,0,0,0,24.765,0,0,24.765,0,0,0,24.765,24.759,0,0,24.765,0,24.746,24.746,24.753,49.506,0,0,0,0,0,0,0,0
135,2,0.0053,0,0,24.869,24.869,0,0,0,49.751,0,99.231,49.629,74.43,74.608,24.875,0,74.504,124.25,74.491,74.626,74.559,49.629,74.553,49.751,24.875,0,0,24.875,99.366,198.67,0,124.17,74.436,49.629,0,0,124.24,0,24.869,49.739,0,0,49.615,49.615,0,174.11,24.875,0,99.251,24.808,99.416,99.496,0,0,0,49.683,49.615,124.24,0,74.626,24.869,24.869,74.491,24.808,0,49.745,198.98,24.869,24.814,49.629,24.808,0,0,149.03,0,49.751,24.875,24.875,124.19,74.547,49.622,49.751,24.875,0,0,0,49.751,99.318,0,124.37,0,0,0,0,0,0,74.443,24.808,99.496,74.608,0,74.443,0,124.1,24.869,74.608,0,74.485,74.559,49.751,124.05,49.677,24.869,49.739,0,0,0,0,0,0,24.814,49.629,74.423,0,99.478,0,49.615,99.502,0,0,24.814,24.814,49.69,0,0,49.615,173.9,24.808,49.751,0,24.814,74.443,0,0,0,0,74.559,24.814,0,24.869,74.608,0,99.237,49.629,0,0,49.739,24.869,49.751,0,0,24.875,74.614,124.17,99.251,0,0,0,124.17,24.808,49.751,0,49.751,0,49.739,24.869,0,99.257,49.69,74.443,24.814,0,74.423,0,74.608,49.745,0,0,0,0,0,0,0,74.626,99.293,24.869,0,0,74.443,0,49.751,0,0,0,0,0,0,0,0,0,24.869,0,0,0,0,0,0,24.875,0,24.869,0,0,0,0,0,0,0,0,0,49.615,24.808,0,0,0,0,0,0,0,0,0,0,0,49.751,0,0,0,0,0,0,0,24.814,0,0,0,24.814,0,0,0,0,0,0,24.869,24.808,0,24.875,0,0,0,0,0,0,0,49.684,0,24.869,0,0,0,24.875,0,0,0,0,24.814,0,0,0,0,0,0,0,0,0,24.869,0,0,0,0,0,0,0,0,0,0,0,0,0,0,0,0,0,24.814,0,0,0,0,0,0,0,0,0,0,0,0,0,0,0,0,0,49.683,0,0,0,0,0,0,0,24.808,0,24.875,0,0,0,0,0,0,0,0,0,0,0,0,0,0,0,0,0,0,0,0,0,0,0,0,0,0,0,24.808,0,0,0,0,0,24.814,0,0,0,0,0,24.808,24.808,24.814,0,0,0,0,0,0,0,0,0,0,0,0,0,0,0,0,0,0,0,0,24.869,0,0,24.875,24.869,0,0,24.808,0,24.808,49.677,49.683,124.23,273.16,173.98,223.48,173.87,124.11,149.06,198.73,99.367,198.73,173.86,198.67,49.683,99.306,99.429,173.99,198.8,99.36,124.18,99.422,99.435,173.86,124.23,149.11,49.677,49.622,74.614,248.4,99.299,74.485,124.22,124.17,149.06,124.17,49.683,74.491,49.684,124.3,124.24,124.31,99.293,74.614,198.86,124.24,74.485,149.18,173.99,149.06,99.354,124.3,124.19,99.366,99.244,124.12,74.497,124.25,74.491,124.17,74.559,0,99.434,99.367,49.69,49.745,124.11,74.491,74.565,124.23,148.98,74.553,99.367,173.91,49.745,173.86,149.05,99.367,198.8,74.485,148.99,99.429,99.244,24.875,24.875,49.684,124.29,99.373,99.422,124.24,99.237,49.684,49.684,99.435,74.498,149.06,74.553,49.622,99.367,49.677,74.559,49.677,99.429,49.677,74.547,124.18,24.869,149.11,99.299,74.559,74.553,148.98,148.99,74.504,99.435,49.622,74.491,49.684,99.36,124.17,74.553,99.428,99.244,99.312,24.814,24.869,24.808,99.312,49.677,74.62,99.373,49.615,49.677,124.17,24.875,24.875,124.17,74.498,49.745,74.547,124.3,24.808,74.43,49.683,124.17,74.559,24.869,74.559,74.559,24.808,124.17,74.614,124.18,0,124.24,149.05,49.69,99.496,49.69,74.43,24.808,74.553,49.684,49.683,124.3,49.751,74.553,49.684,24.869,49.745,74.43,74.559,74.559,49.69,24.869,74.553,24.808,74.491,49.745,124.17,74.626,99.293,74.553,99.429,74.614,24.808,124.24,148.93,74.559
135,2,0.00267,0,24.845,49.689,0,0,0,0,0,0,49.622,74.418,0,0,49.671,49.653,99.342,149.12,49.591,0,0,0,0,49.665,124.26,49.653,0,74.534,0,99.453,0,49.653,74.534,74.534,0,74.535,74.387,99.348,0,0,74.584,74.559,0,0,124.1,124.19,24.845,0,0,74.485,74.418,0,0,49.689,24.869,124.13,0,74.387,0,0,99.434,74.479,49.689,124.08,24.796,99.404,49.739,24.869,24.869,49.689,49.689,0,99.305,0,0,0,24.869,49.739,148.84,0,0,99.379,49.739,74.479,49.739,24.869,0,0,124.13,74.608,0,0,0,0,198.49,0,0,0,0,99.404,74.534,74.436,24.796,149.09,49.739,0,0,24.826,74.516,124.3,0,0,0,24.796,49.591,24.845,74.534,49.653,124.26,24.869,99.183,0,0,74.534,0,0,0,0,0,74.534,49.696,124.19,74.387,0,0,0,74.608,24.869,0,149,74.448,0,0,24.845,0,74.608,24.796,49.591,74.608,0,99.305,99.183,0,49.739,124.22,0,24.845,49.689,0,0,0,99.183,24.796,24.845,149.01,24.869,0,149.13,49.591,49.739,0,74.608,0,0,0,0,24.826,0,124.08,148.97,49.739,0,49.714,198.66,0,74.534,0,0,0,0,0,0,0,0,0,74.479,0,99.478,74.534,0,0,0,0,0,0,0,0,0,0,0,0,0,0,0,0,0,24.845,24.796,24.796,0,0,24.869,0,0,0,0,0,0,0,49.653,0,0,0,0,0,0,0,0,0,0,0,0,0,0,0,0,0,0,0,0,0,0,24.845,0,24.796,0,24.845,0,0,0,0,0,0,0,0,0,0,0,0,0,0,0,0,0,0,0,0,0,0,24.826,24.869,0,0,0,0,0,0,0,0,0,0,0,0,0,0,0,0,0,0,0,0,0,0,0,0,0,0,0,0,0,0,0,0,0,0,0,0,0,0,0,0,0,0,0,0,0,0,0,0,0,24.826,0,24.826,24.826,0,0,0,0,24.826,24.869,0,0,0,0,0,0,0,0,0,24.845,0,0,0,0,0,0,0,0,0,0,0,0,0,0,0,0,0,0,0,0,0,0,0,49.591,0,0,0,0,0,0,0,0,24.826,0,0,0,0,0,0,0,0,0,0,0,0,0,0,0,0,0,24.796,0,0,0,0,0,49.671,0,24.869,24.845,24.826,74.608,49.696,74.516,248.35,74.497,99.361,99.244,223.55,124.21,124.09,273.21,149.09,148.98,74.54,124.17,173.9,49.739,124.19,124.11,149.09,74.497,149.03,49.671,149.07,49.622,99.367,124.11,74.522,99.342,49.665,124.09,148.98,74.497,149.06,74.522,149.11,49.622,173.83,49.714,223.56,74.522,74.497,24.826,0,74.54,99.385,0,173.8,74.516,99.379,74.584,74.51,99.306,148.95,149.01,0,173.8,74.54,24.869,74.491,99.41,74.387,173.73,49.714,124.11,49.665,148.98,74.516,74.51,49.591,49.665,148.98,49.714,49.665,74.461,74.418,49.622,173.81,99.287,148.99,24.796,149.01,74.51,74.54,74.491,74.516,49.696,24.845,99.293,49.714,173.78,49.689,49.665,99.275,124.21,124.17,173.9,0,148.96,99.33,74.436,99.275,24.826,198.6,49.696,74.479,74.436,99.262,99.33,74.584,124.21,149.01,99.306,49.64,99.306,124.08,49.64,99.336,49.622,124.06,99.287,74.54,124.21,99.379,99.348,74.516,0,99.336,0,198.76,49.653,74.479,99.391,0,74.54,74.461,24.845,49.622,99.355,24.869,74.418,99.311,74.535,74.436,49.653,74.485,24.845,74.491,74.491,74.54,74.516,74.565,74.584,24.826,74.491,0,24.826,99.287,99.428,24.869,124.09,223.63,99.336,124.28,124.18,74.522,99.318,49.689,74.584,24.869,24.796,99.453,0,124.07,74.522,99.434,124.06,99.262,24.869,124.22,0,173.8,24.845,24.796,24.845,24.796,74.467,0,49.64,24.826
135,2,0.001336,0,0,0,24.82,49.64,0,0,0,0,24.832,124.22,74.516,0,99.403,0,74.461,24.851,74.552,24.851,24.82,99.281,74.485,24.832,0,49.702,24.851,24.832,149.05,24.82,0,0,49.701,0,0,74.461,24.82,0,0,49.702,74.534,74.497,0,24.832,74.552,74.461,0,0,74.552,0,0,0,74.552,0,173.79,99.402,0,0,24.851,0,0,99.329,0,24.851,148.98,0,0,24.832,0,99.403,0,0,0,0,24.82,49.64,74.552,24.851,0,49.671,0,0,74.461,49.665,0,0,0,0,0,0,173.88,0,24.832,74.497,0,0,99.403,49.701,0,24.851,0,0,0,0,0,74.552,49.64,49.64,124.22,74.534,0,0,0,0,24.851,74.515,74.552,49.702,0,49.701,0,0,0,74.461,0,0,0,0,24.851,0,0,49.665,49.701,49.701,0,0,49.64,124.22,24.851,49.701,0,0,0,24.832,124.22,49.702,49.702,24.82,0,24.851,0,0,49.701,74.461,74.497,0,0,0,0,0,0,24.832,0,49.701,74.552,0,0,124.18,0,0,74.461,49.701,0,0,99.403,74.552,0,0,0,0,0,0,74.497,74.552,0,0,74.461,99.402,0,0,0,0,0,0,74.461,74.522,24.851,0,24.832,124.22,0,0,0,0,0,0,0,24.82,0,24.832,24.851,0,0,0,0,24.851,0,0,0,0,0,0,24.832,0,0,0,0,0,0,0,0,0,0,0,0,0,0,0,0,0,0,0,0,0,0,24.851,0,0,0,0,0,0,0,0,0,0,0,0,0,0,24.851,0,0,0,0,24.851,0,0,0,0,49.701,0,0,0,24.82,0,0,0,24.82,0,0,0,0,0,0,0,0,0,0,24.832,0,24.832,0,0,0,0,0,0,0,0,0,0,24.851,0,0,0,0,0,0,24.832,0,0,0,0,0,0,0,0,0,0,0,24.82,0,0,0,0,24.82,0,0,0,0,0,0,0,0,0,0,0,0,24.82,24.82,0,0,0,0,0,0,0,0,0,0,0,24.82,24.832,0,0,24.832,0,0,0,0,0,0,0,0,0,0,0,24.851,0,0,24.82,0,0,0,0,0,0,0,0,0,0,0,0,49.702,0,0,0,0,0,0,0,0,0,0,0,0,0,24.82,0,0,0,0,0,0,0,49.671,0,0,0,49.702,0,0,0,24.851,0,0,74.522,99.342,99.372,124.16,99.384,74.522,99.372,24.851,74.503,49.665,124.2,49.653,148.99,99.385,124.19,49.701,49.701,49.701,49.64,49.702,99.354,173.89,24.851,24.851,49.701,49.702,198.74,99.305,24.832,24.832,99.305,74.491,24.851,74.515,99.366,74.552,49.701,0,49.702,74.534,49.665,24.851,24.851,74.503,0,49.671,49.671,0,49.702,24.832,24.82,24.851,24.832,24.851,0,74.485,74.534,99.354,99.366,24.851,0,0,74.552,0,24.851,24.832,74.485,49.671,49.701,99.385,24.851,24.851,0,49.671,0,49.683,0,49.683,24.851,0,24.851,24.851,0,24.851,49.671,0,0,0,0,24.851,24.851,24.82,0,49.671,49.701,24.851,24.832,24.851,24.832,0,0,0,0,0,24.851,24.82,49.683,74.503,0,0,0,24.82,24.851,99.366,24.832,0,24.832,24.851,0,0,74.534,24.851,24.851,99.354,0,0,0,0,0,0,49.683,0,24.851,0,24.82,74.552,0,24.851,0,0,24.832,0,24.832,0,0,0,24.851,49.701,0,24.851,0,0,0,24.851,74.503,49.653,0,0,0,49.702,0,0,99.403,24.851,0,0,0,0,24.82,24.851,0,0,49.701,0,0,0,0,24.851,0,24.851,49.701,0,24.851,0
135,2,0.000668,0,49.641,24.82,0,0,0,74.461,99.293,49.646,0,0,0,0,74.405,0,0,49.603,0,0,0,0,49.627,74.477,49.652,0,0,99.379,24.845,0,49.641,0,24.845,24.845,0,0,0,0,0,0,49.652,74.477,0,0,0,0,0,74.461,0,0,0,24.802,0,0,24.826,0,0,0,0,0,0,74.461,0,49.69,24.845,0,24.826,49.652,24.845,0,0,0,74.461,0,0,0,49.603,49.627,49.652,49.69,0,0,0,148.99,0,0,49.69,124.05,0,0,0,0,24.82,74.461,0,0,74.405,124.13,24.845,49.69,0,0,0,0,124.06,49.622,0,0,0,74.534,0,0,74.477,74.461,74.405,74.534,0,0,49.652,99.287,49.627,74.405,0,0,0,74.534,0,148.94,0,0,24.802,0,74.461,0,74.453,124.06,0,74.534,0,0,0,0,74.461,0,74.405,0,0,0,49.69,0,0,0,0,0,74.405,49.627,24.826,74.477,24.826,0,0,0,49.69,124.12,24.82,223.34,99.255,0,74.534,24.826,0,74.534,0,49.603,24.802,0,0,74.534,49.603,0,99.281,24.826,0,0,0,0,0,0,0,0,0,49.641,124.12,0,49.652,0,24.802,49.603,0,0,99.303,0,0,24.826,0,0,0,0,0,0,24.826,0,0,0,0,49.603,24.82,0,0,24.802,0,0,24.82,0,0,0,24.826,0,0,0,0,0,0,0,0,0,0,0,0,24.82,0,0,0,0,0,0,0,0,0,0,0,0,0,0,0,0,0,0,0,0,0,0,0,0,0,0,0,0,24.845,0,0,74.515,0,0,0,0,0,0,0,0,0,0,0,0,0,0,0,0,0,0,0,0,0,0,0,0,0,0,0,0,0,0,0,0,0,0,0,24.826,0,24.82,0,0,0,0,0,24.802,24.82,0,0,0,0,24.82,0,0,0,0,0,0,0,24.826,0,0,0,0,0,0,0,0,0,0,0,24.82,0,0,0,0,0,0,24.802,24.845,0,0,0,24.82,0,0,0,0,49.646,49.622,0,0,24.826,0,24.82,0,0,24.802,0,0,0,0,0,0,0,0,24.845,0,0,0,0,0,24.82,0,0,0,0,0,24.802,0,0,0,0,0,0,24.845,0,0,0,0,0,0,24.845,0,49.671,0,0,0,24.826,49.622,24.82,49.665,0,0,24.802,0,24.802,0,74.453,0,24.802,0,49.646,74.423,0,0,24.802,24.845,49.671,49.641,24.82,24.82,0,49.652,0,24.802,74.491,49.646,24.826,24.82,0,0,0,24.845,0,99.273,0,0,0,49.646,0,24.845,0,124.12,49.671,24.845,0,24.826,24.826,0,24.845,49.622,49.665,49.671,24.845,74.51,24.82,0,49.69,0,49.646,0,24.82,0,0,49.646,24.826,0,24.802,24.802,0,0,0,24.845,0,0,0,24.802,24.82,0,0,49.603,24.802,24.82,0,24.802,0,24.826,0,49.646,99.273,24.845,0,24.845,24.802,49.622,0,49.641,0,0,24.802,24.826,0,49.622,49.646,24.845,24.826,0,24.802,0,0,0,24.802,24.826,0,0,0,24.826,0,24.802,49.646,24.802,0,0,0,24.826,0,24.845,0,24.826,0,49.603,24.845,0,0,24.802,0,24.82,0,0,49.622,0,24.82,24.826,24.845,0,24.802,24.802,99.273,0,0,0,0,0,0,0,0,74.442,49.627,0,24.826,49.671,0,24.826,24.802,0,24.826,24.826,49.622,0,24.802,24.802,0,49.665,24.82,0,0,0,24.845,0,0,0,0,0,24.826,24.82,24.826,24.82,0,24.82,24.845
135,8,0.0424,74.294,0,0,0,0,0,49.566,24.783,0,24.759,24.783,49.566,0,0,0,0,0,0,74.22,0,0,0,0,24.759,49.499,98.997,49.517,49.517,74.294,74.349,49.517,74.349,24.74,0,0,49.529,0,49.517,24.74,24.74,0,0,0,74.349,0,0,98.96,0,0,0,74.276,0,49.529,49.529,0,0,0,49.566,49.566,123.75,24.765,0,49.517,49.517,0,0,0,74.294,99.132,49.517,74.239,24.74,0,0,0,0,49.529,0,0,0,0,0,0,148.57,74.294,0,0,0,0,0,74.276,0,0,49.529,49.529,0,0,0,0,99.132,24.74,49.48,0,99.077,0,0,49.517,24.759,0,98.96,0,49.529,49.529,0,0,74.276,24.759,99.132,0,0,0,0,0,74.22,0,0,0,99.132,24.74,74.22,49.529,99.041,0,0,0,0,0,0,0,0,24.783,49.566,0,74.269,148.5,0,0,24.765,49.529,0,0,0,0,0,74.349,123.84,99.009,0,0,0,0,0,74.276,24.759,0,0,0,0,0,0,74.22,24.74,74.331,49.529,24.765,24.74,74.22,0,0,0,0,0,123.9,49.529,0,49.517,49.517,0,0,0,0,0,0,0,99.132,0,0,74.294,24.765,0,0,0,0,0,0,0,0,0,0,24.783,0,0,24.74,0,0,0,0,0,0,0,0,0,0,0,0,0,0,0,24.759,0,0,24.765,0,24.759,0,0,0,24.783,24.74,24.765,0,0,24.783,0,0,0,0,0,0,0,0,0,0,0,0,0,0,0,0,24.783,0,0,0,0,0,0,0,0,0,0,0,0,0,0,0,0,24.74,24.765,24.783,0,0,0,24.74,0,0,0,0,0,0,0,0,0,0,24.783,0,0,0,0,24.759,0,0,0,0,0,0,0,0,0,0,0,0,0,0,0,24.783,0,0,0,0,24.759,0,0,0,0,0,24.74,0,0,0,0,0,49.505,0,0,0,0,24.765,0,0,0,0,0,0,24.74,0,0,0,24.765,24.74,0,0,0,0,0,0,0,24.74,0,0,0,0,0,0,0,0,0,0,0,0,0,0,0,0,0,0,0,0,0,0,0,24.765,24.783,0,0,0,0,0,0,0,0,0,0,24.74,0,0,0,0,0,0,0,0,24.759,0,0,0,0,24.74,0,49.517,99.016,49.499,24.74,24.74,0,0,0,49.523,49.48,0,0,24.74,0,24.765,0,24.783,0,24.759,49.548,0,0,0,24.74,0,24.783,0,24.765,0,24.759,0,0,0,0,24.765,0,0,0,0,24.765,0,24.759,0,0,24.74,49.548,24.765,0,24.74,0,24.74,0,0,24.765,24.74,0,0,0,24.759,24.783,0,0,0,0,0,24.765,24.783,24.783,49.529,49.48,0,0,0,0,0,0,0,24.783,0,0,0,0,0,0,0,0,24.765,49.48,0,0,0,0,0,0,0,0,0,24.765,0,0,0,0,0,0,0,0,0,24.74,24.74,24.765,0,0,0,24.74,24.759,0,0,0,24.759,24.74,24.759,0,24.74,24.765,24.74,0,0,0,0,0,24.74,0,0,24.74,0,49.542,0,0,24.74,0,24.759,24.759,49.542,24.783,0,24.765,49.48,24.783,74.263,0,24.765,24.74,24.783,0,0,24.759,0,0,24.74,0,0,0,0,0,24.74,0,74.269,0,24.74,24.765,0,24.759,24.759,0,24.759,24.765,0,24.765,0,0,0,0,24.783,24.74,0,0,0,0,74.282,0,0,0
135,8,0.0212,0,49.493,0,49.518,123.65,49.628,24.814,0,0,0,0,0,0,0,0,0,0,0,0,0,0,49.493,0,0,0,0,0,0,0,148.68,0,0,74.129,0,148.52,74.277,0,0,148.54,74.202,0,0,0,0,0,0,74.441,99.035,74.239,0,49.42,24.71,0,0,24.746,74.319,99.023,24.746,24.71,24.71,0,74.129,0,74.387,49.628,49.493,0,0,99.035,0,0,0,0,123.76,49.628,24.759,123.76,24.814,49.628,0,0,24.746,123.93,98.839,0,74.441,0,0,0,148.41,0,49.493,0,0,0,99.145,24.759,0,74.129,24.71,0,0,74.277,49.518,0,24.746,49.493,24.814,49.628,0,0,0,0,0,98.985,74.441,74.129,24.814,0,74.441,74.251,123.73,74.129,24.71,0,0,0,0,0,0,24.759,99.145,24.814,0,0,148.4,49.42,0,0,0,0,0,0,0,74.277,0,98.985,0,0,49.42,49.42,74.441,0,0,98.937,24.71,74.178,99.023,0,49.493,49.493,0,74.441,49.42,24.71,0,24.746,98.998,0,0,74.277,0,0,0,0,99.151,74.129,74.239,0,0,0,0,98.839,148.46,123.93,0,0,0,0,0,74.129,0,0,0,74.129,0,0,74.239,0,0,24.71,24.746,0,0,0,24.759,0,24.746,24.759,0,0,0,0,0,24.759,0,0,0,0,0,0,0,0,0,0,0,0,0,0,0,0,0,0,0,0,0,0,0,0,0,0,0,24.814,0,0,24.759,0,0,0,24.814,0,0,0,0,0,24.746,0,0,0,0,0,0,0,0,0,49.456,0,0,0,0,0,0,0,0,0,0,0,0,0,0,0,0,0,0,0,0,0,0,0,0,0,24.759,0,0,0,0,0,0,0,0,0,0,0,0,0,0,0,0,0,0,0,0,0,0,0,0,0,0,24.71,0,0,0,0,0,24.759,0,0,0,0,24.759,0,0,0,0,0,0,24.814,0,0,0,0,0,0,0,0,0,0,0,0,24.814,0,0,0,0,0,0,0,0,0,0,0,0,0,24.814,0,0,0,24.746,0,0,0,0,0,0,0,0,0,0,0,0,0,0,0,0,0,0,0,0,0,0,24.759,0,0,0,0,0,0,0,0,24.746,0,24.814,0,0,24.71,0,0,24.814,74.239,99.01,24.759,99.01,24.746,0,0,49.505,24.746,0,24.71,0,0,0,24.759,24.71,0,24.814,0,0,0,0,0,24.759,24.746,49.469,24.759,0,0,0,0,0,49.56,24.759,49.56,0,0,24.746,24.759,0,0,74.228,49.524,24.814,0,49.524,24.814,0,24.814,49.469,24.746,49.469,74.337,0,74.319,24.759,24.759,148.6,74.306,24.759,24.746,24.814,24.814,49.518,24.71,24.814,0,49.493,24.759,49.56,49.524,24.71,0,24.759,0,49.628,0,24.759,24.746,24.814,49.493,49.573,98.949,24.746,0,24.759,74.228,24.759,0,24.71,0,0,0,0,0,24.746,24.746,24.759,24.814,24.746,49.456,24.759,24.759,24.746,0,0,0,49.469,24.814,24.71,24.814,24.759,0,49.493,0,0,24.71,24.746,0,24.759,0,0,0,0,24.814,0,24.759,0,24.746,49.524,24.746,24.759,0,24.71,24.759,0,24.746,24.71,0,24.759,49.42,24.746,0,0,0,0,0,24.814,24.759,0,49.518,0,24.759,0,49.524,0,0,24.71,49.56,0,0,49.573,49.524,0,0,49.573,0,0,24.759,0,24.759,0,0,0,0,24.71,24.746,49.469,0,0,24.746,0,49.505,74.166,0,24.814,0,49.469,0,0,0,0
135,8,0.0106,0,0,0,0,0,74.184,49.578,49.578,99.009,0,0,0,24.789,49.542,123.76,0,0,49.505,74.35,99.151,0,49.578,0,0,49.566,24.783,0,24.752,0,0,0,0,24.728,0,24.728,0,99.133,0,173.38,173.26,24.752,0,49.456,0,0,74.184,0,74.368,99.133,99.009,24.783,0,24.728,49.456,24.783,0,99.083,24.752,24.752,49.566,49.566,0,148.55,24.789,74.257,0,0,0,24.728,24.789,173.36,74.184,0,0,0,0,74.368,24.783,74.295,49.456,0,99.12,49.505,24.752,0,24.789,49.578,0,0,24.783,0,0,0,74.184,0,99.133,0,123.84,49.542,0,0,74.35,98.912,0,0,0,24.728,49.578,24.789,99.009,0,0,49.48,49.456,0,49.536,24.789,0,24.728,123.82,74.356,49.566,0,49.505,0,0,0,49.505,49.542,74.368,24.789,24.783,49.566,0,0,0,0,0,0,49.456,49.505,74.257,0,0,0,0,24.783,123.93,0,0,0,0,0,24.728,74.184,0,74.368,0,0,0,74.257,0,0,0,0,0,24.783,74.35,0,0,74.184,24.783,99.157,99.133,0,0,0,98.985,24.728,74.35,0,0,24.752,49.505,49.505,173.32,24.789,49.566,0,74.368,0,0,0,0,0,0,0,0,0,0,0,0,0,0,0,0,0,0,0,0,0,0,0,0,0,0,24.752,0,0,0,0,24.752,0,0,0,0,0,0,0,0,0,0,0,0,0,0,0,0,0,0,0,0,0,0,0,0,0,0,0,0,0,0,0,0,0,0,0,0,0,24.728,0,0,0,0,0,0,0,0,0,0,0,0,0,0,0,0,0,0,0,0,0,0,0,24.752,24.783,0,0,0,0,0,0,0,0,0,0,0,0,0,0,0,0,0,0,0,0,0,0,0,0,0,0,24.783,0,0,0,0,0,0,24.783,0,0,24.752,0,0,0,0,0,0,0,24.752,0,0,0,0,0,0,0,0,0,0,24.783,0,0,0,0,24.789,49.566,0,0,0,0,0,0,24.789,24.789,0,0,0,0,0,0,0,0,0,0,24.752,0,0,0,0,0,0,0,0,24.728,0,0,0,0,0,0,0,0,0,0,0,0,0,0,0,0,24.783,0,0,24.783,24.752,0,0,0,24.783,0,0,0,0,0,0,0,0,0,24.783,74.35,0,49.566,24.752,0,0,49.505,24.783,0,0,24.783,74.325,49.505,0,24.752,0,0,24.728,99.077,74.325,24.752,49.505,24.752,24.789,74.27,24.783,99.083,74.319,24.783,98.985,74.356,99.114,99.102,148.63,99.047,24.783,148.56,99.016,123.9,24.728,24.728,98.992,74.325,173.3,123.74,0,99.108,74.27,24.783,99.029,49.511,49.505,49.566,24.789,99.077,24.728,74.319,74.209,0,74.319,49.566,49.456,99.108,49.536,98.992,49.505,99.078,99.12,24.783,74.288,49.505,24.783,99.029,49.572,24.752,0,0,49.542,0,123.81,49.566,49.542,99.071,24.728,49.456,49.48,24.789,49.48,24.752,74.362,123.75,74.245,24.752,74.356,24.728,24.752,49.456,99.059,49.517,74.295,24.728,24.789,74.301,24.728,24.728,49.542,74.184,0,49.566,49.511,0,24.728,24.789,49.505,0,24.783,49.572,24.752,24.752,49.48,0,0,24.783,24.783,24.783,0,24.783,0,0,74.233,49.511,0,24.789,24.752,0,49.542,24.752,0,0,0,0,0,0,0,24.752,0,24.728,24.728,99.029,74.295,0,24.728,24.728,24.728,49.578,0,49.566,0,49.536,0,0,0,0,24.728,24.752,0,24.728,0,49.456,49.517,0,0,0,0,0,24.728,49.572,0,0,0,0,0,0,0,0,24.783,0,24.783,24.728,24.752
135,8,0.0053,24.814,0,0,0,0,0,24.845,74.534,0,74.627,24.876,49.628,24.814,24.839,74.516,74.627,0,0,0,0,74.516,124.35,49.69,0,0,0,49.677,74.627,74.627,49.659,99.305,24.839,0,0,49.677,99.472,99.379,0,49.628,49.628,0,49.69,49.69,74.528,74.516,24.839,74.473,99.503,0,24.876,0,0,0,149.19,24.876,49.69,0,0,0,74.516,74.534,24.814,49.628,0,0,0,24.845,49.751,0,0,49.69,0,74.442,0,74.504,24.814,0,0,99.354,0,99.367,24.845,0,0,0,49.677,49.628,0,99.503,0,0,74.534,0,0,0,0,0,0,124.12,49.653,0,0,0,0,74.627,24.876,49.69,49.69,99.503,0,0,0,0,99.256,0,99.354,0,0,24.814,24.814,124.32,74.522,24.839,49.677,0,24.876,49.751,0,0,74.534,0,0,49.628,24.814,24.839,74.516,0,0,0,0,124.22,49.751,0,0,99.354,0,0,49.751,0,74.442,0,0,0,0,74.534,0,0,0,0,0,0,24.839,99.465,74.442,49.69,24.845,99.354,49.628,0,0,0,0,74.534,0,0,0,0,0,49.628,49.628,49.751,0,0,49.69,74.522,24.839,0,74.596,99.441,0,74.534,99.348,74.442,24.839,49.677,0,0,0,0,24.814,0,0,0,0,0,0,0,0,0,24.845,24.845,0,24.814,0,0,0,0,0,0,0,0,0,0,24.845,0,0,0,0,0,0,0,0,0,0,24.814,0,0,24.845,0,0,0,24.814,0,0,0,0,0,24.845,0,0,0,0,0,0,0,0,0,0,0,0,0,0,0,24.876,24.876,0,0,0,24.839,0,0,0,0,0,0,0,0,0,0,0,0,0,0,0,24.839,0,0,0,0,0,0,0,24.845,0,0,0,0,0,0,0,0,0,24.814,0,0,0,0,0,0,0,24.839,24.839,0,0,0,0,0,0,0,0,0,0,0,0,0,0,24.876,0,0,24.876,0,0,0,0,0,0,0,0,0,0,0,0,0,24.839,0,24.839,0,0,0,0,0,0,0,0,0,0,0,0,24.876,24.876,0,0,0,24.839,0,0,0,0,0,24.839,0,0,0,0,0,0,0,24.845,0,0,24.876,0,0,0,0,24.839,0,0,0,0,0,24.876,0,0,0,0,0,0,0,0,0,0,0,0,0,49.69,24.845,0,24.839,0,24.814,49.751,124.27,24.876,74.504,173.92,124.22,173.85,99.379,99.342,99.398,0,124.22,49.69,99.36,49.677,74.565,24.814,74.497,49.683,49.69,0,124.25,24.839,24.876,99.317,0,0,74.504,49.683,24.839,24.845,99.441,74.559,74.528,49.72,24.845,74.528,0,0,24.839,24.839,24.814,49.69,74.534,0,49.659,24.876,24.814,24.814,0,0,0,24.839,0,0,24.845,24.876,24.839,0,24.845,24.814,0,0,0,24.839,0,0,0,24.839,0,0,0,24.839,0,0,49.69,0,24.839,24.845,0,0,0,0,49.653,0,0,0,24.876,24.839,0,24.814,24.876,24.876,0,0,24.839,74.466,24.814,0,0,24.876,24.876,24.839,0,24.876,24.845,24.845,24.814,0,0,0,0,0,0,0,0,24.845,0,0,0,24.845,0,0,24.839,0,0,0,0,24.814,49.628,24.876,0,0,0,0,24.845,24.839,0,0,0,0,24.839,0,0,24.814,49.628,0,0,0,0,0,0,0,0,0,0,0,0,24.876,24.876,24.814,49.659,24.814,0,0,0,49.714,24.839,0,0,24.814,0,24.845,24.876,49.653,0,24.839,0,0,24.814,0,0,0,24.814,24.814,0,0,24.839,24.814
135,8,0.00267,0,0,0,0,0,24.851,74.609,0,49.739,0,99.392,24.839,0,24.839,24.87,0,0,49.739,24.87,49.739,0,49.739,0,0,24.839,49.677,0,0,0,49.603,0,0,0,24.839,49.677,0,74.553,0,0,0,74.609,0,0,99.392,74.516,0,0,0,0,0,0,0,0,24.851,148.96,0,49.739,0,74.516,0,0,49.721,74.59,49.702,0,0,0,0,0,74.553,99.479,0,99.355,0,74.473,49.739,0,0,0,0,24.851,74.553,24.802,49.603,0,24.839,74.516,0,0,99.479,0,0,223.47,24.839,24.839,0,0,0,0,74.553,0,0,0,0,0,0,0,74.516,0,0,74.405,49.702,74.59,74.553,24.851,99.479,0,0,0,74.405,0,0,49.677,0,0,74.609,49.603,24.802,0,0,74.516,24.87,99.479,149.07,24.87,49.739,74.405,0,0,0,0,0,0,49.702,49.702,0,0,148.96,0,0,0,0,49.739,49.739,0,0,0,74.516,0,0,74.405,0,74.516,0,49.702,99.46,0,0,0,198.69,24.839,0,74.553,0,0,74.516,0,74.405,0,0,0,0,0,74.59,99.441,24.87,24.839,0,0,0,24.802,99.28,24.839,74.609,0,99.404,0,124.29,24.87,49.603,0,24.851,0,0,0,24.87,0,0,0,0,0,24.802,0,0,24.851,0,0,0,0,0,0,0,0,0,0,0,0,0,0,0,0,0,0,0,0,0,0,0,0,0,0,0,0,0,0,0,0,24.87,0,0,0,0,24.839,24.87,0,0,0,0,0,0,0,0,0,0,0,0,0,0,0,0,0,24.87,0,0,24.839,0,0,0,0,0,0,0,0,0,0,0,0,24.839,0,0,0,0,0,0,0,0,0,24.839,0,0,0,0,0,0,0,0,0,0,0,24.839,0,24.802,0,0,24.839,0,0,0,0,0,0,0,0,0,0,0,0,0,0,0,0,0,0,0,0,0,0,24.839,0,0,24.802,0,24.851,0,0,0,0,24.839,24.87,0,0,0,0,0,0,0,0,24.87,0,24.802,0,0,0,0,0,0,24.851,0,0,24.839,24.839,0,0,0,0,0,0,24.839,0,0,0,0,0,0,0,0,0,0,0,0,0,0,24.802,0,0,0,0,0,0,0,24.87,49.69,0,24.839,24.839,0,0,0,0,0,49.671,49.677,24.87,24.851,99.417,99.392,74.559,24.839,49.69,74.528,24.802,49.739,49.69,49.677,0,49.702,0,24.87,0,0,0,0,49.64,0,0,74.405,24.802,24.87,0,24.87,0,24.851,24.839,0,24.87,24.851,74.541,24.802,24.851,49.69,0,0,0,49.69,24.802,49.708,49.653,49.653,0,0,0,0,24.851,24.87,24.839,0,0,0,0,0,0,0,24.87,0,0,0,24.87,0,24.87,24.851,0,0,0,0,0,0,0,0,24.851,0,0,24.839,0,0,0,0,0,0,0,0,24.802,0,0,24.851,0,0,24.839,49.64,0,24.839,24.87,0,49.69,0,24.839,0,0,0,0,0,0,0,0,0,0,24.802,0,24.802,0,0,0,24.87,0,24.802,24.839,0,0,24.87,0,0,24.87,0,0,0,0,0,0,24.802,0,0,0,0,24.87,49.708,0,24.839,0,24.87,24.802,0,0,24.802,49.69,0,0,49.708,0,0,49.69,0,0,24.839,0,0,0,0,0,24.87,0,0,0,24.802,0,0,0,0,0,0,0,24.87,49.721,24.87,0,0,0,0,0,0,0,0
135,8,0.001336,49.739,0,0,99.459,0,0,0,0,0,0,0,0,0,0,0,0,74.553,0,0,0,0,0,49.726,0,74.608,24.869,0,0,24.869,0,74.608,0,0,0,0,99.379,49.702,24.851,0,0,0,0,74.589,0,0,74.553,24.851,0,99.379,0,99.478,74.589,0,0,0,0,0,0,0,0,0,99.379,0,74.589,0,49.739,0,0,74.534,0,0,99.404,0,0,49.739,49.733,149.12,74.608,0,0,0,0,0,0,0,0,0,74.553,74.534,99.434,24.863,0,0,0,0,0,74.608,0,0,0,99.452,24.845,49.689,0,0,0,0,24.845,49.689,0,0,0,74.608,74.589,0,0,49.726,24.851,49.739,74.553,0,0,74.534,0,49.689,0,0,0,24.869,49.739,0,0,74.534,0,149.15,0,0,74.608,0,0,0,0,0,0,24.851,74.553,0,0,0,0,0,124.25,124.33,0,0,0,0,0,0,0,0,99.404,0,74.589,24.863,74.534,0,0,74.608,0,0,0,0,0,74.553,99.379,0,0,0,0,0,24.845,49.689,24.851,198.9,49.739,49.739,0,0,0,74.553,0,0,0,24.845,149.14,0,0,0,0,0,0,0,0,0,0,0,0,49.733,0,0,0,0,0,0,0,24.845,0,0,0,0,0,0,0,0,0,0,0,0,0,0,0,0,0,0,0,0,0,0,0,0,0,0,24.869,0,0,24.851,24.863,0,24.863,0,0,24.863,0,0,0,0,0,0,0,24.845,24.863,0,0,0,24.869,0,0,0,0,0,0,0,0,0,0,0,0,0,0,0,0,0,0,0,0,0,24.863,0,0,0,0,0,0,0,0,0,0,24.845,0,0,0,0,0,0,0,0,0,0,0,0,0,0,0,24.863,0,0,0,0,0,0,24.851,0,0,0,0,0,0,0,0,0,0,0,0,0,0,0,0,0,0,0,0,0,49.714,0,0,0,0,0,0,0,0,0,0,0,0,0,0,0,0,0,0,0,0,0,24.863,0,0,0,0,0,0,0,0,0,0,0,0,0,0,0,0,0,0,0,0,0,0,0,0,0,0,0,0,0,0,0,0,0,0,0,24.863,24.869,24.869,0,0,24.845,0,24.863,0,24.845,49.689,0,49.733,24.845,24.863,24.845,0,0,49.708,49.721,0,24.851,0,49.714,0,24.869,0,24.869,0,24.869,24.863,49.739,0,0,0,49.696,0,99.423,0,0,0,0,0,0,0,0,49.714,0,0,24.863,24.845,0,0,0,0,24.851,0,24.851,24.845,24.869,0,0,0,0,0,24.863,24.851,0,24.845,24.845,24.869,24.851,0,24.863,0,49.733,0,0,24.851,0,0,0,24.845,0,0,0,0,49.733,24.845,24.845,0,24.863,24.869,0,0,24.851,0,24.869,24.863,24.869,0,24.869,0,0,24.851,24.851,0,0,24.851,0,24.845,0,0,24.863,0,0,0,24.851,24.869,0,0,0,0,24.869,0,0,0,0,24.863,0,0,0,0,0,0,0,0,0,24.845,0,24.869,74.571,0,0,0,24.851,24.845,24.869,0,24.869,0,24.851,24.845,0,0,0,0,0,24.851,24.869,0,0,0,0,0,24.851,24.869,0,24.869,0,24.869,0,0,0,0,24.845,24.863,0,24.869,24.845,0,24.851,24.863,0,24.863,0,0,0,0,0,0,24.851,0,0,0,0,24.845,24.863,24.869
135,8,0.000668,74.479,74.478,0,0,0,0,0,0,49.689,0,74.572,0,49.714,0,0,0,0,0,74.479,0,0,0,0,0,0,74.572,74.478,0,0,0,0,0,0,0,24.826,198.7,198.67,74.572,24.826,0,0,0,24.845,173.86,0,0,0,0,0,0,99.379,0,49.714,74.572,0,0,0,0,0,0,0,99.36,0,24.845,173.8,49.671,24.845,49.714,99.398,49.652,0,0,0,0,24.826,223.56,24.857,24.845,124.17,0,0,0,0,0,0,49.652,0,49.689,149.06,24.826,0,99.324,74.497,24.826,24.845,0,0,24.857,74.572,74.479,0,0,0,0,49.652,24.826,0,0,74.534,0,0,74.534,173.78,0,0,0,0,0,0,0,0,99.379,0,99.305,149.11,74.479,74.479,0,0,0,0,0,0,0,74.479,49.684,74.572,0,74.479,0,0,0,24.845,74.516,0,0,0,74.572,0,74.478,0,0,0,0,99.36,49.653,0,0,99.391,49.714,74.479,0,0,0,0,0,49.689,49.689,0,74.572,24.857,74.478,0,0,74.479,74.572,0,0,0,0,0,0,0,0,124.17,74.534,74.572,148.99,49.653,0,0,0,74.534,0,0,0,74.572,0,74.479,74.478,24.845,0,0,0,0,0,24.857,0,0,0,0,0,0,0,24.857,24.857,24.857,0,0,0,0,0,0,0,0,0,0,0,0,0,0,0,0,0,0,0,0,24.826,0,0,24.857,0,0,0,0,0,0,0,0,0,24.857,0,0,0,0,0,0,0,0,0,0,24.826,0,0,0,0,0,0,0,0,0,0,0,0,0,0,0,0,0,0,0,24.826,0,0,0,0,0,0,0,0,0,0,0,24.826,0,0,0,0,24.826,0,49.702,0,0,24.845,0,0,0,0,0,0,0,0,0,0,24.857,0,0,0,0,0,24.826,0,0,0,0,0,0,24.826,0,0,0,0,24.857,0,0,24.826,0,0,0,0,0,0,0,0,0,0,0,0,0,0,0,24.857,0,0,0,0,0,0,0,0,0,0,0,0,0,0,0,0,0,0,0,0,0,0,0,0,0,0,0,0,0,0,0,0,24.826,24.826,0,0,0,24.826,0,0,0,0,0,0,0,0,0,0,0,49.684,0,49.671,24.826,0,0,49.683,49.689,0,24.826,74.541,49.653,0,49.702,0,74.497,24.826,24.845,0,24.826,0,0,24.826,0,24.826,0,24.857,24.857,24.845,0,0,0,0,49.671,24.826,74.497,24.826,24.826,74.478,24.826,0,49.671,0,0,49.702,49.653,24.826,0,49.653,24.826,49.714,0,24.826,24.826,0,0,0,0,24.826,24.826,24.826,24.826,0,24.826,0,0,24.845,0,24.826,0,24.857,0,0,24.845,0,0,0,0,0,49.714,0,0,0,0,24.826,0,24.826,24.826,24.826,0,24.857,0,49.671,0,24.845,0,49.702,0,0,24.857,0,0,0,49.653,24.845,0,0,49.689,49.652,0,24.826,0,49.653,49.683,0,0,0,24.826,0,0,24.826,0,24.845,0,0,24.826,0,24.857,24.826,24.826,0,0,24.826,49.671,0,0,0,24.857,0,24.857,24.845,49.671,0,0,0,24.845,0,0,24.857,24.857,0,24.826,0,49.653,0,24.857,0,24.845,0,0,0,0,24.857,0,0,0,0,0,0,0,24.857,49.683,0,24.857,24.857,24.857,0,0,0,0,0,0,24.826,0,0,49.683,24.826,0,0,0,0,24.857,24.845,0,24.826,0,49.683,0,0
135,16,0.0424,0,0,0,0,0,0,0,99.311,99.095,0,0,0,0,0,0,0,0,0,0,0,24.789,0,0,0,0,0,0,0,24.789,49.578,24.74,74.22,49.48,49.591,124.07,24.759,0,0,74.367,0,24.74,0,74.22,0,49.517,49.702,74.368,49.578,0,74.552,74.22,74.367,24.789,0,49.702,123.83,24.74,24.74,0,0,0,0,0,0,0,74.257,99.058,49.578,0,0,0,74.552,24.851,0,0,99.034,0,24.74,148.64,0,0,0,0,0,0,0,247.92,49.48,0,24.789,49.578,0,74.552,0,24.851,49.702,49.48,0,0,0,0,198.07,0,0,0,0,74.552,49.517,24.759,0,0,0,0,0,74.367,24.789,98.961,0,0,0,0,74.367,24.851,74.552,0,74.276,0,0,49.578,49.529,74.22,0,0,0,74.276,49.702,74.552,0,0,0,0,0,0,49.517,99.126,0,0,0,74.552,0,74.22,0,24.759,24.759,0,0,74.276,0,0,148.83,98.961,24.759,0,0,0,99.156,0,0,0,0,24.851,98.961,24.851,99.403,0,74.276,74.367,0,0,0,0,0,0,0,148.54,99.065,74.552,0,0,0,0,0,0,0,49.64,74.491,0,0,247.95,0,0,0,0,0,0,0,0,24.74,0,0,0,0,0,0,0,0,0,0,0,0,0,0,0,0,0,0,0,0,0,0,0,0,0,0,0,0,0,0,0,0,24.74,0,0,0,0,0,0,0,0,0,0,0,0,0,0,0,0,0,0,0,0,0,0,0,0,0,0,0,0,0,0,0,0,0,0,0,0,0,0,0,0,0,0,0,0,0,0,0,0,0,0,0,0,24.74,0,0,0,0,0,0,0,0,24.851,0,0,0,0,24.851,0,0,24.74,0,0,0,0,0,0,24.759,0,24.759,0,0,0,0,0,0,0,0,0,0,0,24.851,0,0,0,0,0,0,0,0,0,0,0,0,0,24.851,0,0,0,0,0,0,0,0,0,0,0,0,0,0,0,0,0,0,0,0,24.851,0,0,0,0,0,0,0,0,0,0,0,0,0,0,0,0,0,0,0,0,0,0,24.74,0,0,0,0,0,0,0,0,0,0,0,49.548,0,0,24.851,0,0,0,49.609,49.702,49.609,0,49.64,0,49.48,49.48,0,49.591,24.74,0,24.851,24.759,0,0,0,0,0,0,0,0,0,0,74.288,0,0,0,24.74,123.88,49.702,99.231,0,24.789,198.29,74.38,0,74.35,99.077,49.702,74.368,49.48,0,74.257,74.367,24.851,0,74.306,74.35,24.759,74.429,99.065,0,24.789,74.429,0,74.318,24.74,24.759,0,49.702,24.851,0,24.74,0,0,0,0,24.851,24.851,0,0,24.759,0,0,0,0,0,0,0,24.759,0,24.789,0,24.759,0,24.851,24.74,24.74,0,24.74,24.851,0,0,24.74,0,0,24.759,0,0,0,24.789,0,0,0,0,24.851,0,24.759,0,24.789,0,0,0,0,24.851,0,0,24.789,0,49.548,49.64,0,0,0,0,49.499,0,24.759,49.591,24.789,0,49.64,0,24.851,0,0,74.552,0,49.591,24.759,0,24.789,0,24.851,24.789,24.759,24.789,0,24.74,49.548,24.851,24.759,0,24.759,0,0,0,0,0,0,49.548,0,24.759,49.48,24.759,49.591,0,24.759,24.851,24.759,24.74,0,24.851,24.74,0,0,24.851,49.48,24.851,0,0,24.74,0,24.789,49.64,0,0,0,24.789,24.759,0
135,16,0.0212,99.132,0,0,0,0,0,0,98.998,49.505,0,74.349,0,0,24.753,0,0,0,74.349,0,0,0,0,0,0,74.349,0,49.505,24.783,0,24.783,49.566,24.783,0,198.03,49.566,0,74.349,0,0,0,24.783,74.349,198,148.67,0,74.349,24.783,0,0,0,74.349,49.505,49.566,0,0,148.5,74.349,24.783,99.058,49.529,74.275,0,24.753,24.753,0,99.132,99.022,24.746,123.82,24.783,0,0,74.349,0,0,98.985,0,24.753,74.319,24.783,0,98.985,0,0,74.349,0,74.239,0,0,0,24.783,0,0,49.536,49.566,99.071,24.783,49.566,24.783,49.566,74.349,99.022,0,0,0,0,0,0,0,123.79,24.783,0,0,0,99.132,0,0,74.239,49.566,99.004,24.746,0,0,0,0,0,0,0,74.349,0,0,24.746,49.492,0,0,99.132,0,148.61,0,0,0,74.349,49.505,0,148.59,24.783,0,0,0,24.753,49.505,24.753,0,0,99.095,24.746,74.349,123.88,99.041,0,24.753,74.239,0,0,74.349,74.288,24.753,74.288,123.91,24.783,0,49.566,0,0,0,0,0,0,0,0,0,74.239,0,0,0,0,24.783,49.566,0,98.985,74.349,0,0,0,74.258,99.132,0,0,0,0,0,0,0,0,0,0,24.783,0,24.746,0,0,0,0,0,0,0,0,0,0,0,0,0,0,0,0,0,24.753,0,0,0,0,0,0,0,24.783,0,24.746,0,0,0,0,24.783,0,0,24.746,0,0,0,0,0,0,0,0,0,0,0,0,0,0,0,0,0,0,0,0,0,24.783,24.746,0,0,0,0,0,0,0,0,0,24.753,0,0,24.753,0,0,0,49.566,24.783,0,0,0,0,0,0,0,0,0,24.783,0,0,0,0,0,0,0,24.746,0,0,0,24.746,0,24.783,0,0,0,0,0,0,0,0,0,24.746,49.529,0,0,0,0,0,0,0,0,0,0,0,0,0,24.783,0,0,0,24.783,0,0,0,0,0,0,0,0,0,0,0,0,0,24.753,0,0,0,0,0,24.746,24.783,0,0,0,0,0,0,0,0,0,0,0,0,24.783,0,74.312,0,0,0,0,0,24.753,0,0,0,0,0,0,24.746,0,0,0,0,0,24.753,0,0,0,0,0,0,49.499,0,24.783,24.753,0,24.783,24.783,24.783,0,74.318,24.783,49.505,99.034,49.536,49.566,24.746,24.753,24.753,49.536,49.536,24.746,0,0,74.319,24.753,49.566,24.746,49.536,49.536,74.312,123.81,24.746,74.312,74.276,123.85,74.318,49.529,123.82,148.6,74.282,49.499,98.998,99.065,24.783,123.79,24.746,74.282,49.536,74.282,74.282,99.028,99.132,123.85,123.88,49.499,99.102,24.746,0,74.251,49.536,49.566,123.82,74.312,99.102,74.312,74.288,99.102,74.312,123.85,24.783,49.529,99.041,123.84,99.041,99.095,49.536,74.282,24.783,49.566,49.566,24.783,24.783,24.783,123.85,0,74.282,74.312,49.566,0,99.132,99.095,74.276,49.529,74.288,24.783,49.566,24.783,0,24.783,0,0,49.566,0,24.783,74.312,49.566,74.349,0,74.288,99.102,74.319,49.566,0,74.349,49.529,74.349,24.783,74.349,49.536,74.312,24.783,24.783,0,49.536,24.783,24.783,24.783,0,49.529,24.746,24.753,24.753,49.566,99.065,0,49.566,49.529,0,24.783,24.753,24.753,24.746,24.783,49.536,74.288,49.499,49.566,49.566,24.746,24.753,49.566,24.783,74.251,24.783,24.753,74.319,49.529,24.753,74.288,0,0,49.566,0,24.783,0,49.566,74.319,0,49.499,24.783,0,0,0,0,24.783,99.095,49.566,0,0,99.101,0,0,24.746,49.505,0,0,49.566,0,0,24.783,24.783,49.492,49.566,24.783,24.783,0,24.783,24.783,74.349,24.783
135,16,0.0106,0,74.312,0,0,0,49.529,173.36,248.04,0,0,0,74.572,0,0,0,0,24.771,24.857,74.572,0,99.04,0,49.541,0,99.244,198.28,24.758,0,0,24.771,99.071,0,74.572,0,0,49.517,0,74.479,0,49.529,0,99.071,74.288,24.758,0,49.714,0,0,74.275,99.059,99.256,0,0,74.275,0,24.771,74.312,0,0,74.294,0,0,0,0,74.275,99.083,0,74.3,24.765,0,0,0,74.306,49.535,0,0,0,0,24.857,74.572,99.034,99.065,74.312,0,0,0,0,49.529,0,0,0,0,74.572,49.541,24.771,49.517,0,0,0,0,0,0,49.541,24.771,74.294,0,0,124.09,24.758,49.517,99.336,0,0,24.765,0,0,0,0,0,24.765,49.529,0,0,0,49.616,49.714,173.35,99.059,74.572,0,24.857,24.857,0,0,0,0,0,123.84,24.771,0,49.616,223.17,0,74.312,0,0,0,0,0,0,74.294,0,0,74.275,0,0,0,24.857,99.256,49.541,24.765,0,24.758,49.517,0,24.765,0,0,148.77,74.479,24.765,0,173.35,24.771,0,0,0,0,0,24.765,148.96,0,74.275,49.517,99.083,0,0,0,0,0,74.275,49.714,123.94,74.485,0,0,74.294,0,0,0,0,0,0,0,0,0,0,49.616,0,0,0,0,0,0,0,24.771,24.771,0,24.765,0,0,0,0,0,0,0,24.765,0,0,0,24.765,0,0,24.765,0,0,0,24.857,0,0,0,0,0,0,0,0,0,0,0,0,24.857,24.765,0,0,0,0,0,24.765,0,0,0,0,0,0,0,0,0,0,0,0,0,0,0,0,0,0,0,0,24.758,0,0,0,0,0,0,0,0,0,0,0,0,0,0,0,0,0,0,24.771,0,0,0,0,0,0,24.765,0,0,0,0,0,0,0,0,0,0,0,0,0,0,0,0,0,0,0,0,0,0,0,0,0,0,0,0,0,0,0,0,0,0,0,0,0,0,24.758,24.758,0,0,0,0,0,0,0,0,24.765,0,0,0,24.771,0,0,0,0,0,0,0,0,0,0,24.758,0,0,0,0,0,0,0,0,0,0,0,0,0,0,24.758,0,0,0,0,0,0,0,0,0,24.765,0,0,0,0,0,0,24.765,49.714,0,49.529,0,0,24.857,24.765,24.857,49.714,0,0,49.517,24.758,24.765,49.517,49.517,49.628,173.35,123.8,99.058,198.3,49.517,123.83,74.294,148.69,124,99.25,173.36,99.336,99.151,74.485,99.059,222.96,148.79,99.244,123.92,148.69,99.151,173.44,173.64,24.758,99.336,124.01,148.87,24.857,74.294,99.238,74.393,99.145,24.771,24.765,24.758,0,99.058,74.3,49.622,24.857,123.82,24.857,49.714,49.628,148.59,24.758,49.714,49.523,0,49.622,24.758,74.294,74.485,74.387,24.857,74.393,24.771,74.294,24.771,74.386,99.231,49.529,24.771,24.857,24.857,74.3,99.25,74.3,49.616,24.765,49.529,49.523,0,49.622,0,24.857,74.393,74.294,49.523,24.765,24.765,99.169,24.771,49.714,49.622,74.3,0,24.857,0,24.765,0,0,74.294,24.857,24.771,0,74.479,0,99.157,49.616,24.771,0,0,74.393,99.244,0,24.771,0,49.628,74.3,0,49.622,24.765,0,0,24.765,0,24.857,0,49.535,0,49.622,74.399,24.857,24.857,24.857,49.535,49.628,49.535,24.765,0,24.771,24.771,49.714,0,24.771,49.541,0,99.065,24.765,0,0,24.771,49.714,0,0,24.857,24.758,0,0,0,24.758,0,49.628,74.294,24.857,24.771,24.758,0,0,0,49.616,49.517,24.771,24.765,0,24.765,49.535,24.857,0,24.857,24.857,0,0,49.523,49.517,49.517,24.765,0,0,0,0
135,16,0.0053,0,0,49.763,99.361,0,0,0,0,0,0,0,0,49.653,49.653,0,0,0,0,0,0,0,0,0,24.808,49.615,49.615,24.808,0,0,0,0,99.404,99.527,0,0,0,0,74.553,0,99.268,24.808,0,0,0,74.645,0,49.763,24.882,0,0,74.48,0,0,24.851,99.379,24.827,49.615,49.659,0,0,49.763,99.361,0,0,74.553,0,0,49.615,0,0,0,124.24,24.882,0,74.553,0,0,0,0,0,24.851,124.13,24.808,0,0,0,0,0,49.653,99.379,0,0,74.645,0,0,74.553,0,0,49.615,99.287,24.851,99.293,49.615,74.645,0,0,0,0,99.404,0,0,0,0,0,0,0,0,0,99.268,99.336,49.702,0,74.645,0,0,0,0,0,0,74.423,0,0,0,0,124.21,124.3,0,0,0,0,0,0,0,24.851,124.13,24.808,0,0,149.12,0,0,0,0,74.423,24.808,74.48,0,0,24.851,74.553,0,0,0,0,0,74.645,0,0,0,0,248.29,0,0,0,0,0,0,0,0,74.48,0,0,0,0,0,0,74.571,99.305,0,0,0,49.702,0,49.702,0,0,0,173.88,0,0,0,0,0,24.808,0,0,24.882,0,0,0,0,0,0,0,0,0,0,0,0,0,0,0,0,24.882,0,0,0,49.634,0,0,0,0,0,0,0,0,0,0,0,0,0,0,0,0,0,24.882,0,0,0,0,0,0,24.827,0,0,0,0,0,0,24.808,0,0,0,0,0,0,24.827,0,0,0,0,0,0,0,0,0,0,0,0,0,0,0,0,24.827,0,0,24.882,0,0,0,0,0,0,0,0,0,0,0,0,0,0,0,0,0,0,0,0,0,0,0,0,0,0,0,0,0,0,0,0,49.689,0,0,0,0,0,24.882,0,0,0,0,0,0,0,0,24.808,0,0,0,0,0,0,0,0,0,0,24.882,0,0,49.689,0,0,0,0,0,0,0,0,0,0,0,0,0,0,24.882,24.851,0,0,0,0,49.733,0,0,0,0,0,0,0,0,0,0,0,0,0,0,0,0,0,0,24.827,0,24.851,0,0,24.851,24.882,0,0,0,0,0,0,24.808,0,0,49.659,0,0,24.851,74.645,174.02,74.51,24.851,49.733,0,0,0,24.808,24.808,0,0,0,0,24.827,0,24.808,0,0,0,24.827,49.689,24.851,0,0,0,0,0,0,0,0,0,0,0,49.708,0,0,0,24.827,0,24.882,0,24.808,24.851,0,0,24.827,0,0,0,0,24.851,0,0,0,0,24.851,24.827,0,24.808,24.882,0,24.851,0,0,24.827,0,0,49.733,0,0,24.882,24.827,24.827,0,0,0,49.708,24.882,0,0,49.634,24.882,0,24.851,0,0,0,0,24.882,0,0,0,49.708,24.851,0,0,0,0,24.827,0,0,0,0,0,0,0,0,0,24.808,0,0,0,24.851,24.882,0,24.808,24.827,0,0,0,0,24.851,0,0,0,49.689,0,24.808,24.827,24.882,0,0,49.678,0,24.808,0,0,24.827,49.678,0,0,74.51,0,0,0,0,0,24.808,0,24.851,24.827,0,0,0,24.851,0,0,24.882,0,0,0,0,24.851,24.882,0,0,0,0,74.535,0,0,0,0,0,24.882,0,0,24.882,0,49.702,24.827,0,0,0,0,0,0,0,0,49.634,0
135,16,0.00267,0,0,0,0,74.516,99.255,0,0,0,0,24.814,0,49.683,0,0,0,0,0,24.839,74.516,0,74.553,74.608,0,24.814,49.627,74.553,0,0,0,0,24.839,24.839,0,0,0,49.739,24.869,24.851,24.851,0,0,149.07,0,49.702,74.608,0,0,0,24.814,74.441,0,273.37,49.739,0,0,0,0,0,0,74.441,0,0,0,0,0,0,74.553,74.516,0,149.09,0,74.608,0,24.851,148.99,0,0,0,0,0,49.739,149.09,24.851,0,24.851,0,0,0,99.255,0,74.608,0,0,0,0,0,0,173.91,49.702,49.702,0,74.441,24.814,49.739,24.869,0,0,0,0,0,0,49.702,74.516,0,74.608,0,0,99.255,0,0,0,99.355,149.16,24.869,0,0,0,99.355,0,0,74.441,0,0,0,49.739,49.739,0,49.627,24.814,74.608,0,0,24.851,49.702,0,0,0,49.702,49.69,74.553,74.516,74.608,99.255,0,0,0,0,0,74.553,0,0,0,0,0,49.702,49.627,24.814,99.355,0,0,0,0,0,0,49.627,49.627,99.478,24.839,24.839,0,74.553,0,0,0,74.441,24.814,74.547,74.547,49.702,0,0,24.814,99.292,74.571,99.441,49.739,24.869,49.739,24.869,24.814,0,24.851,0,24.839,0,0,0,0,0,0,0,0,0,0,0,0,24.869,0,0,0,0,0,0,0,0,0,24.839,49.665,24.814,0,0,0,0,0,0,0,0,0,24.851,0,24.851,0,0,0,0,0,0,0,0,0,0,24.869,0,0,0,0,0,0,0,0,0,0,0,24.814,0,0,0,0,0,0,0,0,0,0,0,0,0,0,0,0,0,0,24.851,0,0,0,0,0,0,0,24.814,0,0,0,0,0,0,0,0,0,0,0,0,0,0,0,0,0,0,0,0,0,24.814,24.814,0,0,0,0,0,0,24.814,0,0,0,0,0,0,0,0,0,0,0,0,0,0,0,0,0,0,0,0,24.869,0,0,0,0,0,0,0,0,0,0,0,0,0,0,0,0,0,0,0,0,24.869,0,0,0,0,0,0,0,0,0,0,0,0,0,0,24.869,0,0,0,0,0,0,0,0,0,0,0,0,0,0,0,24.814,0,0,0,0,0,49.702,0,0,24.839,24.814,0,0,24.814,24.869,74.441,24.851,49.683,24.814,24.851,0,24.869,0,24.814,0,0,0,0,0,0,49.72,0,49.665,24.851,24.814,0,0,24.814,24.839,49.708,24.851,0,0,24.869,0,0,24.869,24.839,0,24.839,0,24.814,0,49.708,0,49.69,24.869,0,24.814,0,24.869,0,24.814,24.851,24.814,24.814,0,24.839,24.869,24.869,0,0,0,0,0,24.814,0,0,24.851,24.869,0,49.665,0,24.851,24.869,0,24.851,24.814,49.739,0,0,74.571,49.702,49.72,0,0,24.839,0,0,24.814,0,0,49.72,24.851,0,24.814,0,49.702,0,0,24.869,0,24.869,0,49.69,24.839,24.814,49.708,49.72,0,74.553,49.69,24.851,24.814,24.839,0,0,0,49.678,24.851,24.839,0,0,24.869,24.851,0,0,0,0,0,0,24.851,0,49.739,0,24.839,24.869,24.814,0,24.839,24.851,0,0,0,0,24.869,74.497,24.839,0,24.869,24.869,0,24.839,0,0,24.839,0,24.839,0,0,24.851,24.851,49.665,0,24.869,24.839,0,0,0,0,24.851,24.851,0,0,0,24.839,0,24.814,0,0,49.72,49.708,0,24.814,24.869,24.839,0,24.814,24.839,0,49.702,74.541,0,0,24.851,0
135,16,0.001336,0,74.478,0,0,0,0,74.516,0,49.64,49.64,0,0,24.839,99.298,0,0,0,0,0,74.461,24.82,0,0,0,0,0,0,0,74.478,0,124.11,49.646,0,74.46,0,0,0,99.298,124.14,49.677,0,49.646,0,24.839,148.98,0,0,0,74.46,74.516,0,0,74.461,0,0,0,0,24.82,49.64,74.478,24.826,99.336,49.64,0,0,99.304,0,0,0,0,0,0,0,74.461,0,99.354,124.1,0,49.677,99.304,74.46,24.82,0,0,0,0,0,0,0,24.839,24.839,99.304,0,74.46,74.46,24.82,0,24.826,148.99,0,0,74.461,0,0,74.516,0,0,0,0,0,0,99.28,0,74.461,24.82,148.98,24.839,0,0,0,0,0,0,124.1,124.16,49.652,74.46,0,0,0,0,0,0,0,74.461,74.516,74.461,74.478,0,0,0,0,24.82,74.46,24.839,49.677,24.826,74.466,24.82,0,0,0,0,0,74.516,0,0,148.94,49.64,0,0,0,24.82,74.46,49.677,49.652,24.826,0,0,0,0,0,24.82,49.64,99.304,0,0,74.46,0,0,0,0,49.677,24.839,0,0,0,0,99.304,0,74.46,0,74.461,0,0,49.677,0,0,0,148.94,0,0,0,0,0,0,0,0,24.839,0,0,0,0,0,0,0,0,0,0,0,0,0,0,0,0,0,0,0,0,0,0,0,0,0,0,0,0,0,0,0,0,0,0,49.664,0,0,0,0,0,0,0,24.82,0,0,0,0,0,0,0,0,0,24.82,0,0,0,0,0,0,0,0,0,0,0,0,0,0,24.82,0,0,0,0,0,24.839,0,0,24.82,0,0,0,0,24.82,0,0,0,0,24.826,0,0,0,0,0,0,0,0,0,0,0,0,0,0,0,0,24.82,0,0,24.82,0,0,0,0,24.82,0,0,0,0,0,0,0,0,0,0,0,24.82,0,0,0,0,0,0,0,0,0,0,0,0,24.839,0,0,0,0,0,0,0,0,0,0,0,0,0,0,0,0,0,0,0,0,0,0,0,0,0,0,0,0,24.82,0,0,0,0,0,0,0,0,0,0,0,0,0,0,0,0,0,0,0,0,24.839,0,0,24.826,0,0,0,24.82,0,0,0,0,0,0,0,0,24.82,0,0,0,24.82,0,49.659,24.826,0,0,24.826,0,0,24.82,24.82,0,0,0,24.82,0,49.659,49.664,0,0,0,24.82,0,49.64,0,24.839,49.677,0,24.82,0,24.839,0,0,0,0,24.826,0,49.646,0,0,0,0,0,0,0,0,24.82,0,0,0,0,0,74.484,0,0,0,24.839,24.82,0,0,0,74.485,24.839,0,0,0,24.82,0,24.82,0,0,24.82,24.826,0,49.677,0,24.82,0,0,0,24.82,0,0,24.82,0,24.826,0,0,49.646,0,24.82,24.839,24.82,24.826,0,24.82,24.839,0,24.826,0,0,24.82,0,0,0,0,24.826,0,0,24.82,24.826,24.826,0,49.64,0,24.839,0,0,0,0,49.64,0,0,0,0,0,0,0,0,0,49.646,74.466,24.826,0,49.646,24.839,49.677,0,0,0,0,24.82,0,0,24.826,0,24.839,0,0,24.839,0,49.664,49.646,0,49.646,0,24.839,0,0,24.826,0,0,0,24.82,24.82,24.839,0,0,49.646,24.839,24.82,0,24.82,24.82,0,0,0,24.82,24.826,0,24.839,0,24.826,0,0
135,16,0.000668,99.428,0,24.863,49.726,49.752,149.2,24.863,0,0,0,0,174.01,0,0,0,0,0,74.59,49.726,0,0,0,49.714,24.857,0,0,99.453,49.726,74.628,0,0,0,0,0,0,74.628,0,0,49.726,0,124.29,74.628,24.876,74.589,0,24.876,49.752,0,49.726,74.602,99.478,0,74.571,0,74.589,0,0,74.628,0,0,0,0,0,0,0,0,99.428,124.31,24.876,99.452,0,0,0,49.752,49.752,0,99.428,99.453,0,0,0,74.59,124.32,0,74.571,0,0,0,0,174.09,74.571,0,0,0,0,0,0,0,99.504,0,74.571,24.857,0,49.726,0,0,74.59,24.863,99.452,0,0,74.571,49.714,74.59,0,0,74.589,0,0,0,0,0,74.59,99.434,0,24.876,49.752,0,0,149.18,0,0,0,0,0,0,124.29,49.726,0,0,0,0,0,0,0,74.628,0,0,0,49.726,174.04,49.714,0,0,24.876,74.628,0,24.863,0,0,0,149.17,24.857,74.589,0,0,0,0,0,149.2,24.876,0,74.571,0,99.452,0,0,74.628,99.466,124.34,0,0,0,0,24.863,0,74.571,0,0,0,0,49.726,24.863,0,0,99.428,24.876,74.628,0,49.726,0,0,0,49.733,24.863,0,0,0,0,0,0,0,0,0,0,0,0,0,0,0,0,0,0,0,0,0,0,0,0,24.863,0,0,0,0,0,0,0,0,0,0,0,0,0,24.857,24.863,24.863,0,0,0,0,0,0,0,0,0,0,0,0,0,0,0,0,0,0,0,0,0,0,0,0,0,0,24.857,0,0,24.863,0,0,0,0,0,0,0,0,0,49.726,0,0,0,0,0,0,24.863,0,0,0,24.863,0,0,0,0,0,0,0,24.876,0,0,0,0,0,0,0,24.857,0,24.863,0,0,0,0,0,0,0,0,0,0,0,0,0,0,0,24.876,0,0,24.863,0,0,0,0,0,0,24.857,0,0,0,24.857,0,0,24.863,0,0,0,24.863,0,24.863,0,24.863,0,0,0,0,0,0,0,0,0,0,0,0,0,0,0,0,24.876,0,0,0,24.863,0,0,0,0,0,0,0,24.857,0,0,0,0,0,0,0,24.863,0,0,0,0,0,0,0,0,0,0,0,0,0,24.857,0,0,49.726,49.72,74.602,24.857,74.577,74.583,0,0,0,24.857,24.863,0,24.863,0,49.733,0,24.863,0,24.863,0,24.863,24.863,49.72,0,0,24.863,0,0,0,0,0,0,0,24.863,24.876,24.863,24.857,0,0,24.863,0,0,24.857,0,0,49.72,24.863,49.726,24.863,0,24.863,0,0,24.876,0,0,0,24.863,0,0,0,0,74.59,0,49.72,24.857,24.876,0,0,0,0,49.733,0,0,0,24.863,0,24.876,24.876,0,0,0,24.857,0,24.857,0,0,24.863,0,0,24.876,0,0,49.714,24.863,49.72,24.876,0,24.863,0,0,0,0,49.739,0,0,0,24.863,0,0,24.863,0,24.863,24.876,24.863,0,0,0,24.876,0,24.876,0,24.863,49.72,74.602,24.863,24.863,0,24.863,0,24.857,24.857,24.863,49.752,0,0,0,0,0,0,0,0,24.863,0,0,24.876,24.863,0,0,0,49.726,24.857,0,0,0,0,0,0,0,24.857,0,0,0,0,0,0,0,0,0,0,0,0,0,0,0,0,0,0,49.752,24.863,24.857,24.857,0,49.72,0,0,0,0,0,49.752,0
