0,0.031,0.0424,12.438,24.848,37.314,12.438,62.161,0,0,0,0,0,0,0,0,0,0,0,0,0,0,0,0,0,24.82,0,0,12.438,24.848,37.27,12.41,0,24.848,0,12.438,12.41,0,12.41,12.404,0,0,0,0,0,0,12.438,24.86,12.438,24.842,0,24.86,12.422,12.438,37.286,12.438,0,12.438,0,0,0,12.438,0,0,0,12.438,0,12.422,0,0,12.41,0,12.438,12.404,12.438,0,49.674,0,0,0,24.842,0,12.404,0,0,0,12.404,12.438,0,0,0,0,0,12.422,24.876,0,0,0,0,12.438,0,0,12.438,0,0,0,12.438,0,0,0,0,12.404,12.438,0,0,12.404,0,0,0,12.438,12.404,0,0,0,12.41,0,49.668,0,0,12.41,0,37.252,12.41,0,49.64,12.41,0,24.848,0,24.848,0,0,0,12.438,24.848,0,24.876,24.876,0,12.438,0,0,0,0,12.41,0,0,0,0,0,0,12.438,0,0,12.41,0,0,0,0,12.438,0,12.438,0,0,0,0,12.438,12.438,0,12.438,0,0,0,0,24.876,0,12.438,0,0,12.438,0,37.267,0,24.845,0,12.422,24.876,0,12.422,0,12.438,12.422,0,12.41,49.724,49.736,86.975,161.58,74.497,12.438,37.27,0,12.438,0,49.69,12.438,0,37.258,24.82,0,12.438,0,37.282,12.41,49.724,12.422,49.68,37.246,24.82,62.09,49.628,37.255,24.82,62.032,74.522,37.286,87.009,62.09,49.653,49.736,62.09,74.528,62.161,49.674,49.683,74.584,49.668,87.003,24.814,49.668,74.572,37.314,62.127,49.72,124.26,62.128,62.096,37.27,62.063,37.313,24.876,37.286,49.708,49.702,49.662,62.161,37.282,24.845,24.86,37.279,37.258,37.286,49.724,49.665,37.264,62.161,24.808,86.96,49.723,62.093,12.422,37.252,62.084,37.313,12.438,37.313,49.696,37.286,49.662,0,37.286,24.848,37.286,24.86,74.516,37.28,12.438,24.876,24.848,24.842,37.313,62.084,74.513,24.876,12.438,12.438,24.86,12.404,0,24.845,49.736,49.662,37.224,37.23,37.298,62.093,86.975,49.69,24.814,24.814,62.112,12.41,49.717,37.286,24.848,24.82,24.876,49.662,74.516,12.438,62.044,111.74,49.668,86.895,24.848,49.696,86.926,74.5,111.82,49.723,49.656,62.161,111.9,12.438,24.876,37.313,62.189,111.79,87.003,111.76,111.85,74.584,74.516,49.668,37.258,24.842,12.404,12.404,0,12.438,24.848,37.27,0,24.826,12.438,12.438,37.286,24.848,37.27,49.69,62.09,49.724,74.494,12.438,37.27,24.876,12.438,37.279,37.246,12.41,49.751,24.876,37.258,37.313,0,24.82,24.86,49.72,49.72,62.143,62.115,37.255,99.391,49.705,74.55,24.876,62.161,37.252,37.27,12.438,74.54,12.41,0
0,0.031,0.0212,0,0,0,0,62.124,12.416,0,0,0,0,0,0,0,0,0,0,0,0,0,0,0,0,0,0,0,0,12.422,0,0,12.416,12.428,12.416,0,24.845,12.419,0,24.851,0,62.097,0,12.419,12.422,12.419,0,12.422,0,12.401,0,0,37.261,24.851,0,0,0,24.833,24.851,0,24.848,24.851,0,12.432,0,12.432,12.416,0,0,0,12.419,0,24.82,0,0,24.851,0,12.428,12.432,0,12.416,0,12.422,0,12.422,12.422,0,0,0,12.428,49.656,0,0,12.422,12.432,12.428,0,0,12.401,0,12.432,0,0,0,12.422,12.416,0,12.416,12.422,0,12.401,12.401,24.832,0,0,0,12.404,0,12.401,0,12.422,0,12.404,12.401,12.422,12.401,12.404,0,12.401,0,12.416,12.404,24.851,0,12.401,0,12.404,0,37.252,12.416,12.404,37.27,24.86,12.404,12.416,12.404,12.416,0,0,12.404,12.432,0,0,12.416,0,0,0,12.416,0,0,12.428,0,0,0,12.416,0,0,0,0,0,0,0,0,12.432,0,12.419,0,0,12.419,12.401,24.845,12.419,12.432,0,0,12.419,12.428,12.419,0,12.419,12.432,0,12.419,12.419,0,0,0,12.419,12.428,12.419,0,0,12.428,12.416,24.845,49.631,49.668,86.935,149.03,24.808,0,0,24.832,12.428,0,24.826,0,37.236,24.854,12.401,12.416,12.416,24.835,37.236,0,12.419,37.252,24.82,24.857,37.249,49.668,99.345,74.54,12.432,37.249,49.68,99.296,99.321,49.702,86.96,99.37,86.956,62.118,37.261,124.19,49.656,111.79,74.54,74.516,99.357,37.276,74.51,62.093,62.081,74.54,86.926,86.932,49.671,12.422,37.267,37.27,0,37.267,24.851,62.072,99.305,86.944,0,24.86,24.82,62.078,37.27,24.823,24.839,24.839,37.27,62.084,37.289,24.86,24.839,49.668,62.127,49.677,12.404,37.264,24.82,24.832,49.699,37.279,49.686,37.27,37.264,12.422,12.401,37.236,12.432,62.069,37.261,37.27,37.249,62.068,62.084,37.27,99.314,24.854,24.832,24.839,62.102,12.401,49.646,12.432,12.404,24.817,24.802,49.656,49.69,37.264,62.127,86.901,49.656,37.279,86.978,24.805,37.279,37.282,24.857,24.845,37.258,74.534,12.401,74.482,86.907,24.829,37.23,37.261,74.494,74.497,49.662,74.47,49.625,86.907,99.305,49.646,24.832,49.652,62.09,86.929,12.401,62.072,62.136,49.64,37.267,37.245,24.817,12.428,24.832,49.655,37.289,49.634,37.233,37.261,74.519,62.084,24.848,0,0,24.845,24.839,12.401,24.802,24.823,12.432,24.82,49.677,62.149,0,12.401,12.422,12.419,37.224,24.836,49.646,86.919,49.696,74.528,0,0,49.653,62.075,24.833,37.27,37.264,37.289,49.677,49.655,49.708,24.839,37.292,12.428,24.836,12.419,49.677,12.419
0,0.031,0.0106,0,0,24.835,0,24.863,0,0,0,0,0,0,0,0,0,0,0,0,0,0,12.441,0,12.401,12.404,12.441,0,12.401,12.425,12.441,0,12.441,49.727,24.876,12.404,24.839,0,12.435,24.835,0,0,24.86,24.805,0,0,12.404,0,0,24.814,0,0,12.401,12.401,0,24.839,12.401,12.401,0,0,24.848,12.441,0,12.404,24.854,24.839,24.854,24.854,12.413,0,0,12.441,24.848,0,12.438,0,12.435,12.441,0,37.267,0,0,12.441,0,12.441,12.429,0,0,24.838,0,12.413,0,12.441,0,12.413,12.435,12.435,0,24.851,12.441,0,0,0,0,0,12.435,12.413,12.401,0,0,0,0,0,12.429,12.438,12.441,12.413,0,0,0,12.401,0,12.404,12.401,0,0,0,0,0,12.401,0,12.438,0,0,0,12.429,0,12.401,37.255,0,12.425,0,24.829,0,12.425,0,0,12.425,0,0,0,12.425,12.429,0,0,12.413,12.435,0,0,12.425,12.404,0,0,0,0,0,0,24.829,0,0,0,24.829,0,12.429,37.252,12.435,12.435,12.425,12.438,0,24.872,24.872,0,12.435,0,0,24.869,12.438,0,12.441,12.429,0,0,0,24.854,0,0,12.425,0,0,0,12.429,0,12.425,37.273,12.435,74.503,149.13,149.06,0,0,12.438,0,24.866,49.727,0,24.875,0,24.835,24.832,24.808,24.826,37.205,12.441,0,24.854,37.233,0,49.724,12.401,37.246,111.88,49.69,99.367,99.432,99.422,62.078,49.659,99.37,74.531,99.339,74.522,49.68,24.854,24.839,86.938,74.516,86.926,24.805,24.838,74.615,12.438,37.27,74.516,24.838,62.118,62.121,49.69,62.081,49.668,12.438,49.705,86.963,136.57,37.267,49.686,24.826,49.68,37.264,24.805,111.79,62.118,49.702,24.842,124.28,87.04,74.596,37.286,49.705,49.733,49.696,24.879,12.438,62.137,12.429,12.435,62.14,37.255,24.87,49.742,49.711,62.183,37.239,24.826,37.289,24.842,12.429,74.544,62.025,24.814,37.264,24.854,24.826,37.261,0,12.441,37.255,49.689,62.096,49.677,49.692,99.373,49.755,24.832,37.252,12.429,37.27,24.805,24.808,24.857,49.705,49.705,62.035,74.522,24.857,37.277,37.233,12.429,24.829,0,49.708,49.699,37.249,74.519,24.866,37.233,37.273,62.13,24.86,49.631,37.23,74.547,37.255,62.112,37.258,24.829,49.662,49.677,37.267,99.317,74.506,62.164,99.391,37.258,0,37.239,37.23,49.726,49.705,49.653,24.838,24.842,62.18,74.494,62.081,74.59,24.854,0,37.233,37.242,99.354,0,12.404,37.267,49.612,37.255,24.863,12.429,24.869,111.84,24.842,24.863,49.668,62.136,62.124,87,99.466,74.59,74.568,24.879,37.301,74.547,37.28,12.441,37.23,49.668,37.304,0,37.292,37.267,37.286,37.273,62.143
0,0.031,0.0053,0,0,12.404,12.435,24.854,12.41,0,0,0,0,0,0,0,0,0,0,0,0,12.404,0,0,37.258,0,24.866,37.245,24.866,0,0,12.41,12.41,24.845,12.429,0,12.429,0,12.429,12.438,24.829,12.438,0,24.817,12.41,12.438,12.429,12.429,12.419,12.438,0,0,12.419,37.23,12.401,0,0,0,0,0,24.845,0,12.419,0,0,12.401,12.435,0,24.811,0,12.41,0,24.832,12.401,12.419,0,0,37.224,0,0,0,12.41,12.401,12.41,0,0,12.404,12.438,0,12.41,12.419,12.401,0,0,12.419,49.674,0,0,12.401,12.404,0,12.435,0,12.429,0,12.435,12.435,0,0,0,0,24.836,12.435,12.41,24.839,24.811,0,0,0,12.438,0,24.848,0,0,12.438,0,0,0,0,0,0,0,0,0,12.401,0,12.435,12.404,12.41,12.401,0,0,0,12.438,24.811,0,0,12.438,0,0,0,12.401,0,12.438,0,12.435,0,12.435,0,0,12.41,0,0,0,0,0,0,24.808,0,12.438,12.438,24.814,12.404,24.842,0,12.429,0,0,12.404,0,24.866,12.404,12.407,12.407,0,12.404,12.401,0,12.407,24.829,0,24.829,12.401,0,24.835,37.233,0,0,0,0,0,0,0,37.279,37.227,12.404,24.814,74.54,62.072,12.435,12.407,0,0,12.407,37.289,0,12.404,37.239,0,12.404,49.646,74.448,99.252,24.808,49.64,49.677,74.513,24.866,62.096,37.292,62.106,49.686,86.879,24.857,12.429,37.236,49.659,49.699,37.258,49.723,49.705,49.714,99.379,37.23,49.711,37.267,62.13,37.252,49.649,74.507,74.525,111.74,24.866,99.311,74.438,124.08,99.271,86.966,49.637,49.652,49.686,12.429,37.249,99.354,24.814,49.717,49.68,49.659,12.429,37.221,12.41,62.13,86.91,24.829,37.211,24.805,24.823,37.242,37.249,37.236,49.649,37.248,12.401,12.435,49.64,24.814,37.208,49.649,62.041,37.239,37.264,24.832,24.857,37.264,37.233,37.236,62.069,74.491,37.248,49.659,49.656,37.246,74.503,74.55,37.264,24.829,49.668,49.68,99.348,99.419,49.677,86.984,99.367,62.143,62.133,37.283,24.839,49.699,62.078,62.056,24.876,12.404,24.829,62.112,62.133,37.279,24.866,0,37.212,37.208,0,37.255,24.866,62.106,49.615,74.454,24.829,12.401,37.283,24.836,24.842,37.258,24.823,24.869,37.313,37.255,24.866,12.438,0,62.065,74.568,37.282,12.407,74.513,37.224,24.848,62.174,24.839,12.419,49.714,37.258,24.863,49.646,24.805,49.665,12.438,49.717,24.832,24.829,62.078,74.5,0,12.401,37.239,37.261,62.136,49.674,12.404,24.863,37.267,24.832,37.295,37.295,12.407,62.087,37.236,37.252,37.239,74.438,37.218,24.848,99.41,74.475,24.802,24.835,37.236,74.497,74.42,74.435,74.491,37.276,74.463,74.478
0,0.031,0.00267,12.425,12.429,12.429,12.425,24.838,0,0,0,12.401,0,12.429,24.857,0,12.425,12.425,0,0,12.432,0,0,0,0,0,0,0,0,12.438,24.848,24.839,0,12.438,12.438,12.438,0,0,0,0,0,12.438,0,0,0,12.438,12.438,24.814,0,12.432,12.419,12.425,12.419,0,12.419,12.413,0,12.419,24.851,0,37.289,24.842,0,24.838,0,12.401,0,24.838,0,24.848,0,12.401,12.419,12.413,0,12.419,12.413,0,0,0,0,0,12.438,12.429,12.438,0,0,0,0,12.413,0,24.845,12.438,12.41,0,0,0,0,0,0,0,12.419,0,0,12.432,0,0,0,12.41,0,12.432,0,12.401,12.425,12.401,0,24.87,12.432,12.401,0,12.432,0,12.41,0,24.829,0,12.432,12.419,0,12.425,12.401,0,12.432,0,0,49.668,24.863,0,12.419,0,12.401,24.863,0,0,12.432,0,0,37.236,0,0,12.413,0,24.845,24.842,12.413,12.429,12.429,24.87,0,12.413,0,12.429,0,0,0,24.848,24.839,12.438,0,0,0,0,0,0,12.429,0,0,0,0,0,12.413,0,12.432,12.401,24.86,12.429,0,0,12.413,12.401,24.845,0,0,12.425,0,0,0,0,0,0,12.413,0,12.413,12.438,24.836,49.711,62.121,149.11,124.12,24.87,24.857,99.391,37.255,49.674,49.705,124.19,124.2,86.858,173.75,37.221,12.429,37.23,0,24.801,12.425,24.826,62.096,62.093,49.677,12.429,37.258,12.432,37.28,49.69,62.121,62.078,37.273,37.267,37.239,99.392,0,37.221,62.127,49.724,74.556,24.851,49.714,86.988,62.134,12.438,0,12.438,62.09,99.357,49.696,49.693,24.842,49.677,62.121,49.693,49.671,37.289,49.662,49.674,62.087,74.528,24.857,12.438,37.261,49.696,49.696,49.705,37.255,37.27,62.112,49.665,37.289,49.693,86.947,74.447,49.702,24.826,49.693,74.516,62.084,86.987,62.149,74.525,99.361,49.705,49.692,37.28,62.149,74.581,24.839,62.103,24.838,62.09,24.829,49.699,74.556,24.838,37.301,49.643,24.848,74.599,49.68,24.839,37.298,49.687,12.401,62.099,74.575,24.866,12.429,99.364,37.27,37.27,49.655,62.103,37.258,74.54,62.096,62.081,49.708,74.547,62.078,24.848,49.64,0,24.848,37.255,62.084,49.702,111.79,62.149,37.282,74.541,49.687,24.86,62.127,24.854,86.975,49.631,49.695,49.717,12.432,0,37.273,62.118,74.525,49.674,62.09,62.112,37.261,49.665,37.283,49.68,49.686,49.69,12.413,37.27,37.289,12.429,12.413,37.264,62.121,49.689,37.27,12.413,37.249,24.857,24.845,37.295,74.5,12.413,24.857,12.413,74.54,24.851,24.857,24.866,62.075,12.413,49.671,74.546,37.289,12.413,49.68,24.854,49.665,49.668,24.86,49.656,74.501,24.848,24.838,37.258,12.432,49.674,86.938,49.693,86.991
0,0.031,0.001336,12.404,12.41,12.41,24.839,49.705,0,0,0,0,0,12.404,0,0,0,0,0,0,12.404,12.407,12.435,0,12.435,24.811,0,12.435,12.404,12.413,0,12.435,12.407,0,0,0,12.435,0,12.404,12.407,0,0,12.407,24.817,0,12.407,0,0,0,12.432,0,12.432,12.432,0,24.811,37.276,12.407,0,0,49.69,24.845,0,24.817,12.407,24.838,0,24.842,0,12.435,12.435,12.41,0,0,0,0,12.404,12.41,0,0,0,0,0,0,12.404,0,12.432,0,12.435,0,24.826,0,12.407,24.839,0,12.41,12.413,0,12.413,0,12.413,37.227,24.817,12.41,0,0,0,12.41,0,12.404,12.435,0,0,0,12.404,0,0,24.848,0,24.817,12.435,12.432,0,0,0,0,0,0,12.435,24.82,0,0,0,0,12.435,24.808,12.435,0,12.435,0,0,12.435,0,0,0,12.413,0,0,24.808,0,12.413,0,12.404,0,0,12.407,12.413,0,0,37.243,12.413,12.404,12.407,37.246,37.304,0,0,0,0,0,12.435,0,0,12.435,12.407,12.435,12.435,0,12.404,0,0,24.87,12.435,0,24.866,37.215,12.435,12.407,0,24.87,24.842,0,0,24.814,0,12.407,12.432,0,0,0,12.404,24.814,12.404,0,74.498,86.904,62.032,74.429,136.63,161.4,0,37.227,12.435,12.41,12.413,12.407,37.273,74.522,24.811,24.839,49.634,37.252,0,24.848,37.249,24.811,49.708,62.053,74.547,74.55,37.221,49.616,24.817,37.243,49.656,24.808,37.245,24.811,24.811,24.839,37.212,24.811,62.032,86.963,49.68,24.808,37.252,37.218,24.823,12.41,12.407,12.41,86.96,37.239,74.485,37.295,24.838,37.242,49.68,37.249,49.653,86.932,37.249,62.041,12.41,74.522,12.407,86.935,12.432,74.525,74.506,86.895,62.062,124.17,62.14,74.494,37.215,12.407,12.435,86.957,24.817,24.814,12.41,49.717,49.659,62.059,99.317,24.845,49.653,24.866,74.445,0,24.811,62.072,49.705,37.227,49.689,62.047,37.255,12.435,62.075,37.249,49.637,37.258,49.646,37.252,62.059,49.634,49.683,49.696,62.029,12.404,62.041,24.817,62.072,12.404,0,74.547,62.127,24.848,24.839,37.212,24.826,24.817,86.941,37.273,24.866,24.845,12.404,62.146,124.22,49.652,24.82,24.817,74.491,62.019,86.926,99.293,74.476,37.273,24.826,12.432,24.826,86.895,49.739,24.845,12.435,74.491,62.05,24.808,12.404,74.441,49.68,24.842,49.628,62.059,99.274,74.509,86.854,37.261,37.23,49.696,62.124,24.814,49.646,49.643,49.68,24.839,37.218,49.637,0,74.436,12.435,24.845,0,49.714,37.273,0,24.811,24.808,37.215,0,37.218,24.866,12.435,86.904,37.215,62.112,62.097,49.739,62.112,49.68,37.245,62.112,24.814,12.435,37.215,99.268,37.249,37.221,37.23,12.407,37.245,99.324
0,0.125,0.0424,12.438,12.407,0,0,12.419,0,0,0,0,0,0,0,0,0,0,12.438,0,0,0,0,24.876,37.283,12.438,0,0,24.851,24.857,0,0,24.86,0,49.727,12.419,12.413,0,24.863,24.838,0,24.845,0,12.432,0,12.413,12.428,37.304,0,24.866,12.419,0,0,12.428,0,0,24.86,0,0,0,12.432,12.432,12.428,0,0,0,0,24.845,0,0,12.419,0,12.432,12.413,12.407,0,0,12.419,12.438,24.866,12.438,12.413,24.838,49.674,12.432,0,12.438,12.432,12.419,0,0,0,0,12.419,0,0,0,12.432,12.419,0,12.428,0,0,0,0,0,12.407,12.432,12.419,12.413,0,0,0,12.438,0,12.428,49.695,12.419,0,0,24.832,0,12.432,24.832,12.438,12.419,0,0,0,0,12.419,12.419,12.413,0,24.857,0,0,0,12.419,0,0,0,24.857,0,0,0,12.413,0,12.438,12.438,24.826,0,12.438,0,0,12.407,24.845,12.407,12.438,24.838,12.407,12.419,12.419,12.407,12.438,0,0,12.419,24.826,12.438,0,24.845,0,12.407,12.438,12.438,0,0,0,0,0,37.258,0,0,12.413,0,12.419,0,24.845,12.432,0,0,0,0,12.407,12.419,12.413,12.419,12.438,0,0,12.438,24.845,24.863,37.273,62.161,24.845,186.39,136.65,12.419,12.407,0,0,0,24.866,24.87,37.276,0,12.428,24.857,12.419,49.739,24.857,37.276,24.866,24.848,49.724,24.845,49.683,49.717,87.012,99.45,37.286,62.161,86.972,62.127,49.705,37.251,49.696,49.68,37.233,24.87,24.851,24.848,49.702,24.876,24.866,37.248,49.733,62.102,37.282,86.972,62.14,37.279,37.279,24.835,12.428,86.947,37.283,37.282,62.149,49.677,49.692,12.407,86.984,62.109,37.304,24.86,49.705,24.841,62.13,37.264,49.705,24.82,12.407,37.264,37.242,62.087,37.245,49.702,124.22,62.099,62.102,74.509,86.931,99.385,49.677,99.388,37.258,12.438,24.866,37.314,0,0,24.86,24.835,24.835,37.285,49.705,37.251,49.72,37.258,0,0,12.432,49.705,49.727,37.267,74.562,86.978,49.677,37.276,12.428,12.413,62.13,74.565,74.484,99.347,24.826,12.407,37.289,49.705,0,24.857,62.115,37.279,49.683,24.857,37.304,49.689,62.077,0,62.14,12.438,49.683,37.282,37.289,49.717,24.863,49.699,0,24.848,62.109,62.13,74.568,62.115,49.677,49.658,74.516,37.286,87.018,24.866,74.593,37.261,12.413,12.419,12.407,37.264,0,37.304,62.109,62.128,24.845,49.689,62.155,62.096,62.096,12.438,149.1,86.925,87.003,12.413,62.084,24.876,62.109,74.559,24.857,37.264,24.826,99.394,49.702,37.295,0,49.689,24.826,74.515,74.528,24.82,74.531,24.848,37.27,37.289,49.686,12.438,12.438,0,86.984,24.845,24.866,49.658,24.857,37.286,24.857
0,0.125,0.0212,12.438,0,0,12.419,12.432,12.401,0,0,0,0,0,0,0,12.401,12.401,0,12.401,0,12.413,0,0,37.236,0,12.413,12.413,12.435,12.435,12.435,0,0,12.432,24.854,37.282,24.854,37.264,12.413,24.857,0,12.419,12.413,24.832,24.829,12.429,37.264,12.429,0,12.413,12.401,37.276,0,0,0,0,0,0,12.401,37.267,24.814,0,49.699,37.289,12.413,12.435,0,12.413,0,0,0,12.413,0,12.401,0,0,0,0,0,0,0,0,0,12.419,24.826,0,12.432,12.401,0,0,0,0,12.413,0,0,0,0,24.848,24.851,24.845,0,0,37.282,0,12.429,12.432,12.413,12.432,0,0,24.826,12.429,0,12.413,0,12.432,12.401,0,0,0,0,0,12.401,0,12.429,0,12.438,12.432,24.814,24.851,0,0,24.814,12.401,12.401,12.432,0,12.432,12.401,24.854,0,24.814,24.854,37.279,0,0,12.435,0,12.401,0,12.435,24.851,24.832,12.413,12.438,12.413,0,24.872,12.438,0,0,12.429,0,12.413,24.851,24.829,24.863,12.413,0,37.264,12.432,12.413,0,24.832,12.401,12.429,0,0,12.429,12.413,0,0,12.419,0,0,0,0,0,12.435,12.429,0,0,12.438,12.429,12.413,37.239,37.239,24.842,12.429,12.438,0,0,37.276,62.121,24.848,99.379,12.432,173.91,86.898,24.814,12.429,12.401,37.264,12.429,0,24.801,49.631,37.239,74.441,49.603,74.435,149.03,111.73,37.295,12.419,24.835,62.112,74.55,37.245,24.832,74.556,24.848,49.677,62.149,0,99.44,49.677,124.26,186.43,124.27,62.087,62.118,74.528,12.429,24.854,74.55,49.696,62.071,124.23,37.242,62.127,111.8,24.82,49.668,49.662,0,49.708,37.245,49.683,49.668,111.8,124.25,86.947,24.866,62.158,74.55,12.432,49.643,37.273,37.282,49.683,12.429,0,62.106,24.851,49.689,24.863,12.401,49.683,12.401,24.835,12.432,37.261,37.264,24.829,62.078,62.118,24.832,12.429,24.87,0,37.264,49.674,24.832,62.136,62.096,49.655,37.292,74.54,24.875,49.726,62.152,62.121,49.683,86.972,24.857,37.276,49.64,24.814,24.814,12.413,24.839,24.863,12.419,12.432,49.705,37.239,49.708,24.848,62.078,37.279,62.161,37.276,24.832,86.926,74.565,37.286,49.68,49.699,74.478,37.245,49.705,49.646,37.304,86.978,87.006,62.099,37.264,62.099,24.814,62.118,62.133,111.85,49.628,37.252,12.413,37.258,37.264,37.313,24.87,12.435,37.242,49.732,49.727,62.14,12.419,37.304,24.851,37.258,74.546,74.485,62.179,37.276,62.149,49.723,37.301,49.711,37.292,62.133,37.27,0,37.249,74.568,62.155,74.605,49.677,12.413,12.419,74.605,49.739,37.267,86.957,37.261,74.525,0,49.674,74.543,74.565,86.919,12.413,86.892,111.73,62.087,37.239,62.072,111.78,62.09,86.941,99.342,62.106,49.69,0,99.385
0,0.125,0.0106,0,0,0,0,0,0,0,0,0,0,0,0,0,0,0,0,0,0,0,12.413,0,0,0,12.432,12.435,12.422,12.429,0,0,0,0,0,0,49.68,24.826,0,24.86,0,37.24,12.413,0,12.429,24.851,12.404,0,12.404,0,37.258,0,0,0,12.429,0,24.86,0,12.413,12.432,12.432,0,12.435,24.854,12.422,12.432,12.413,0,12.435,0,12.432,0,0,24.866,12.422,0,24.836,0,0,12.429,12.413,0,0,12.404,12.435,0,12.432,12.432,0,49.733,0,12.435,12.435,12.432,24.836,24.863,0,0,24.845,0,0,0,0,0,0,0,12.432,0,12.404,12.432,0,0,0,0,0,0,0,0,12.432,0,12.432,0,24.842,0,0,12.435,0,12.432,0,0,0,37.295,12.429,0,0,12.432,24.857,0,0,12.413,37.289,24.857,0,0,37.276,0,12.413,12.435,12.422,0,0,24.857,12.413,0,24.845,0,49.665,12.404,24.857,12.435,0,12.422,12.404,12.429,12.413,12.432,24.851,12.435,12.432,12.422,12.416,0,0,0,12.435,0,0,12.413,24.866,12.416,0,0,24.838,0,24.851,0,12.404,12.429,12.416,12.416,12.404,12.416,24.842,24.839,0,12.416,0,12.429,0,12.404,12.416,24.86,12.404,37.295,0,24.857,12.416,174,136.59,37.252,24.863,37.27,12.422,12.422,0,12.432,12.432,12.413,0,49.708,24.829,24.838,37.267,74.488,12.422,12.432,111.73,24.826,24.829,24.817,12.413,99.388,62.124,99.333,86.917,37.258,49.693,24.817,86.932,99.413,74.525,86.898,49.708,37.23,49.668,74.485,37.236,86.979,37.264,86.988,86.926,99.327,49.687,49.687,111.81,49.693,62.124,49.72,62.134,86.966,49.699,99.404,62.139,49.695,49.699,37.298,12.432,12.432,99.416,74.574,37.273,12.404,37.254,74.556,161.48,74.528,99.335,62.152,49.726,37.301,12.435,49.668,62.137,24.866,49.702,87.009,49.708,86.969,37.261,49.732,49.723,49.717,12.435,111.83,62.124,37.23,111.85,49.717,49.68,49.696,12.416,24.808,62.09,74.559,49.683,62.087,62.118,12.416,37.277,62.124,12.432,12.432,37.24,37.27,62.146,24.866,0,12.429,12.429,24.866,62.155,49.711,12.404,24.845,37.261,12.404,37.258,24.826,49.649,37.286,37.261,37.292,74.593,24.854,111.85,62.159,86.982,74.543,37.279,62.152,37.264,86.991,74.568,37.286,87.003,86.994,49.671,86.96,62.115,37.261,24.845,86.969,74.552,37.298,12.432,49.702,62.112,62.078,49.655,49.656,49.693,62.093,24.839,99.284,49.616,136.61,37.274,37.282,24.86,37.286,24.836,37.267,37.301,62.112,37.267,24.854,0,24.842,49.686,62.152,37.242,37.273,49.708,62.124,12.416,37.279,62.106,12.404,37.276,49.72,37.252,74.497,12.435,24.839,24.845,37.264,12.429,12.429,12.413,62.136,99.431,74.565,49.702
0,0.125,0.0053,12.407,0,24.854,0,49.702,12.407,0,0,0,0,0,0,24.86,12.407,0,24.832,0,0,24.857,24.832,24.857,24.857,49.705,0,24.851,0,24.857,12.425,0,0,12.425,0,0,24.866,24.866,0,37.289,12.429,0,12.425,24.857,0,12.407,0,12.425,12.425,12.432,12.432,12.425,12.425,12.432,0,12.407,12.425,12.407,0,24.851,24.863,12.407,12.425,12.425,12.425,37.27,12.432,0,0,0,37.283,12.432,0,12.432,12.425,0,0,24.839,24.851,0,0,0,0,12.425,0,24.863,12.425,0,12.429,0,24.832,49.686,12.432,12.407,0,24.851,12.407,12.432,0,12.407,12.425,0,0,0,0,12.425,12.407,0,0,24.835,12.432,24.866,0,24.832,12.432,12.441,24.882,24.835,12.432,12.432,0,0,12.441,0,0,37.301,0,12.429,12.429,0,0,24.835,12.429,37.289,12.429,24.848,12.432,0,24.851,24.857,12.432,0,0,24.839,12.425,49.711,0,0,12.425,12.441,0,0,24.857,0,12.432,74.587,37.295,0,24.851,12.432,12.432,12.432,12.429,12.425,12.432,0,12.425,24.857,12.425,12.432,12.425,0,12.425,0,0,0,24.854,12.425,0,24.832,12.407,24.814,12.407,37.276,12.407,12.432,12.441,24.839,12.425,24.86,24.851,0,49.689,24.851,24.848,0,12.425,12.432,12.429,24.86,24.851,12.407,12.425,12.429,74.525,12.429,37.31,161.61,99.41,24.857,12.425,0,0,12.432,37.276,74.571,49.727,37.242,111.8,74.568,37.289,74.547,24.857,74.522,99.41,86.969,111.81,86.981,37.279,37.289,74.534,37.282,86.957,74.559,49.727,62.096,24.839,62.161,62.189,62.168,62.158,62.174,74.562,62.149,62.14,49.705,49.702,49.72,24.832,12.425,12.441,62.152,24.854,24.857,99.444,86.959,49.699,24.857,12.425,62.118,49.72,24.857,49.717,12.407,37.289,74.587,24.866,49.736,37.289,37.239,62.078,37.295,24.839,24.857,37.283,12.425,62.13,111.86,24.857,37.264,24.863,24.86,87.009,49.748,24.869,37.292,99.441,62.136,111.83,24.839,37.264,37.286,62.109,24.854,86.972,62.124,24.869,74.534,62.168,86.988,86.966,62.112,74.528,62.121,99.382,86.981,62.136,62.14,24.839,37.286,12.407,49.72,24.832,37.298,111.86,37.264,111.84,62.161,87.009,74.565,99.425,37.286,49.702,37.276,111.86,37.273,24.873,124.29,37.279,49.72,74.608,49.714,37.283,74.568,86.991,74.571,74.568,87.068,12.432,62.115,111.78,74.568,111.76,37.239,24.814,49.699,62.127,86.991,74.553,74.568,49.702,37.298,37.298,87.012,62.155,49.711,62.14,74.593,62.134,74.528,24.839,24.873,37.282,37.282,0,74.565,49.733,37.276,74.537,62.13,74.559,111.85,24.854,62.121,74.562,111.87,12.425,49.72,62.149,99.422,49.696,111.83,86.997,37.267,62.109,37.298,37.261,37.239,99.379,62.137,111.87,74.571,62.13,111.8,49.69,124.24,12.432,49.699,37.27,37.273,74.565,62.133,37.258
0,0.125,0.00267,0,12.428,0,0,0,0,0,0,0,0,0,0,0,0,0,0,0,0,0,0,12.429,0,0,0,0,12.429,0,0,0,0,24.845,0,0,12.416,0,0,12.429,12.416,0,0,0,12.428,0,12.429,12.416,0,0,0,12.429,12.438,12.416,12.441,0,24.854,24.866,37.279,24.866,12.416,0,0,12.441,0,37.261,0,12.425,0,0,12.429,24.854,12.429,0,12.428,37.286,0,12.428,0,12.428,37.295,0,12.438,0,12.416,12.428,12.428,12.441,12.416,24.854,0,12.428,0,12.425,24.857,12.438,24.854,24.857,24.857,24.854,12.425,0,0,37.295,0,0,12.425,0,24.869,12.438,0,0,24.841,12.428,24.866,12.425,12.428,37.298,0,0,12.425,0,0,0,12.441,12.438,12.428,0,12.428,12.428,24.857,37.291,12.438,37.298,0,12.429,0,24.866,37.282,12.438,24.866,12.429,12.428,24.854,24.866,24.832,12.438,0,24.854,12.438,0,0,12.428,12.438,0,0,0,0,0,24.857,12.441,37.286,0,0,12.428,0,0,0,0,12.428,12.429,12.428,0,12.428,0,24.866,0,0,12.429,12.428,12.428,12.441,12.425,12.416,0,0,37.295,37.282,0,37.323,0,0,12.428,12.428,0,37.282,12.416,12.428,12.438,12.428,12.428,0,24.866,49.736,49.711,49.711,12.428,248.62,62.142,12.425,0,0,12.428,12.441,0,37.298,12.428,24.857,12.429,0,37.282,24.857,24.857,37.31,74.584,37.286,24.857,12.429,12.429,37.273,37.311,49.714,24.87,12.416,37.298,12.428,24.832,49.689,74.531,87.021,62.18,74.58,99.431,49.714,49.723,74.531,49.686,24.866,24.857,62.13,74.549,49.686,86.972,74.565,37.282,49.72,49.729,37.282,37.292,62.133,99.409,136.77,74.558,74.558,62.127,49.745,37.295,62.164,49.711,24.857,37.298,37.282,62.174,24.869,49.764,62.186,24.854,74.546,37.295,37.286,37.286,37.295,74.534,62.164,74.605,49.736,37.307,24.857,49.686,49.726,74.586,111.85,49.714,99.421,49.711,74.584,87.009,62.164,74.593,49.714,111.85,49.739,74.546,74.583,62.155,74.596,37.273,24.869,74.565,86.968,49.702,74.571,37.273,24.845,49.714,49.702,87.006,49.714,37.307,24.869,62.149,74.586,74.546,49.733,37.295,74.58,99.418,49.711,37.282,37.285,74.58,37.298,87.03,86.999,24.857,99.459,49.711,62.142,49.702,62.148,37.295,124.29,99.425,62.161,49.708,111.88,99.468,87.052,111.88,99.44,74.568,62.149,49.711,37.282,37.273,49.714,12.438,62.118,49.726,124.29,99.446,87.012,87.009,37.285,62.152,37.285,62.13,111.88,12.441,62.155,49.726,24.854,99.459,49.714,24.857,74.555,49.739,49.739,74.583,87.006,62.155,62.13,37.311,74.593,62.177,74.602,62.168,136.76,149.16,49.727,62.152,87.021,62.149,62.177,49.732,24.869,99.415,24.866,62.164,37.285,62.167,37.298,87.012
0,0.125,0.001336,24.826,24.839,12.404,12.413,24.842,0,0,0,0,0,0,0,0,12.404,0,0,24.826,12.413,24.842,0,0,0,12.422,0,12.413,0,12.413,0,0,12.404,12.413,0,37.282,0,0,24.832,62.087,0,12.438,0,24.845,12.404,12.41,12.441,24.857,12.41,12.404,12.41,24.851,12.438,24.845,24.845,24.851,37.23,24.832,24.851,0,12.416,12.404,0,12.441,24.845,0,0,12.413,0,0,0,0,12.404,0,12.438,24.82,0,0,24.857,0,12.413,0,0,12.413,0,0,12.416,0,0,12.438,0,0,0,12.404,0,12.441,12.41,0,12.404,12.404,0,37.227,24.829,0,24.823,12.413,24.823,37.255,0,24.814,0,0,24.832,24.814,12.422,0,0,49.658,0,12.41,12.413,12.422,0,24.814,12.413,0,12.422,0,12.413,24.863,0,12.416,12.422,0,24.823,12.416,12.404,12.416,12.422,12.404,12.422,12.416,12.422,12.41,0,12.404,0,0,12.404,0,12.416,0,12.441,24.826,0,24.814,0,0,49.717,0,12.438,49.724,0,37.252,24.814,12.422,0,0,12.404,0,0,12.416,12.438,0,12.404,0,0,12.416,0,0,0,24.839,0,12.404,0,0,0,0,0,0,0,12.404,0,0,0,0,0,12.416,0,12.404,0,0,0,12.41,99.341,49.615,74.469,149.07,62.056,24.817,24.854,37.285,0,12.416,12.438,0,12.416,12.404,37.236,24.817,24.842,0,49.643,86.879,12.413,0,12.404,62.069,37.301,12.404,37.246,49.652,86.985,0,37.23,74.537,62.14,136.6,86.969,62.164,86.898,111.74,86.963,74.546,24.817,24.814,37.255,74.457,37.301,24.814,49.625,86.907,99.361,24.879,86.907,62.066,12.441,74.46,74.491,62.075,74.55,24.817,62.041,74.521,62.09,12.404,62.087,37.32,62.143,49.634,37.286,86.972,49.665,62.13,62.118,74.51,62.102,74.596,136.69,99.521,49.733,49.73,37.27,24.832,99.326,62.127,49.705,49.683,24.848,62.059,37.248,49.677,37.264,24.851,49.68,62.112,24.835,74.519,24.854,49.677,74.503,86.957,24.854,49.64,49.693,62.164,62.093,62.087,12.441,62.124,86.929,37.218,49.717,24.876,37.245,111.79,62.096,12.404,49.689,62.112,37.264,124.2,74.515,24.826,62.081,49.662,24.857,37.286,62.09,49.696,62.069,62.056,12.404,12.413,37.28,37.239,12.416,49.646,49.628,24.817,37.261,24.857,49.662,86.96,74.531,37.301,49.64,12.41,49.656,24.817,24.808,37.218,49.665,37.243,49.68,62.127,37.248,74.519,99.413,62.032,86.914,99.382,124.31,87.016,111.78,99.345,24.82,12.404,24.826,37.227,24.82,24.814,24.808,37.252,12.404,24.879,12.438,49.668,24.848,37.239,37.273,12.41,62.097,37.246,37.276,37.264,37.23,24.845,0,0,24.808,62.084,0,37.23,0,12.404,49.646,24.82,49.68,62.118,24.814,37.23,24.854
0,0.5,0.0424,12.432,24.873,12.441,0,12.441,0,0,0,0,0,0,0,0,0,0,0,0,12.441,0,0,12.441,0,0,12.441,12.432,24.857,12.441,12.441,0,0,0,0,12.426,12.432,0,24.826,24.857,24.826,0,0,12.432,12.426,0,0,12.425,0,0,0,0,0,24.854,24.848,24.866,12.425,0,0,0,12.422,12.432,0,0,0,37.289,0,24.848,0,12.422,24.863,49.727,12.441,12.413,24.866,12.441,12.422,37.286,37.283,12.422,24.873,0,12.422,12.413,12.413,24.836,24.839,12.441,0,0,37.286,0,0,0,24.873,24.836,12.432,12.432,49.69,0,0,37.279,24.866,49.702,24.873,0,12.432,24.873,12.441,0,0,12.422,12.413,12.413,12.426,0,12.422,12.441,12.413,0,12.432,0,0,12.426,0,12.432,12.413,24.839,24.826,24.863,0,12.413,0,37.264,24.851,24.851,0,12.432,12.425,0,12.426,0,0,0,24.854,0,0,49.693,0,0,12.432,0,0,12.441,0,37.295,12.432,12.413,0,12.426,0,0,12.441,12.422,24.845,12.426,0,12.425,12.441,12.441,24.845,12.441,0,0,24.866,24.866,0,12.441,0,12.422,0,0,12.441,12.413,12.432,0,0,0,24.866,0,0,0,0,0,0,12.441,0,0,0,24.873,0,0,0,62.131,37.276,37.277,49.727,236.18,124.21,37.258,37.323,0,12.413,24.845,37.313,24.863,24.854,24.866,0,37.289,12.413,12.441,24.866,49.724,37.323,49.764,49.723,37.298,87.034,62.149,37.307,49.764,24.866,74.602,99.438,111.89,86.957,74.519,62.134,86.951,62.127,74.534,62.14,74.599,49.726,37.292,49.717,62.155,62.158,49.739,37.298,49.736,87.018,149.09,49.702,62.137,49.714,49.702,12.422,24.854,24.836,12.422,49.717,86.997,86.988,74.59,24.857,37.258,37.267,12.422,24.873,136.71,49.711,24.863,37.307,37.276,49.745,24.866,62.177,74.559,49.717,86.985,49.69,99.435,49.69,111.86,99.459,87.021,49.708,24.863,49.727,37.304,12.441,37.28,86.96,62.149,62.127,99.425,62.137,74.584,37.292,37.267,74.568,62.112,87.018,86.994,74.581,49.677,49.708,62.134,49.717,49.726,37.286,12.426,62.168,37.292,49.736,0,24.854,37.307,99.41,62.13,62.149,62.158,86.942,62.109,24.848,37.279,62.161,86.969,37.27,49.708,49.69,62.137,37.289,49.739,49.708,74.562,37.27,74.574,24.854,62.124,62.097,62.134,37.295,74.553,12.413,49.73,12.432,12.441,37.286,62.14,37.283,24.863,37.298,124.31,99.45,74.599,74.599,49.711,99.441,24.873,62.137,62.14,49.736,37.323,37.323,74.612,37.307,99.444,62.189,49.736,87,12.432,0,12.425,24.857,37.292,0,37.27,49.754,49.693,37.295,86.985,24.848,12.441,12.432,49.754,24.854,37.307,37.313,62.143,24.826,24.848,37.314,37.286,12.425,62.143,24.836,49.665,12.441,24.854,12.432
0,0.5,0.0212,0,0,0,0,24.857,12.416,0,0,0,0,0,0,0,0,24.854,0,12.413,0,0,0,0,0,0,24.826,12.441,0,24.869,0,0,0,24.835,12.407,0,12.425,12.422,24.835,0,24.838,24.845,0,0,12.425,0,12.401,12.413,12.425,24.835,24.851,49.714,12.429,12.422,24.857,12.413,0,24.845,24.851,0,49.692,24.851,12.441,0,24.854,12.401,12.422,24.866,12.416,24.851,24.854,0,0,0,0,0,12.441,12.407,24.835,24.808,0,12.429,12.401,24.857,12.407,12.407,0,12.407,0,12.416,24.814,12.407,12.416,12.429,0,12.407,0,24.823,12.416,0,0,0,24.845,0,12.413,0,0,12.441,12.416,0,12.422,0,0,0,12.441,24.814,0,24.866,12.413,12.422,24.848,0,12.416,12.407,0,0,12.441,24.808,12.407,37.273,37.27,24.866,12.422,0,0,12.416,12.401,12.422,37.227,12.422,24.829,37.209,12.422,12.407,0,12.413,0,37.27,0,37.255,12.441,0,0,12.441,12.413,0,0,0,0,24.841,12.413,0,0,0,12.425,24.848,0,12.422,12.422,12.422,12.441,0,0,12.413,0,0,0,24.823,0,24.851,0,12.441,12.422,0,12.441,0,24.82,0,12.441,0,37.264,12.429,0,12.429,12.407,12.429,0,0,24.854,12.422,0,0,0,37.255,0,12.413,12.407,136.65,62.133,24.845,49.671,12.422,12.422,12.441,12.441,0,37.236,24.838,12.413,24.854,0,49.72,37.27,37.255,62.152,37.295,37.322,49.708,37.27,24.842,37.251,62.093,12.416,74.475,49.695,24.845,37.248,148.99,124.16,37.279,99.335,62.075,24.829,62.075,74.5,37.236,86.972,86.962,74.519,62.09,74.552,49.68,86.926,62.13,62.121,37.252,74.589,62.13,74.515,37.261,49.689,74.497,62.112,74.512,37.267,37.291,74.481,49.705,62.155,62.068,37.248,74.506,24.808,111.75,37.248,24.854,37.267,24.835,12.422,62.121,37.236,37.209,74.491,37.279,12.441,24.835,37.27,62.096,99.348,24.829,86.904,86.901,24.808,49.659,49.72,24.842,12.401,24.808,24.857,24.848,49.658,24.817,62.13,49.695,24.882,74.534,62.081,49.655,37.282,24.854,37.221,99.323,74.519,49.683,37.258,24.829,111.78,24.863,37.258,12.422,37.255,74.528,62.118,49.665,86.928,12.422,86.953,49.692,62.105,74.528,62.096,49.717,74.546,99.323,49.665,74.531,74.534,62.13,49.699,62.133,62.084,24.845,49.668,74.512,86.876,74.509,62.133,62.084,62.099,49.637,12.407,86.929,86.898,62.062,62.087,24.817,37.255,49.637,86.907,99.369,62.047,24.829,62.096,49.711,49.677,62.109,86.944,99.425,49.702,62.176,37.215,62.133,24.835,49.711,49.68,62.118,86.959,12.413,0,74.534,24.863,24.842,49.643,12.401,24.835,37.248,37.276,62.072,24.817,37.242,62.084,49.692,37.23,86.926,49.698,124.24,24.854,24.845,24.829,49.649,37.258,49.674,74.494
0,0.5,0.0106,12.429,12.429,0,0,0,0,0,0,0,0,0,0,0,0,0,0,0,0,12.401,0,12.438,12.413,12.441,24.838,12.401,24.851,0,62.078,24.817,24.851,0,12.441,0,12.413,0,12.404,37.255,12.404,12.401,49.662,0,24.82,24.82,24.876,24.808,0,24.814,12.401,12.407,24.854,12.407,0,0,12.438,0,0,12.413,12.438,0,0,12.401,12.438,0,24.829,0,0,0,12.404,0,0,12.441,0,12.429,0,24.808,0,0,12.413,37.255,0,12.404,0,12.401,0,24.817,12.441,0,0,0,12.441,37.255,12.404,0,24.811,0,0,12.41,0,0,0,24.838,37.242,24.842,12.429,12.41,12.429,0,24.851,12.404,0,0,0,0,0,0,12.429,0,12.401,12.404,12.438,24.82,0,24.817,0,49.717,24.817,12.429,37.255,12.438,24.848,37.218,12.441,37.282,24.882,37.282,37.307,12.438,37.249,37.208,0,24.811,24.808,12.441,12.407,0,12.413,24.811,0,12.413,12.401,0,0,24.82,0,24.804,12.407,0,0,12.429,12.401,0,0,37.233,0,24.841,12.429,0,24.823,0,0,12.401,12.441,12.429,12.401,12.404,12.41,24.848,12.438,12.401,24.823,12.407,12.401,12.438,12.413,12.441,0,12.413,24.851,49.643,12.413,12.438,37.214,0,37.279,12.41,0,12.41,12.438,24.845,24.838,37.31,12.41,24.842,37.27,111.82,124.06,12.429,0,12.407,12.429,24.823,24.826,0,49.693,0,49.656,74.503,49.652,37.214,99.308,37.255,49.683,86.857,49.64,124.15,49.652,49.699,62.103,49.665,74.485,49.671,49.696,74.565,12.404,74.553,86.991,86.851,74.534,49.652,111.81,49.624,99.286,86.907,99.367,49.683,86.913,49.68,24.866,99.351,86.923,86.855,62.05,124.2,124.24,74.497,86.932,37.276,24.838,136.55,37.279,74.528,62.084,24.845,24.817,37.27,62.072,49.76,12.429,86.966,37.248,49.705,74.54,49.689,62.084,37.242,49.649,49.69,86.929,62.118,74.479,37.245,12.41,12.441,49.637,37.255,62.081,74.494,86.907,37.255,37.215,86.904,24.829,86.867,37.261,37.233,12.441,62.124,62.118,37.252,24.838,62.103,74.516,62.1,49.665,49.677,99.327,74.522,0,74.491,62.056,49.653,74.445,24.817,86.889,49.745,74.608,74.541,24.848,49.714,74.426,24.801,86.849,37.218,24.826,86.864,49.625,99.28,74.534,24.811,74.464,49.708,99.391,62.069,198.74,111.82,136.7,124.33,173.96,74.55,111.73,74.541,62.062,86.969,74.519,136.56,24.804,24.836,49.646,74.54,24.814,37.205,62.016,37.252,24.811,12.413,12.404,24.838,37.23,49.643,62.069,62.028,24.804,49.631,86.895,24.842,62.084,62.075,49.693,49.662,74.438,49.655,74.46,12.401,86.923,86.907,86.861,99.358,24.82,49.652,12.404,62.115,74.473,62.072,74.482,74.494,62.093,62.038,62.124,49.665,24.841,49.693,12.438,99.284,74.482,49.622,62.056,49.644,37.252,74.435,62.056
0,0.5,0.0053,12.419,12.429,0,24.808,12.404,12.404,0,0,0,0,0,0,12.429,0,0,24.832,12.429,24.848,12.404,12.404,12.428,0,0,12.428,24.851,12.428,0,37.236,24.832,24.832,12.428,12.404,0,12.429,0,12.404,0,0,12.404,24.823,12.404,24.823,0,24.823,0,24.808,12.438,37.261,0,0,12.404,24.857,0,12.419,24.842,12.425,12.438,0,12.404,0,12.419,0,0,12.404,12.404,0,0,12.429,12.438,12.438,0,12.404,12.438,24.848,0,0,0,0,12.438,0,24.842,0,0,12.419,0,12.429,24.838,24.832,0,0,12.429,24.832,24.829,37.285,0,24.842,24.808,24.863,0,24.832,24.854,12.404,24.829,0,24.851,0,24.842,24.808,12.428,12.425,0,12.429,12.438,0,0,74.503,0,12.428,12.404,12.429,0,0,0,24.854,12.429,12.404,49.674,0,0,0,12.404,37.233,12.404,49.649,12.404,24.808,12.428,37.267,12.404,0,12.428,12.428,12.425,0,12.419,24.829,0,24.842,24.808,12.428,24.848,49.689,12.429,12.419,12.428,0,24.854,12.429,0,12.404,0,12.425,24.823,0,24.808,12.425,12.419,24.857,24.842,0,0,12.404,12.419,24.842,0,12.425,0,0,49.662,12.419,0,37.273,12.404,0,12.419,37.27,24.832,12.425,12.429,37.27,24.866,0,0,24.863,0,24.848,37.258,24.832,37.292,24.832,62.118,62.081,74.543,24.829,161.52,111.67,12.429,0,12.404,12.404,24.808,24.857,62.069,74.503,37.242,62.093,24.808,12.429,37.276,37.261,37.27,62.109,37.258,74.522,62.09,136.63,99.394,74.519,99.391,99.354,99.379,62.143,149.07,99.305,24.808,99.33,37.279,111.79,37.236,74.488,37.242,86.883,86.916,99.345,111.81,49.64,99.391,24.808,62.069,24.808,74.497,74.506,62.056,74.519,24.823,37.236,86.913,62.099,49.733,99.363,37.245,111.82,111.82,111.75,49.708,74.525,111.8,62.09,74.531,74.488,49.64,136.56,62.161,62.069,37.248,12.419,62.078,49.689,86.892,74.494,74.506,99.382,62.127,49.711,62.078,86.959,49.68,62.102,62.109,74.5,99.422,62.152,86.969,49.655,74.58,86.956,37.236,86.923,86.91,74.491,74.596,37.261,74.528,111.78,74.503,49.699,124.23,86.941,74.531,74.546,62.18,62.17,86.92,74.562,24.808,37.261,86.966,86.886,74.586,74.482,111.79,37.236,62.112,62.127,37.236,49.671,86.932,74.457,62.069,86.953,86.959,74.463,62.019,86.864,136.5,86.895,124.1,49.689,62.078,62.102,136.56,111.73,37.252,99.348,111.76,74.463,86.907,136.66,74.473,86.932,86.941,62.072,86.876,74.516,62.121,62.099,86.92,86.944,0,99.357,99.385,74.553,49.696,86.901,24.875,49.68,86.882,37.267,37.27,62.084,86.965,37.285,111.86,74.534,99.422,86.916,49.674,37.242,99.354,86.929,86.984,49.689,86.929,99.394,37.282,74.519,87.003,37.248,49.659,74.51,49.683,74.497,62.127,74.506,99.333,99.41,99.363,37.212,111.7,124.29
0,0.5,0.00267,0,12.41,37.295,24.829,37.27,12.401,0,0,0,0,0,0,0,0,0,0,0,12.41,0,0,37.267,12.422,24.845,24.823,12.422,12.422,0,24.833,12.432,0,12.407,12.422,12.432,12.407,24.839,0,37.267,12.429,0,37.227,12.432,12.432,24.811,0,12.432,0,12.407,12.432,24.817,12.422,49.64,12.426,0,0,0,24.854,0,12.401,12.407,0,12.401,24.842,24.854,12.429,24.823,0,12.429,12.432,12.429,24.842,12.407,12.432,24.826,12.407,12.401,12.407,0,0,12.401,12.407,24.832,24.833,12.41,0,12.422,12.432,12.426,24.86,37.233,12.422,37.292,62.131,12.401,12.432,0,12.41,37.286,12.41,24.839,12.41,0,12.426,12.432,12.407,0,12.41,12.432,0,0,37.209,12.432,0,24.854,12.429,24.848,0,0,37.249,0,0,12.426,12.432,37.233,37.239,0,49.687,0,24.854,12.432,0,37.243,0,0,24.836,24.811,12.401,12.429,12.41,12.401,24.832,12.429,0,12.432,24.832,24.857,12.426,0,12.432,12.41,24.857,0,0,12.401,0,0,12.401,12.432,24.863,12.429,0,0,12.422,24.86,24.832,12.432,12.432,0,24.854,0,0,0,0,12.41,24.832,12.432,0,0,12.41,37.286,0,12.432,12.429,24.842,12.432,12.401,12.432,12.41,0,12.407,0,12.432,49.659,0,0,12.407,0,12.401,12.422,12.422,12.41,37.258,24.829,74.47,99.296,223.51,173.88,62.029,62.06,37.23,12.422,37.233,12.401,74.494,12.401,62.084,12.41,49.668,62.112,24.814,37.246,24.832,49.687,49.687,0,24.845,37.277,49.662,37.255,37.242,24.817,49.708,24.857,12.432,62.088,49.724,37.264,62.1,62.146,62.149,49.681,74.538,124.22,111.78,62.093,37.246,37.264,86.954,24.829,37.249,37.218,74.562,99.364,62.075,24.808,124.23,62.124,111.77,74.504,62.103,111.74,136.63,86.979,74.55,37.24,99.407,86.938,136.65,99.324,86.939,148.98,86.864,161.38,49.699,111.76,49.705,62.078,49.643,74.522,74.51,111.77,86.985,37.249,74.426,49.665,49.634,99.364,111.76,99.358,62.121,86.941,49.715,111.79,99.376,111.76,74.541,136.61,99.321,86.951,99.321,136.67,111.79,62.075,86.947,136.58,99.311,62.118,161.42,99.367,111.76,99.407,124.23,74.565,99.376,136.67,62.087,149.07,62.053,99.33,74.522,99.398,99.379,124.18,74.488,86.981,111.76,74.547,62.062,99.305,124.19,24.802,86.969,74.482,99.302,37.258,99.392,111.78,86.966,124.26,49.693,99.385,124.18,49.696,37.249,37.261,62.121,86.923,74.507,62.115,37.267,62.075,86.963,111.75,49.677,37.274,74.525,74.562,49.68,86.942,24.857,62.121,99.386,24.854,24.839,99.379,49.718,74.501,37.267,99.414,86.907,99.342,37.252,136.69,99.395,37.249,49.665,62.121,49.678,74.488,86.861,37.258,62.1,49.683,24.826,74.464,86.889,74.488,74.525,86.954,74.504,124.16,149.03,74.534,62.118,62.112,86.898,62.09,111.73,124.21,136.64,136.57
0,0.5,0.001336,12.419,0,0,24.854,12.435,24.841,0,0,0,0,0,0,0,0,12.404,0,24.841,0,0,0,12.435,0,12.404,0,12.422,12.435,12.422,24.854,37.248,24.848,49.711,0,24.857,24.841,12.435,12.422,12.419,24.857,24.802,0,62.112,12.422,12.435,0,12.425,37.282,12.419,12.404,0,0,12.422,37.264,0,24.839,0,0,0,12.435,12.404,12.425,0,12.422,0,12.435,12.401,12.401,0,12.435,24.848,0,0,12.401,12.422,12.404,24.857,0,0,0,24.826,12.425,12.422,12.422,24.805,12.422,12.404,0,24.829,0,37.264,0,12.435,37.279,12.419,24.86,0,0,0,12.419,0,0,0,0,24.826,24.845,0,0,12.419,24.802,0,0,0,0,0,0,0,0,0,0,0,0,12.422,0,0,12.419,0,0,12.422,0,0,0,12.419,0,0,12.422,0,24.841,0,0,12.401,12.404,0,49.711,12.422,0,24.823,24.857,0,12.422,12.419,12.435,24.857,0,0,12.435,12.435,12.435,0,0,0,37.261,37.289,0,12.422,12.435,12.419,0,0,12.422,24.82,24.857,24.869,0,12.435,12.401,12.419,24.829,24.802,49.659,0,24.836,0,0,0,12.401,0,12.401,24.854,37.282,0,24.841,0,0,24.826,12.419,12.422,12.425,0,0,12.422,0,49.683,86.99,24.869,37.261,149.04,173.81,24.848,24.826,12.419,24.826,49.683,74.534,37.279,12.425,24.839,37.264,24.826,37.264,37.261,37.248,24.808,49.726,12.435,49.671,49.702,49.671,24.823,49.72,62.099,49.671,74.568,86.944,74.506,111.74,86.901,136.67,99.324,37.273,62.093,62.127,149.08,37.279,86.895,12.435,62.053,49.668,24.823,74.586,99.314,24.836,37.292,24.82,62.084,49.717,74.553,24.829,99.379,37.252,12.425,24.823,74.507,49.671,62.075,86.929,62.115,49.607,86.846,62.106,24.829,24.845,74.473,49.674,49.68,37.248,62.133,24.841,62.056,62.096,37.273,37.249,74.46,49.634,37.249,124.12,62.038,49.616,49.649,86.879,111.72,62.105,24.845,62.1,62.06,62.066,49.64,24.845,49.698,62.069,49.705,24.854,37.279,62.093,49.661,62.102,0,37.276,62.072,49.646,24.823,24.854,12.435,49.714,37.279,37.276,12.422,12.404,74.515,24.845,74.497,24.86,37.304,49.689,37.292,62.127,49.695,37.236,24.839,62.105,37.203,49.689,37.27,49.695,24.857,12.422,62.124,37.276,136.55,86.898,62.087,86.95,0,24.836,49.674,49.683,49.698,24.869,62.145,37.245,74.547,24.82,12.419,24.857,74.553,49.726,37.292,74.513,74.51,37.249,49.698,62.13,49.649,24.829,49.659,37.255,37.243,24.845,37.245,49.693,62.099,24.857,49.649,99.342,111.74,86.904,62.124,12.422,49.668,24.836,24.845,124.21,49.643,62.112,49.686,24.869,37.261,37.264,62.066,86.944,149.05,62.084,74.509,86.91,37.23,49.656,86.95,37.27,62.081,99.394,49.677,111.88
0,2,0.0424,0,0,0,12.441,24.823,0,0,0,0,0,0,0,0,0,0,24.876,0,0,12.435,0,24.876,12.441,0,12.435,0,24.839,0,12.435,24.842,12.441,24.845,0,0,0,24.805,0,12.401,12.441,12.404,0,12.441,24.802,12.404,12.401,24.805,12.419,0,24.802,0,12.419,0,24.805,24.842,0,12.404,37.242,12.435,24.823,0,12.404,24.863,24.82,0,0,0,12.401,12.441,12.404,12.422,24.82,12.401,0,12.404,24.82,49.643,0,12.419,0,12.422,12.401,12.422,24.823,0,12.422,12.404,0,12.441,12.422,0,12.422,12.441,12.401,0,0,0,0,0,0,0,0,12.401,0,0,0,0,0,12.404,0,0,0,12.422,0,12.441,0,12.441,0,0,24.845,0,0,0,0,12.419,0,12.441,12.419,0,12.441,0,0,0,0,0,0,24.82,12.441,0,37.277,12.441,24.842,0,24.876,0,24.876,12.441,0,0,12.441,37.323,12.401,24.876,0,24.882,0,0,0,37.267,0,0,0,37.224,12.435,12.404,37.221,12.401,49.717,12.404,0,12.404,12.441,0,0,12.404,24.842,0,0,12.401,0,12.401,12.441,0,0,0,24.845,0,0,12.441,0,0,0,0,24.839,12.441,12.404,0,0,0,12.404,12.441,0,12.435,24.842,12.401,37.317,136.76,86.873,12.441,0,12.401,0,12.419,37.286,12.441,12.441,24.876,62.186,37.242,74.562,62.146,62.084,74.525,74.587,111.85,99.373,62.121,74.574,86.941,111.84,24.842,37.283,49.727,24.801,62.124,12.441,62.106,86.886,62.05,74.562,24.869,99.379,37.246,49.684,62.084,149.09,49.705,124.2,74.528,62.075,62.1,136.61,49.64,24.86,99.305,49.64,37.242,62.096,99.382,37.221,49.603,24.835,49.643,124.05,0,124.18,111.77,74.497,49.643,49.668,37.283,49.643,62.124,99.382,37.283,86.932,49.68,111.8,24.826,24.842,37.227,12.422,37.246,37.261,49.705,49.65,24.82,0,24.882,12.401,12.441,37.286,37.317,24.863,24.826,12.401,49.727,86.88,0,24.82,62.167,37.304,49.646,49.662,49.69,24.863,49.757,74.577,49.736,24.845,12.401,24.882,12.401,37.221,37.323,24.876,49.702,74.565,12.422,49.683,49.705,62.121,0,24.842,49.671,62.143,12.441,12.419,24.82,24.808,62.081,49.64,37.283,12.422,37.261,74.482,49.724,49.662,49.687,62.087,37.239,74.559,49.696,49.683,37.243,37.304,37.283,12.401,49.723,24.826,49.68,49.687,49.764,24.876,24.882,62.118,62.121,24.882,37.243,111.8,111.81,74.522,12.419,24.842,49.764,74.531,74.528,62.072,49.705,49.662,49.662,12.441,37.267,24.842,12.404,37.242,62.065,62.118,37.249,24.805,24.876,74.562,62.09,49.687,62.118,24.836,37.209,37.236,37.261,12.401,37.246,24.826,37.242,37.224,0,37.298,62.149,24.835,0,37.249,49.699,12.401
0,2,0.0212,37.286,0,12.426,12.413,62.143,12.413,0,0,0,0,0,0,0,0,0,0,12.435,24.857,0,12.435,0,0,12.425,0,0,12.425,12.438,0,12.425,37.298,24.869,24.863,37.298,24.86,0,24.86,0,62.174,37.307,12.435,0,37.298,24.86,24.86,24.845,37.317,12.444,62.146,0,24.848,0,37.295,12.425,12.435,0,0,24.866,12.413,12.435,24.851,12.432,24.86,24.879,0,0,0,12.444,12.444,12.425,0,12.425,0,12.432,12.444,24.86,12.438,24.857,0,12.426,24.882,0,24.863,24.839,12.438,24.866,12.413,12.432,37.276,12.438,24.838,0,12.438,0,12.435,0,0,24.86,24.866,12.435,37.286,0,0,0,24.851,0,12.432,12.435,24.838,37.279,0,12.426,0,12.432,0,12.426,0,0,0,0,24.866,0,12.426,0,12.425,0,12.426,0,0,12.444,0,12.425,0,0,0,12.432,0,12.432,0,0,0,24.869,0,0,0,12.432,24.863,0,12.426,0,0,12.435,12.426,0,24.876,12.426,0,0,24.857,24.839,12.444,24.86,12.435,24.857,24.848,24.851,37.301,12.426,24.845,12.435,0,24.876,24.845,0,0,12.435,12.435,24.845,12.426,12.435,0,24.869,12.413,0,12.435,12.435,24.879,0,12.435,0,12.435,0,12.435,12.435,24.86,0,0,0,0,24.876,12.413,49.721,24.826,111.84,24.851,149.19,99.453,0,12.438,62.18,12.444,0,24.879,37.283,62.165,24.869,74.609,74.618,74.599,74.637,24.848,49.699,99.503,49.717,99.463,99.45,99.413,124.35,174.02,74.558,149.12,111.89,111.9,111.88,136.74,124.31,111.92,149.2,99.441,124.32,149.18,111.88,74.64,111.86,161.65,136.76,99.462,49.708,49.724,62.155,111.89,87.024,111.89,99.432,74.556,74.56,24.838,86.997,37.298,49.708,37.295,124.28,49.711,49.73,124.3,24.86,87.004,49.711,74.584,49.745,99.391,37.279,62.136,62.17,37.307,49.702,49.708,74.63,24.851,62.139,37.285,99.416,86.994,62.174,24.87,37.282,87.021,12.425,62.158,12.425,86.999,37.27,49.711,62.133,87.015,62.167,87.018,74.556,62.133,111.88,49.73,49.714,24.857,74.611,49.714,12.426,37.285,37.286,12.432,62.192,24.848,12.413,12.425,24.86,24.848,24.845,24.839,12.426,12.426,37.295,12.432,0,24.866,24.857,12.444,49.699,136.77,0,24.87,87.053,24.888,37.332,37.314,62.155,24.863,37.264,49.708,49.702,37.273,37.295,24.851,12.413,12.426,24.86,37.307,49.72,62.142,62.133,24.851,49.717,12.435,37.295,24.863,24.826,62.164,74.574,111.86,74.596,49.72,49.73,74.584,24.845,87.003,49.758,74.602,74.55,24.87,49.727,62.161,87.046,87.028,87.009,49.724,74.571,24.882,24.869,12.425,12.438,12.435,49.717,12.432,37.295,49.727,0,62.14,74.59,12.432,37.301,62.143,24.869,62.121,62.1,49.736,37.286,49.742,62.155,37.304,62.155,37.307,74.599,12.438
0,2,0.0106,12.416,0,0,0,12.416,0,0,0,0,0,0,0,37.261,0,12.416,12.438,12.404,24.848,12.438,24.823,0,49.702,12.435,0,24.854,0,0,0,0,12.416,24.866,49.674,37.301,12.435,49.683,12.419,12.429,37.264,12.438,24.832,24.832,24.845,0,12.429,12.404,24.851,0,12.404,12.416,37.301,12.435,0,12.416,12.416,12.438,0,37.27,0,24.845,0,37.249,0,24.832,0,0,12.416,24.841,0,0,12.404,0,0,0,24.841,12.404,12.435,12.404,0,0,12.438,12.438,0,24.832,12.416,12.416,12.416,24.835,12.429,12.416,24.854,0,24.845,12.416,12.438,0,37.248,37.27,0,74.522,24.845,37.261,74.522,0,24.845,0,12.416,12.404,0,24.854,0,0,12.416,12.416,12.429,0,12.429,0,0,0,0,0,0,0,12.435,12.416,12.416,37.261,0,12.416,12.419,0,24.851,0,37.27,0,12.416,0,24.848,12.416,24.854,0,12.416,24.854,24.854,12.416,0,0,12.419,12.416,24.835,24.845,12.416,24.835,0,0,0,0,0,12.416,0,37.286,0,0,0,0,24.839,0,24.872,24.835,12.416,12.429,0,0,12.416,12.429,24.823,24.835,0,12.416,12.435,0,12.419,0,12.404,0,12.419,0,0,0,24.835,12.404,12.416,0,12.404,12.404,0,0,24.851,0,0,74.531,37.267,74.491,99.345,211.18,111.76,24.845,0,12.416,0,0,124.22,62.112,49.702,24.857,62.093,74.497,86.932,99.351,49.683,124.23,74.509,99.388,62.121,37.286,111.79,62.093,111.81,86.966,173.86,111.77,136.67,149.11,124.22,136.63,235.98,161.51,173.94,136.65,124.22,86.944,124.21,111.76,62.099,37.282,99.36,149.04,161.51,86.913,62.164,99.434,99.41,111.84,24.851,0,99.425,62.121,62.102,87.012,37.236,74.562,86.99,49.726,86.996,62.09,49.683,74.516,86.854,24.851,37.267,124.18,49.686,37.276,37.227,49.689,37.279,37.267,74.555,62.056,86.959,49.674,99.351,74.525,74.562,62.112,86.947,99.339,111.84,49.652,86.963,49.686,12.416,62.075,86.913,24.854,74.562,99.329,99.326,74.485,86.913,111.79,99.373,111.77,74.512,99.357,86.95,49.68,37.261,12.435,37.283,62.09,37.239,74.559,86.96,37.282,37.304,62.106,74.546,74.54,24.845,62.102,12.416,49.717,24.854,37.261,24.832,37.289,74.51,62.133,49.726,37.248,86.935,62.115,74.534,62.102,0,24.866,0,49.723,24.835,37.252,86.956,62.105,12.416,37.289,62.133,62.096,74.534,62.09,62.099,62.109,37.248,24.832,0,111.88,49.683,37.252,62.109,111.79,24.854,74.531,0,37.264,24.87,49.702,37.27,62.115,62.127,24.854,74.491,62.105,62.152,62.111,74.562,74.586,74.549,74.503,62.078,37.273,37.267,49.671,62.056,12.429,24.851,74.547,37.267,12.404,37.258,49.702,12.435,0,37.239,74.475,12.435,12.435,0,37.273,49.671,49.658,86.953
0,2,0.0053,0,12.407,0,0,12.422,12.404,0,12.429,0,0,0,0,12.422,12.441,37.27,49.696,49.693,12.419,37.24,12.404,37.276,12.419,37.286,24.811,12.419,0,0,74.534,0,49.692,12.425,0,24.857,12.422,12.407,24.879,24.866,24.832,37.267,24.86,24.832,12.441,24.829,37.233,12.425,24.866,0,62.143,37.252,0,24.848,37.24,37.273,12.422,0,24.811,12.425,0,37.283,24.836,0,0,0,24.829,0,12.425,0,0,12.441,49.671,0,24.854,24.869,37.286,0,12.425,24.826,12.422,12.407,12.419,62.149,12.419,0,12.441,12.407,24.851,12.429,0,0,12.438,37.307,12.419,0,0,49.686,12.422,0,12.425,0,0,24.845,0,12.407,0,0,0,12.422,12.407,24.866,12.404,0,12.407,12.404,24.879,12.429,12.441,12.429,0,0,0,24.869,24.832,0,24.833,12.407,12.419,12.425,12.441,12.407,24.863,12.419,0,0,0,12.422,24.811,0,0,12.429,0,12.407,12.425,12.404,0,12.438,12.441,12.438,0,0,24.863,12.425,12.441,0,12.419,24.848,12.441,12.422,12.429,0,0,12.407,0,24.826,0,12.407,12.425,12.422,12.404,12.407,12.425,0,0,37.27,12.441,37.285,12.422,12.404,24.848,12.407,0,24.863,0,37.289,0,0,12.438,0,12.438,12.407,12.441,37.27,37.249,0,12.407,12.438,12.419,24.86,0,0,37.283,37.289,12.438,24.848,12.425,173.98,86.957,24.845,24.842,24.857,49.733,99.431,37.298,111.84,74.525,161.57,124.25,149.05,161.44,161.48,74.519,49.653,49.674,49.656,99.37,37.249,62.137,12.438,37.301,198.82,111.76,111.85,86.935,124.15,111.83,136.66,62.109,99.364,136.64,161.57,136.64,62.087,149.06,99.318,111.79,161.55,223.61,186.39,124.22,111.82,37.282,149.13,111.84,111.79,161.53,49.69,111.84,99.358,111.78,37.286,74.54,74.531,74.491,86.932,111.78,99.348,74.55,49.662,124.2,49.674,99.345,62.127,74.516,62.118,124.25,149.05,74.559,149.07,99.388,49.72,99.391,49.721,86.911,86.941,99.413,149.15,99.428,86.96,124.25,124.21,49.683,86.987,74.488,111.88,49.665,111.82,136.71,37.246,49.699,74.553,99.416,99.382,87.006,49.705,124.2,49.696,161.58,111.85,62.167,86.873,62.087,99.391,74.503,99.407,62.084,86.901,62.137,62.109,37.233,62.124,74.504,49.652,74.541,37.267,37.273,62.062,24.876,62.118,99.333,49.708,74.578,12.404,74.577,49.665,149.04,37.239,87.009,24.833,62.096,49.717,12.419,49.711,62.118,37.286,49.674,49.674,49.711,24.826,74.565,62.155,24.836,0,49.702,24.882,62.099,62.093,62.112,37.307,24.879,37.289,12.425,24.829,49.714,24.866,49.668,49.696,12.407,74.562,24.842,49.705,99.302,74.519,86.904,99.425,74.466,24.833,86.941,111.86,86.907,87.027,24.848,86.923,37.283,74.534,62.14,62.115,74.5,24.879,49.68,62.146,49.72,12.429,62.041,24.845,74.571,24.851,111.81,62.149,74.544,74.528,74.559
0,2,0.00267,0,12.401,0,12.438,12.425,24.801,0,0,0,0,0,0,12.401,12.401,0,0,0,0,0,12.401,49.631,37.248,24.829,24.848,24.805,12.404,37.208,24.851,37.227,49.643,0,12.429,12.413,12.429,12.413,24.829,49.658,24.876,37.246,12.422,24.814,12.404,0,0,37.236,24.876,0,12.429,24.826,0,0,0,12.438,0,0,24.811,24.823,12.438,0,0,37.28,0,12.438,0,12.41,12.429,12.429,0,37.227,12.438,12.422,12.404,24.851,12.422,12.429,0,12.422,24.839,0,0,0,24.832,0,24.863,12.438,12.425,0,12.422,0,12.41,0,12.429,12.425,12.429,12.401,0,12.422,24.838,0,0,12.401,0,24.835,12.429,0,12.425,0,12.404,12.41,12.404,12.41,12.438,24.832,12.401,12.429,12.404,12.438,24.832,0,0,49.649,12.41,0,24.838,0,24.851,12.429,37.239,24.814,0,0,24.839,12.413,24.851,0,12.401,12.404,24.823,24.829,0,37.273,24.826,0,0,0,12.425,12.41,0,0,0,12.404,0,0,0,0,0,12.438,12.422,12.41,12.401,12.425,12.401,0,0,12.422,12.425,24.823,24.86,0,24.835,12.413,12.438,37.276,12.429,24.817,12.41,0,0,0,0,12.429,12.401,24.86,0,24.814,12.429,0,0,0,12.401,0,0,24.848,12.438,12.401,0,12.404,0,24.857,0,24.801,24.801,62.059,74.5,161.43,148.97,49.661,37.227,37.23,49.612,49.624,37.233,37.248,49.612,74.457,24.805,74.506,111.71,37.239,62.044,86.833,99.308,37.23,124.07,86.876,124.16,49.646,99.277,161.42,74.494,99.296,149,173.83,161.42,173.8,124.15,173.81,149,136.57,149.07,173.85,124.21,148.99,62.102,136.58,111.7,111.73,111.81,99.326,62.084,99.323,111.74,198.73,111.69,161.39,173.76,111.68,124.07,99.286,86.919,111.79,124.16,86.957,49.656,62.103,37.282,62.09,62.112,62.127,24.851,62.155,87.006,37.242,24.866,74.509,74.571,49.699,86.953,124.17,86.931,99.379,86.926,124.2,99.428,86.984,99.323,86.953,86.916,74.512,111.84,37.236,37.267,62.106,49.665,37.267,62.096,62.087,149.03,24.829,49.702,74.559,86.91,24.863,111.8,49.736,37.267,74.509,37.205,37.239,37.242,24.808,12.41,62.127,37.239,12.41,37.292,62.087,37.242,49.696,24.863,111.82,62.065,24.832,99.326,49.646,49.699,37.264,99.311,99.345,74.494,37.304,62.072,24.839,86.929,49.665,74.482,49.643,49.618,74.522,49.646,37.23,124.19,24.842,37.236,37.233,37.27,74.547,24.839,37.252,37.249,24.817,86.929,12.438,12.422,37.236,49.656,62.038,62.09,24.811,0,49.696,62.099,37.23,24.811,99.348,24.805,99.333,49.631,37.255,74.488,62.081,74.469,62.109,37.252,37.298,49.643,37.239,49.662,74.494,49.643,62.072,62.065,62.084,62.109,86.901,37.255,99.379,49.689,62.035,49.662,37.239,37.27,62.09,62.109,49.643,37.233,62.096,62.103,49.631,111.77
0,2,0.001336,0,24.829,0,0,12.422,0,0,0,0,0,0,0,0,0,0,12.419,0,12.419,0,0,24.832,24.835,24.835,12.413,37.252,12.413,24.826,37.255,62.078,0,24.838,62.09,0,62.071,24.829,0,12.416,0,12.41,12.413,0,24.829,0,0,12.416,37.249,0,0,49.658,0,0,49.671,24.832,24.832,12.419,24.835,24.838,0,0,12.419,12.416,0,24.835,12.41,12.416,0,12.419,24.826,0,12.416,12.416,12.419,0,49.652,24.835,0,24.829,12.422,37.243,0,12.413,0,12.41,0,0,12.416,0,12.419,0,12.416,12.41,0,12.416,37.245,0,12.413,12.419,0,12.413,0,0,24.829,0,12.419,0,0,24.829,0,12.41,0,24.829,12.41,12.413,12.41,24.832,12.419,12.419,12.419,12.416,0,0,24.838,0,0,24.835,24.829,12.413,0,24.832,12.41,0,12.419,0,12.413,12.41,0,49.653,24.829,12.41,12.41,12.419,12.41,0,0,12.413,0,12.422,24.832,12.419,24.836,0,24.832,0,0,24.842,0,49.674,0,12.422,0,24.842,0,0,12.419,12.419,12.422,0,12.413,12.419,0,12.416,24.823,0,24.829,12.416,0,24.829,12.41,12.41,37.255,0,24.832,0,12.41,12.422,12.416,12.416,12.422,0,12.422,24.838,0,12.416,12.422,12.416,37.258,12.416,12.416,24.832,12.422,111.72,74.47,37.239,37.242,111.72,99.336,24.823,12.416,12.413,12.41,12.41,74.5,0,12.419,62.084,62.081,49.665,12.422,24.829,62.081,24.826,24.832,37.252,24.826,74.497,49.665,62.084,74.512,86.907,86.929,37.252,124.15,136.58,49.662,74.503,24.832,86.916,74.512,62.081,86.91,86.91,99.329,62.084,148.99,49.649,99.302,62.078,24.832,62.078,74.491,62.066,86.904,111.74,124.15,124.14,49.656,74.494,136.57,86.907,49.677,74.5,99.317,74.488,86.904,74.497,37.236,24.835,24.826,37.242,24.829,37.242,86.901,49.671,111.73,49.665,37.236,62.081,74.485,37.246,37.245,62.084,37.233,49.674,99.338,37.239,0,62.066,62.084,24.835,49.656,62.072,62.072,37.239,86.889,49.665,62.066,62.072,86.904,24.823,49.649,37.236,49.653,37.236,86.922,62.072,24.832,49.659,49.652,37.251,24.826,49.659,74.506,74.491,49.662,86.901,62.068,12.41,37.236,24.829,12.41,12.41,12.41,12.419,86.904,74.479,24.839,74.476,74.482,37.264,62.081,24.826,49.665,49.665,37.252,49.662,12.419,49.656,49.665,62.075,49.643,49.649,24.826,37.249,12.41,49.649,49.677,74.497,37.255,99.348,49.671,62.081,24.842,74.503,99.351,24.829,62.087,37.243,62.072,37.252,86.907,99.33,12.419,37.252,37.258,49.658,49.677,37.239,86.913,49.649,62.072,24.829,62.065,99.329,24.829,37.239,49.659,99.329,49.677,99.323,24.823,24.838,49.655,62.078,86.907,74.5,74.516,99.314,49.668,37.252,37.245,37.255,24.838,12.419,24.826,37.245,74.503,49.662,86.926,62.087,74.503
0,8,0.0424,14.176,14.201,14.183,0,28.383,0,0,0,0,14.218,0,14.183,14.218,14.176,0,14.218,14.218,0,28.394,0,14.183,0,0,14.218,0,0,0,28.401,14.176,0,14.172,14.218,0,0,28.348,0,14.172,0,28.38,14.172,0,0,0,14.218,0,0,0,28.348,0,14.183,14.208,0,0,14.176,28.39,0,14.208,0,0,0,0,0,0,14.218,14.208,0,0,0,14.208,0,14.201,14.183,0,0,14.183,0,14.208,0,14.215,0,0,14.208,0,14.183,28.429,0,28.398,0,14.215,0,14.215,14.172,14.208,14.176,0,0,0,0,0,0,0,0,14.201,0,0,0,0,0,14.183,0,14.215,0,0,0,0,14.183,14.215,14.201,0,0,0,42.647,14.201,14.215,0,0,14.218,28.383,14.215,0,71.006,14.218,14.201,14.172,0,14.172,28.394,0,14.201,14.218,0,0,14.201,14.218,0,14.218,14.218,28.433,0,0,14.172,0,14.201,14.172,14.172,0,28.348,0,14.218,0,0,0,28.348,0,0,0,0,0,14.208,28.383,0,0,0,0,0,0,14.215,14.176,0,0,0,0,0,0,14.176,0,0,14.215,14.201,0,0,14.208,0,0,14.215,14.208,14.218,0,14.215,0,14.201,14.215,70.978,42.566,156.29,255.47,28.401,14.172,14.201,28.408,127.78,85.2,71.013,85.168,56.795,85.182,28.359,28.348,14.176,70.918,28.436,56.851,28.384,14.176,42.556,14.172,14.201,14.218,28.359,14.176,0,70.985,56.739,85.122,28.359,42.552,28.359,28.384,42.521,85.189,85.172,14.172,56.774,56.809,70.988,56.728,42.566,42.521,28.398,14.201,28.345,42.57,14.176,14.218,28.348,70.988,0,14.208,56.732,0,0,42.577,28.359,42.559,14.218,14.218,14.183,70.989,14.176,28.394,14.215,0,42.602,56.696,42.535,28.384,28.391,14.183,28.359,28.359,56.844,56.791,42.563,42.605,70.974,14.172,56.788,28.376,99.319,42.602,70.921,56.792,28.401,70.932,42.623,14.218,56.865,42.605,56.77,0,28.384,28.384,0,0,14.176,14.183,14.201,14.208,0,28.401,14.176,56.767,28.376,14.215,42.601,99.449,42.563,42.545,70.957,28.401,28.391,0,28.39,14.183,56.809,28.401,28.387,14.183,56.809,56.746,28.384,99.428,14.176,56.763,42.619,56.767,56.806,28.419,42.563,14.172,42.591,14.176,28.398,42.577,85.171,70.95,113.52,14.218,0,70.996,42.626,70.989,56.763,14.172,42.595,42.612,14.172,28.384,42.566,99.386,42.626,56.771,14.176,14.218,42.535,42.556,42.577,56.763,42.556,42.556,14.172,28.38,42.567,14.176,28.433,28.419,28.419,14.208,0,14.176,42.612,56.696,0,14.208,28.394,14.176,28.366,0,42.584,42.612,0,42.633,42.591,56.852,0,14.201,70.992,14.215,42.602,42.623
0,8,0.0212,0,12.425,12.432,0,37.27,0,0,0,12.41,12.407,37.273,37.248,37.239,37.255,0,12.407,24.863,12.432,12.425,24.82,12.407,24.857,12.407,0,12.41,12.432,12.41,24.848,37.273,24.817,24.857,62.109,12.41,12.41,24.848,12.425,12.41,12.432,12.41,12.425,0,12.41,24.835,0,24.848,0,24.863,12.425,49.693,0,12.407,12.425,0,12.41,12.425,12.425,0,0,37.279,0,0,0,12.425,0,0,0,37.242,12.41,0,0,12.425,0,24.842,0,0,24.82,12.41,12.425,12.41,0,12.432,0,12.41,0,0,12.438,24.848,12.432,0,0,0,12.438,24.814,12.438,24.838,49.652,24.845,0,0,0,0,12.41,0,24.842,0,12.416,12.425,0,0,0,0,0,12.432,12.438,24.854,12.41,12.438,37.258,12.41,0,0,12.41,0,12.432,0,0,0,12.41,12.407,12.425,12.425,12.432,12.425,37.267,37.245,0,24.842,12.432,24.826,0,12.432,12.416,24.832,37.273,12.432,12.416,0,24.857,0,12.425,12.41,0,12.425,12.425,0,12.425,24.857,0,0,12.425,12.438,24.82,0,12.425,12.41,0,0,12.41,12.41,24.842,24.836,0,0,0,12.41,12.416,12.432,0,24.817,12.432,24.836,12.41,0,24.826,12.425,24.842,0,12.407,12.425,0,0,0,12.41,24.857,12.416,0,12.438,0,0,12.425,0,12.432,12.432,12.432,124.22,86.923,12.438,37.227,37.23,136.52,99.357,149.02,136.62,86.898,86.919,62.09,24.863,62.102,86.954,99.376,37.246,86.985,149.01,49.643,111.75,86.913,111.77,124.18,49.64,149.04,111.83,86.975,136.6,86.901,49.714,74.519,136.6,49.699,74.525,111.79,136.64,86.944,74.531,124.2,86.975,86.888,37.23,136.62,99.388,86.994,49.683,37.246,99.379,124.29,37.289,49.68,62.069,62.087,49.655,99.376,37.246,49.655,49.677,74.506,37.273,49.652,111.77,74.556,74.5,12.41,37.273,24.851,62.078,24.836,24.848,37.279,49.662,24.832,37.246,49.692,74.488,99.351,37.27,24.848,24.848,37.258,74.547,49.665,37.258,86.948,37.242,99.36,12.416,111.73,86.882,62.041,37.242,37.255,37.227,99.348,37.233,62.137,0,86.935,24.854,12.438,49.702,99.364,37.279,12.416,24.876,74.537,49.658,24.838,0,24.869,24.869,49.699,12.438,24.832,24.842,37.261,24.863,24.826,0,24.863,12.438,62.084,24.814,37.261,62.102,24.869,24.838,74.531,86.981,37.279,74.55,111.81,37.245,62.093,49.668,99.382,74.546,12.407,74.487,99.379,74.531,37.227,37.261,24.823,24.851,49.671,49.662,86.938,49.686,124.2,49.705,86.966,74.488,86.885,62.118,86.953,24.823,62.112,111.81,12.41,62.056,49.677,62.075,49.64,37.23,24.842,136.54,37.227,37.246,37.23,37.227,74.485,111.75,124.17,62.075,37.246,74.51,62.103,49.652,49.662,37.246,24.82,62.065,74.494,24.814,37.314,12.432,62.103,12.425,12.416,49.683,12.407,24.835,24.814
0,8,0.0106,12.404,0,0,24.808,49.653,37.236,0,0,0,12.404,12.404,24.808,24.839,0,37.273,49.699,24.826,0,12.435,37.239,12.404,24.817,12.438,12.413,37.288,12.407,12.438,12.416,24.851,37.248,12.438,0,12.416,0,0,0,0,0,49.689,24.851,0,24.875,12.413,12.435,0,24.817,0,24.826,12.416,0,49.634,0,12.413,12.404,12.416,0,0,12.438,12.404,0,12.435,12.413,0,24.826,0,12.413,12.404,12.438,24.839,0,12.438,24.826,24.851,12.413,0,12.404,0,12.435,0,12.413,24.839,0,0,24.848,12.413,24.842,37.23,0,12.416,12.407,49.68,12.416,12.413,62.069,49.65,24.82,0,12.435,37.221,12.413,24.811,0,0,0,37.254,12.435,0,12.407,12.404,0,0,24.817,24.842,0,12.404,24.842,0,0,12.416,24.811,0,0,0,24.829,12.438,0,24.811,0,24.808,12.404,12.435,12.413,0,12.438,0,0,12.413,24.842,12.416,24.872,0,12.438,12.435,0,24.823,12.438,0,0,49.659,12.416,0,0,0,12.438,12.438,12.404,12.416,0,12.413,0,0,12.404,12.435,24.842,24.842,0,12.404,12.407,24.848,12.407,12.413,0,0,12.413,0,0,24.817,12.413,0,12.413,0,24.817,0,0,0,0,0,24.839,0,0,0,12.404,24.826,12.413,0,0,24.82,12.404,24.842,12.404,49.646,37.221,12.404,37.224,149,86.882,62.084,62.078,74.441,99.305,99.333,99.357,124.09,148.96,124.15,149.05,149.04,173.85,62.059,74.451,86.906,86.901,186.2,149.01,49.674,99.314,74.506,124.21,49.705,173.82,74.482,111.77,111.77,49.646,99.41,74.507,86.932,124.1,149.03,74.469,124.24,136.64,161.35,124.12,99.345,111.69,24.851,74.565,86.916,49.646,111.74,99.296,161.38,124.22,24.845,49.711,86.901,49.625,37.264,99.277,37.242,37.276,49.686,74.51,49.634,49.699,74.481,37.252,49.689,86.938,37.233,37.212,49.628,62.087,24.826,74.59,74.518,37.255,12.416,49.698,12.407,37.246,49.637,49.633,12.404,74.469,136.58,86.879,62.075,49.64,86.917,99.339,124.24,86.904,37.227,49.615,74.482,62.032,49.674,12.416,49.64,24.839,86.858,12.407,62.072,49.625,86.883,62.084,86.938,24.82,24.814,37.215,99.354,24.814,62.087,99.29,99.243,49.659,99.305,74.503,74.463,49.631,37.215,49.649,49.655,49.717,74.488,86.873,74.534,74.442,99.296,99.311,12.404,37.286,24.851,24.839,62.1,37.252,62.078,37.264,37.212,24.848,12.438,24.848,37.279,37.307,49.65,24.848,62.078,0,0,37.289,12.416,37.255,12.435,49.674,24.833,24.817,12.404,49.659,24.817,49.668,24.839,37.279,74.528,37.23,37.286,12.416,62.065,49.64,12.407,74.491,24.82,74.479,86.938,12.407,49.668,49.628,62.124,37.242,62.099,62.028,49.658,37.242,62.105,74.5,74.485,37.255,37.212,24.82,12.416,0,62.028,49.656,74.469,74.497,12.404,24.851,86.9,62.096
0,8,0.0053,0,0,12.441,12.407,37.273,12.401,0,0,0,0,12.441,12.407,0,0,0,0,0,12.441,12.407,12.425,12.407,12.407,0,12.419,12.419,0,12.407,12.407,37.264,37.246,12.401,0,24.808,37.261,12.407,0,12.425,24.808,0,24.845,12.425,12.441,37.273,0,24.826,0,24.814,12.441,12.425,12.441,24.86,12.401,12.441,0,49.686,12.438,12.441,12.419,0,0,24.879,0,0,12.441,37.286,24.86,12.432,12.441,37.307,24.845,12.419,12.438,0,24.879,0,12.441,0,37.286,12.438,12.432,12.432,0,12.441,0,12.425,0,0,12.441,12.407,0,12.438,12.441,0,0,24.879,0,0,0,0,12.401,0,12.407,12.438,12.441,0,0,0,0,12.432,0,12.441,12.407,12.441,0,12.441,24.832,24.832,0,12.425,24.842,12.407,12.401,12.441,0,0,12.401,0,0,24.832,0,0,0,0,0,0,12.425,12.441,37.215,12.441,0,12.425,0,12.441,24.842,0,0,24.866,0,12.401,24.851,0,0,0,12.401,24.832,12.407,12.425,0,12.419,0,12.432,0,24.879,12.407,12.441,24.826,24.873,12.438,24.86,0,12.441,12.419,24.882,0,0,24.879,0,12.441,0,24.879,37.283,24.857,0,12.407,12.441,0,0,0,37.304,0,12.419,0,24.86,12.401,24.832,0,12.401,37.31,0,12.419,62.13,12.419,24.872,37.298,198.81,111.75,0,62.155,24.882,74.614,62.155,74.596,37.292,37.255,49.742,74.614,74.587,62.124,99.444,49.717,37.239,62.115,37.289,24.857,49.646,37.245,74.553,136.59,62.081,74.497,136.59,62.102,86.978,111.82,86.984,74.528,37.27,49.671,99.453,74.546,37.276,49.662,37.301,62.096,37.273,74.531,49.711,111.69,99.373,124.24,37.304,49.64,99.447,74.547,99.469,49.696,86.91,37.245,49.696,62.146,74.578,87.021,62.124,24.842,37.301,99.419,62.174,37.304,24.826,111.84,24.851,49.705,24.872,86.935,74.543,24.839,86.879,99.394,62.149,49.742,87.027,62.115,62.183,24.863,62.109,62.103,62.192,37.286,49.742,62.115,37.298,74.584,62.167,74.466,62.152,24.851,49.708,37.255,37.323,0,24.869,62.143,62.17,12.432,49.745,37.295,74.587,62.136,37.264,0,62.134,74.562,24.872,37.323,62.161,49.754,49.739,74.547,24.873,12.441,62.205,24.873,74.54,62.041,49.717,49.68,49.686,37.255,86.997,49.73,24.866,24.851,37.246,62.155,37.27,74.583,37.292,24.832,49.646,62.05,37.215,86.941,87,37.304,37.227,49.705,12.419,62.124,12.441,24.879,37.292,12.438,49.742,37.286,24.879,86.938,86.957,37.243,24.863,62.065,62.121,12.425,49.708,37.27,37.304,37.298,24.82,49.671,99.354,37.301,49.671,24.86,37.264,12.441,24.814,49.726,49.646,49.702,37.289,74.525,111.84,49.724,87.052,37.313,12.407,12.441,74.571,62.105,86.938,37.31,99.413,62.149,37.249,37.32,24.82,37.221,49.705,37.261,37.267,49.659
0,8,0.00267,0,12.422,12.422,0,24.848,0,0,0,0,0,0,0,0,12.407,0,0,24.882,12.432,0,12.432,12.441,0,37.261,12.432,0,12.416,37.258,12.432,12.416,12.441,37.279,24.848,12.432,12.432,24.854,24.829,0,0,12.432,0,12.441,12.422,0,24.838,12.416,0,0,12.441,0,12.432,12.416,0,12.416,0,12.432,12.441,0,0,0,0,0,0,24.823,0,0,24.848,0,12.416,0,0,12.416,24.814,0,12.407,12.41,24.817,12.441,12.407,12.422,0,0,12.407,12.41,12.407,0,12.41,12.422,12.422,49.689,0,0,12.41,0,0,0,24.833,12.432,0,0,12.41,12.41,24.823,12.41,12.407,0,12.41,24.845,12.422,0,24.832,0,12.41,37.258,24.863,0,12.41,24.829,0,0,0,0,0,24.845,0,12.438,0,24.869,12.422,12.407,24.832,24.869,0,0,0,0,12.422,0,12.432,0,12.438,0,12.438,0,12.407,0,0,0,0,0,12.416,12.407,12.422,0,12.438,12.441,0,0,0,0,12.407,0,0,12.441,0,24.882,0,0,49.683,0,12.422,0,24.839,12.422,0,0,0,0,12.407,0,24.833,24.854,0,12.441,12.438,12.438,0,24.838,0,0,12.416,0,0,0,0,12.432,24.86,12.416,12.407,24.854,0,0,74.491,0,24.845,173.92,86.941,62.124,12.432,0,24.833,24.845,12.422,62.161,49.686,37.239,37.295,62.143,49.68,99.444,87,24.845,111.82,74.58,49.723,99.394,49.717,37.261,136.67,124.25,49.671,62.152,49.671,24.857,12.407,12.432,0,12.432,86.935,62.137,37.246,124.23,62.146,24.882,62.106,86.953,12.416,24.863,0,24.879,62.192,62.109,49.68,62.112,49.634,86.981,12.432,124.24,62.115,24.848,37.283,74.522,24.833,49.656,86.938,99.37,74.537,62.164,74.534,136.61,37.255,74.51,37.261,49.686,62.103,62.112,87.006,74.503,86.932,49.705,49.69,74.55,74.528,49.655,12.407,99.373,24.838,49.631,124.22,62.1,49.702,74.578,49.674,24.833,74.507,37.292,24.851,62.069,37.249,74.55,86.997,74.5,111.84,62.093,99.391,49.646,62.105,49.687,86.99,111.88,62.106,49.677,136.71,99.407,87.031,111.83,124.32,49.711,49.73,37.267,24.854,99.413,37.261,74.525,49.686,24.876,136.65,124.29,49.702,37.252,99.394,49.674,86.993,37.236,0,49.726,12.422,86.944,37.261,49.723,24.838,0,49.72,37.27,37.298,99.388,49.717,37.252,86.987,49.723,62.134,111.78,49.717,111.82,37.267,49.708,62.094,62.094,49.662,49.677,12.422,62.124,37.304,49.683,12.438,37.261,49.708,74.581,62.14,37.261,86.95,62.127,24.839,49.686,86.969,87.018,0,124.29,74.553,74.531,49.711,24.817,37.31,37.295,49.717,24.854,24.839,49.708,49.748,37.276,37.276,37.276,37.298,37.267,62.127,86.954,86.978,12.422,24.869,49.665,86.987
0,8,0.001336,12.432,12.419,37.261,12.428,12.404,37.215,0,0,0,12.404,12.428,0,0,12.419,0,0,24.835,0,24.842,0,12.407,0,0,12.404,0,12.404,0,0,0,37.242,0,0,0,0,12.404,0,12.419,12.407,0,12.419,12.404,0,12.428,12.432,12.419,12.41,0,12.41,24.829,24.835,12.41,24.814,24.835,12.428,0,12.432,0,0,24.842,24.835,12.432,12.432,24.863,12.404,0,0,0,0,0,0,12.404,0,0,0,12.432,0,24.835,0,0,12.428,0,12.432,0,0,0,0,12.404,0,12.432,12.404,0,0,0,0,0,0,0,0,24.814,0,12.432,0,0,12.432,24.863,0,0,0,0,37.245,12.404,0,12.432,0,12.432,0,12.432,0,0,0,0,0,0,0,0,12.428,12.432,0,12.404,0,0,0,0,0,0,0,0,0,12.428,12.432,24.848,12.428,0,0,24.848,0,0,24.832,12.428,0,12.432,0,24.832,0,12.428,12.432,0,12.419,12.432,37.283,24.839,24.851,0,0,24.851,0,12.428,12.41,12.432,12.404,0,0,12.41,24.835,12.41,0,0,12.432,0,12.432,0,0,0,0,0,12.432,0,12.432,0,0,12.404,0,12.41,12.404,0,0,12.432,12.404,12.404,24.814,74.512,62.077,24.832,74.469,211.11,161.34,49.662,62.078,74.457,49.695,99.292,49.661,24.838,74.515,62.118,86.929,149,86.91,74.494,49.695,74.521,49.64,99.311,86.888,62.019,37.264,74.469,74.448,0,86.864,86.898,49.646,86.941,99.36,111.74,74.512,99.394,49.674,62.099,49.665,124.15,86.944,62.078,49.698,24.835,49.637,74.537,37.23,124.14,37.224,12.41,62.096,62.099,111.75,49.668,86.895,49.649,12.432,74.488,74.525,149.04,111.79,49.68,37.291,37.295,74.485,74.5,86.92,49.643,37.245,49.723,37.255,37.267,49.723,37.258,37.267,49.677,86.916,136.61,24.863,49.689,12.41,24.863,49.714,37.283,74.525,74.484,37.282,24.823,86.87,37.267,37.267,62.075,62.074,37.242,49.699,74.472,49.705,62.071,37.264,37.245,62.13,37.242,111.75,86.956,49.658,37.218,74.54,74.491,86.923,74.485,62.081,74.429,24.832,12.432,49.695,62.099,86.984,74.491,49.668,62.099,111.79,62.133,62.155,24.842,24.835,49.671,37.267,37.264,49.689,37.295,49.646,49.726,62.118,49.695,37.27,37.245,24.835,62.136,24.857,99.381,62.096,62.115,99.348,24.839,49.68,49.659,37.282,49.689,24.835,99.351,37.239,49.726,49.686,37.282,62.102,49.689,74.54,74.509,99.363,74.482,74.472,24.823,49.674,49.671,49.702,49.702,37.224,49.686,49.646,86.944,37.224,62.108,62.059,49.686,62.087,62.102,74.454,111.75,37.27,37.27,86.969,49.652,12.432,37.261,86.916,24.842,24.835,74.472,62.13,37.239,86.941,62.09,24.808,86.883,37.212,136.55,99.329,86.926,136.57
0,16,0.0424,0,24.82,0,12.419,24.854,49.603,0,0,0,0,0,0,12.401,0,24.82,12.401,0,0,12.419,0,0,24.801,0,0,24.82,0,0,12.401,12.435,12.419,12.401,0,12.419,12.401,24.854,24.854,24.851,12.419,12.435,0,0,37.261,49.637,0,37.227,49.655,24.836,12.41,12.407,24.836,24.845,0,24.801,0,12.419,24.817,12.41,12.435,24.808,12.419,0,12.419,24.801,12.407,12.416,12.419,12.407,24.817,0,12.401,0,24.82,0,24.82,0,0,12.401,0,12.41,0,0,12.41,24.808,24.801,24.829,0,0,12.401,0,0,24.811,12.401,0,12.407,0,0,12.401,0,0,12.416,0,12.435,24.851,12.401,12.435,0,37.236,12.401,37.255,37.239,24.82,24.854,0,0,37.236,24.836,0,0,37.255,12.419,0,0,12.416,0,12.416,12.401,12.401,0,12.401,0,24.808,12.419,0,24.836,12.407,0,12.435,24.808,0,12.416,0,12.407,0,0,24.835,12.416,12.419,12.401,0,0,0,24.854,0,12.419,12.416,12.401,12.401,12.416,0,0,37.209,12.435,0,0,12.401,0,0,24.82,0,0,0,0,0,37.242,0,0,12.419,12.401,12.401,0,12.419,0,24.808,12.419,0,0,12.407,0,12.419,12.401,0,0,12.435,0,0,0,12.401,0,0,0,24.854,12.419,12.419,24.823,86.907,99.292,12.401,24.808,24.811,12.419,12.435,12.419,0,37.227,49.621,0,49.621,62.056,24.801,37.221,0,37.202,49.64,24.835,49.621,37.236,37.211,37.255,24.838,49.674,37.289,62.102,24.839,62.065,0,74.503,37.233,37.236,99.234,86.913,86.938,24.801,24.836,62.121,74.466,37.252,49.631,86.882,12.41,74.478,74.451,86.882,86.851,86.926,74.491,86.83,99.348,49.64,49.643,62.133,86.907,86.96,62.081,74.469,111.76,49.662,86.886,37.249,49.668,99.29,99.268,62.035,37.243,12.401,24.82,24.829,49.637,49.658,86.895,37.248,49.646,0,49.689,49.603,62.026,49.637,37.239,12.419,12.419,62.087,0,24.838,49.634,0,12.419,62.084,74.46,62.059,62.022,12.419,86.944,74.466,74.448,74.454,74.485,86.876,74.494,49.618,74.503,74.528,86.867,62.059,37.264,49.668,49.655,49.687,37.267,49.684,62.075,86.892,62.075,62.087,62.081,62.103,37.252,37.276,37.243,74.472,49.662,37.252,37.221,49.671,37.248,37.255,62.031,62.063,24.829,49.692,12.407,62.075,99.317,86.879,49.677,62.059,24.836,37.211,12.419,37.236,37.233,86.888,12.401,62.05,12.419,12.419,49.674,37.255,62.072,49.64,37.218,49.668,49.68,12.407,49.655,24.833,24.801,24.829,12.407,37.221,24.82,12.416,24.836,24.82,24.838,37.239,37.218,74.516,37.233,24.842,0,74.454,37.23,24.808,49.665,24.829,86.848,0,12.435,12.435,37.27,24.851,24.838,49.64,24.817,62.106,74.506,37.209,74.534,37.264,0,74.525
0,16,0.0212,0,24.832,0,0,37.255,37.242,0,0,0,12.41,24.839,24.845,12.407,12.416,12.416,12.416,24.845,0,12.416,0,37.233,24.832,24.835,12.416,0,24.835,24.826,24.826,12.419,12.416,12.416,24.826,37.267,12.41,24.835,12.41,24.826,12.41,24.829,0,0,37.236,0,0,12.416,0,0,0,37.261,24.845,12.429,12.407,0,24.835,12.407,24.857,37.267,0,0,0,12.419,24.817,12.407,0,12.419,12.41,0,0,0,0,0,24.832,12.416,24.823,12.416,12.416,24.832,12.407,12.416,0,0,0,12.41,0,12.429,0,12.41,12.416,12.419,0,0,24.845,12.416,12.41,12.416,0,12.429,24.826,0,0,0,12.416,0,0,0,0,0,0,12.416,24.826,0,37.255,12.419,0,0,0,24.823,0,0,12.41,0,0,49.652,12.419,37.249,12.41,24.845,37.233,37.23,0,0,12.429,24.845,24.835,24.832,0,0,37.242,0,24.836,12.429,12.41,0,24.839,37.273,12.429,24.835,12.429,12.41,12.416,12.41,0,0,0,0,12.41,0,0,0,0,12.416,0,0,0,12.41,24.836,12.429,12.416,49.665,0,0,0,0,0,12.416,37.239,12.41,0,24.832,0,0,12.429,0,0,0,12.416,0,12.416,0,12.41,12.416,0,0,24.823,0,24.835,12.416,12.416,24.82,0,12.416,24.845,24.832,74.522,99.329,111.72,24.829,74.476,198.62,149,124.17,111.71,111.71,99.302,124.15,74.5,62.093,86.907,74.503,49.668,111.74,37.251,24.823,86.894,136.57,124.16,99.354,136.58,148.98,124.16,124.16,111.72,99.326,86.91,99.32,74.522,49.658,74.503,161.44,74.475,74.469,74.494,62.069,86.916,111.76,37.255,62.072,37.249,24.823,37.245,62.069,99.335,62.103,37.252,37.242,12.416,86.91,49.668,62.059,24.823,24.848,62.075,99.329,124.15,49.658,37.252,86.904,62.087,86.913,37.258,62.072,86.904,24.826,74.491,62.09,24.845,24.835,37.249,74.497,12.407,24.845,37.236,49.634,24.823,99.326,49.674,99.32,0,49.652,0,24.823,37.233,37.261,49.655,99.323,37.249,0,24.814,24.838,99.311,62.112,74.5,62.087,74.482,37.239,37.249,24.826,49.659,62.065,49.652,111.73,62.065,74.473,62.075,62.065,24.826,62.059,74.506,49.662,24.829,37.242,37.243,49.646,49.646,86.895,49.665,74.491,12.416,86.919,74.466,74.503,62.059,49.652,86.932,86.932,49.659,86.913,86.895,49.662,86.894,86.923,62.105,86.969,99.338,62.105,62.099,74.503,99.304,24.832,12.416,12.429,37.261,86.91,62.093,86.901,62.062,37.249,24.823,24.826,37.239,24.845,62.081,37.242,74.512,12.407,49.662,12.416,62.069,37.236,124.17,62.078,49.649,62.084,86.929,49.674,49.665,49.659,86.904,49.659,99.326,62.075,24.832,111.73,37.233,37.236,49.652,37.261,24.848,62.069,37.255,37.249,74.518,12.41,24.857,111.73,62.078,74.519,86.919,74.485,62.084
0,16,0.0106,0,0,12.404,24.817,24.869,0,0,0,0,0,0,12.419,37.295,0,24.875,49.723,12.438,24.863,24.851,49.732,24.857,12.435,12.419,62.136,24.869,62.093,49.732,12.404,24.863,24.863,24.842,12.438,37.236,37.243,24.872,12.429,12.435,24.854,0,0,12.435,0,12.438,0,37.279,0,12.429,24.835,12.432,12.438,0,0,24.835,0,0,0,0,37.252,12.432,12.435,0,24.848,0,12.416,0,12.432,0,0,24.872,12.404,12.404,0,0,0,0,0,0,12.438,12.419,0,0,12.432,12.413,0,12.419,12.416,0,12.435,12.419,37.27,12.435,0,0,24.866,12.404,12.419,0,12.435,0,12.419,24.863,12.429,0,12.404,37.286,12.429,0,0,0,24.848,12.429,12.413,24.848,0,12.429,12.404,12.435,12.413,0,0,0,24.845,0,12.416,0,24.857,0,12.438,0,12.404,0,12.438,0,12.432,0,12.404,0,0,0,12.413,12.432,0,0,12.438,12.435,12.416,0,0,0,12.416,0,12.435,0,12.416,12.438,12.413,0,12.435,37.282,0,24.857,0,12.438,12.432,0,12.432,0,0,24.851,12.432,0,24.86,0,37.292,0,0,24.829,12.435,12.419,24.848,0,24.866,24.832,0,12.416,0,0,37.285,0,12.438,0,12.438,12.419,24.839,12.416,12.419,24.817,12.432,0,12.413,0,37.258,49.646,24.823,173.89,111.78,49.616,24.832,24.838,49.708,74.531,12.438,12.419,86.969,74.559,186.47,173.96,124.24,74.543,99.397,86.99,136.73,99.45,136.7,86.966,62.069,62.118,173.94,136.64,149.07,161.46,99.366,161.56,149.07,149.06,124.22,99.394,173.9,149.1,111.77,99.403,186.38,86.895,86.987,86.962,74.546,24.839,99.376,111.83,111.79,62.133,136.68,111.81,99.419,62.081,86.947,74.568,99.41,62.056,124.28,86.96,49.699,99.351,62.106,37.236,74.525,49.702,24.851,62.087,37.252,62.075,124.23,87.003,62.102,62.118,24.839,49.686,49.702,49.742,86.972,62.096,49.689,37.267,62.096,37.264,0,49.699,62.084,12.416,37.23,24.863,86.947,49.689,62.124,24.857,86.99,86.923,74.516,24.854,24.829,49.662,62.115,12.413,37.261,24.817,37.27,12.435,49.735,74.58,37.285,24.851,24.842,74.571,74.54,24.817,49.686,74.534,124.26,24.866,86.935,37.292,37.282,49.739,12.416,86.91,37.261,37.246,62.084,62.136,49.714,37.246,37.276,37.264,12.435,24.866,74.497,49.693,49.717,37.264,37.239,62.09,37.304,12.438,24.857,49.671,24.842,74.586,37.279,24.832,12.438,37.292,12.413,49.729,0,24.842,24.872,49.705,24.832,24.848,12.419,37.249,74.589,111.81,49.735,136.65,37.289,149.09,37.252,111.79,111.86,37.255,74.559,74.555,86.987,49.692,62.099,24.857,37.267,62.139,62.121,62.09,74.522,37.304,12.432,86.972,49.677,62.118,74.568,86.972,37.264,49.739,49.692,62.118,24.826,99.391,99.4,37.243,124.23,124.23,62.103
0,16,0.0053,12.425,0,12.425,12.425,0,12.422,0,0,0,0,0,12.425,24.854,0,0,0,0,0,12.425,0,12.428,0,0,0,37.236,12.404,37.258,0,24.857,12.404,0,12.428,37.248,12.404,12.404,12.404,12.404,37.252,12.41,24.838,0,0,12.41,12.404,24.835,0,24.829,12.41,24.848,0,24.845,24.845,24.826,12.404,12.425,24.838,24.857,12.428,12.41,0,12.404,0,62.075,0,24.838,12.404,0,12.404,12.428,12.41,12.404,12.425,0,12.428,0,12.425,0,0,12.428,12.425,0,24.82,12.41,0,0,12.41,0,0,0,0,0,0,0,12.428,0,0,0,0,12.404,12.41,0,0,0,12.422,0,24.832,0,12.401,12.422,12.401,12.404,37.206,0,12.422,12.401,12.428,0,24.826,24.832,0,24.845,12.422,0,12.401,12.425,0,0,0,0,24.805,0,12.401,0,0,12.425,12.428,12.401,0,0,12.401,0,0,12.41,24.826,12.425,0,0,0,24.854,12.428,37.239,0,0,12.428,12.428,12.425,0,0,0,12.41,12.401,12.428,12.428,0,24.838,24.838,0,0,12.428,12.404,12.428,12.428,0,12.401,0,12.425,12.428,12.404,0,0,12.41,12.428,0,0,0,12.428,12.404,0,12.428,0,24.832,12.428,0,0,0,12.41,24.826,24.829,24.829,0,62.09,24.829,0,49.671,136.63,161.39,37.276,74.518,49.658,37.252,74.509,86.972,86.956,62.124,49.655,49.702,37.285,62.109,24.851,37.211,12.428,49.705,24.854,99.304,74.466,74.463,62.093,62.099,24.857,12.428,49.677,49.705,86.928,86.941,62.05,49.686,37.23,37.218,111.72,49.64,49.668,74.463,86.938,37.261,49.689,37.242,24.851,37.242,99.259,99.375,99.293,86.892,173.82,149.01,99.342,49.692,49.686,49.628,74.454,24.829,0,37.206,74.472,24.832,37.282,99.375,62.087,74.438,49.659,62.069,124.13,49.643,37.208,24.811,0,24.857,24.838,74.503,24.814,62.068,74.478,49.618,24.82,74.466,99.363,24.838,49.649,24.802,24.826,24.829,49.658,37.236,24.832,24.857,49.686,24.851,12.428,37.227,37.255,49.662,62.133,49.659,49.646,62.068,49.655,49.637,62.05,62.081,49.708,24.823,24.829,37.236,74.488,12.404,24.851,49.631,37.255,37.233,74.475,62.099,12.401,62.099,12.428,49.686,12.422,24.826,74.494,37.236,24.826,37.276,74.525,62.041,37.261,49.68,74.448,62.102,74.491,49.646,49.662,37.282,12.404,12.428,24.808,49.665,37.264,24.857,24.857,74.497,0,62.035,37.282,12.422,62.115,62.081,62.109,49.683,12.425,37.279,74.562,62.059,37.255,12.404,24.829,86.959,24.851,49.68,62.078,86.892,62.112,62.056,24.808,37.264,49.683,49.64,62.053,49.689,62.087,37.267,74.503,62.069,49.637,74.463,49.683,37.233,49.689,49.692,12.428,24.826,24.838,49.652,37.255,24.857,24.851,49.655,49.665,86.842,86.873,86.889,74.488,111.72
0,16,0.00267,12.404,12.416,0,0,24.835,12.404,0,0,0,0,0,0,0,12.413,0,0,12.413,37.267,0,12.432,0,0,0,12.432,12.398,0,0,0,49.655,12.413,0,0,0,0,12.435,12.398,0,0,0,0,12.416,0,12.398,24.802,0,0,0,0,0,24.823,12.416,37.248,12.419,12.416,0,12.398,12.419,0,0,0,0,24.829,0,12.398,12.416,0,0,0,0,24.829,12.435,24.82,0,0,0,37.221,0,0,24.817,12.419,0,0,24.82,12.416,0,12.404,12.416,0,0,12.413,12.416,0,0,12.404,0,12.416,24.839,0,12.404,0,12.416,0,0,0,12.404,24.829,12.435,0,0,12.416,12.398,12.435,12.435,12.413,12.435,24.839,12.398,0,12.413,12.398,0,0,0,0,0,0,0,24.829,0,0,12.413,12.398,12.432,12.435,12.413,0,0,12.432,24.811,0,0,12.416,12.432,24.832,0,0,12.435,12.435,37.264,0,12.413,0,0,12.432,0,0,12.435,12.398,0,0,0,0,0,12.398,0,0,24.826,24.829,0,0,12.404,0,12.404,24.851,12.416,0,24.82,0,12.435,12.435,24.808,0,0,24.82,0,0,12.435,0,0,12.416,12.416,12.432,0,24.851,0,12.432,0,0,24.82,0,0,24.836,12.413,62.069,99.348,124.12,12.416,24.832,62.093,24.851,12.435,24.829,24.811,62.041,86.907,86.919,37.242,37.218,49.68,74.516,37.212,24.832,111.72,49.705,62.078,49.662,49.677,49.643,136.57,86.904,62.074,99.335,24.826,62.072,24.851,86.861,74.426,49.655,49.662,37.258,99.308,62.1,74.485,49.714,62.056,37.264,74.473,86.913,124.16,62.05,62.09,37.255,62.053,111.74,124.18,136.55,62.084,0,62.097,74.512,62.084,49.662,74.519,49.64,12.416,24.832,99.333,74.5,24.835,37.252,49.649,62.084,74.485,49.665,49.665,24.823,74.51,99.293,49.646,62.087,99.311,86.981,49.643,49.699,111.69,62.081,74.476,74.528,24.839,49.64,49.64,86.944,24.835,12.419,12.419,12.416,37.252,62.084,86.911,24.833,37.239,62.059,24.82,49.674,86.984,49.68,12.416,49.68,37.267,62.103,37.249,49.702,62.041,74.507,12.398,74.528,62.072,62.103,12.404,62.081,37.27,49.671,99.336,74.5,62.081,37.245,62.109,49.699,136.51,62.093,49.73,62.078,74.519,49.662,49.696,111.73,74.51,49.649,12.413,49.64,86.895,49.683,37.246,37.246,111.75,24.829,49.696,62.087,37.249,12.432,37.233,49.655,74.513,74.547,37.283,12.419,12.435,62.072,62.106,49.705,49.683,12.398,12.413,62.087,12.404,62.056,62.1,74.482,62.096,24.829,12.435,62.072,37.267,12.404,74.482,74.506,62.057,37.236,62.035,62.069,74.565,24.832,24.854,49.64,111.73,37.233,49.702,62.093,37.27,86.913,24.854,62.099,86.864,62.056,62.099,24.836,74.476,86.972,24.823,49.689
0,16,0.001336,24.814,12.432,12.432,12.438,62.081,0,0,12.413,0,0,0,0,0,12.422,0,0,0,0,12.401,0,12.438,0,0,0,0,0,0,0,0,0,0,0,12.438,0,12.422,0,0,12.419,0,24.829,12.422,12.407,0,12.422,37.286,24.854,0,37.28,24.848,37.24,12.416,12.401,0,12.422,0,0,0,0,0,0,0,0,0,0,0,0,12.413,12.416,12.432,0,0,12.413,12.422,12.413,0,24.835,0,0,12.401,12.401,0,0,0,0,0,0,0,0,24.839,0,12.413,0,12.401,12.401,24.832,49.653,0,0,12.416,37.215,0,0,49.662,0,24.826,12.401,0,12.419,12.407,12.416,0,12.416,12.413,0,0,0,0,24.808,12.416,0,0,0,0,0,37.221,0,0,12.422,0,0,0,12.432,12.432,0,12.432,12.432,0,0,12.432,0,0,24.863,12.438,12.432,12.438,12.416,12.438,12.438,24.86,0,0,24.876,24.801,0,12.407,0,12.407,12.401,0,12.432,0,24.839,12.407,24.82,12.438,12.422,0,12.407,24.86,0,0,12.422,12.422,0,12.407,24.814,12.407,12.432,0,0,0,0,12.407,0,12.432,0,12.407,0,0,0,12.416,0,0,37.261,0,0,0,0,24.842,0,74.559,49.677,12.401,24.826,173.89,111.72,124.19,74.55,124.17,136.59,24.801,86.941,49.653,62.059,99.333,111.75,24.845,136.66,111.76,24.817,62.103,124.16,49.662,24.823,74.51,12.422,24.851,99.336,62.096,24.845,86.901,49.631,12.401,62.093,62.069,37.246,62.103,37.267,12.407,74.485,49.668,149.02,136.61,74.531,99.336,111.8,173.91,149,111.78,74.485,49.714,62.091,12.419,74.476,74.479,37.233,37.233,49.628,24.82,37.276,37.221,62.047,49.674,24.854,86.901,74.51,99.367,62.099,49.668,62.056,49.699,86.87,86.895,62.103,74.507,12.419,62.078,74.482,86.947,74.5,86.898,49.637,99.333,99.339,74.491,37.255,37.23,62.106,37.249,136.55,86.938,124.16,62.063,49.649,62.078,86.882,111.72,74.457,49.643,62.081,37.258,86.969,136.57,136.64,49.64,37.258,37.233,24.814,62.109,62.106,62.081,37.27,0,62.047,62.106,62.047,49.674,37.286,62.094,37.224,86.929,111.72,12.401,12.419,24.829,74.513,49.621,74.544,74.506,49.659,62.066,24.826,74.519,149.02,49.711,37.277,49.68,74.51,49.671,37.221,24.851,37.27,37.258,37.27,24.863,74.522,86.951,62.134,49.674,62.121,62.121,37.227,111.7,49.64,111.78,86.91,37.252,99.32,49.668,24.823,62.078,99.302,37.277,74.472,124.17,74.528,74.525,74.509,49.69,111.77,37.252,62.106,12.401,111.74,62.106,49.637,86.957,62.106,12.422,12.413,49.659,74.51,86.951,136.61,24.839,49.686,24.854,99.361,99.29,62.05,111.71,49.665,49.659,49.714,86.867,99.342,148.99,49.668,37.252,74.485
