"","name","Amp","Q","X_peak","Y_peak","X_sig","Y_sig","method","amplitude","orientation","rss","rmse","deviance","AIC","R2","R2_adj"
"1","CALSTC01-LM-01-2918-cell1",1,-1,-9.19590240417023,5.72432675423363,7.33775507920948,8.7995038381843,"elliptical_log","constrained","constrained",0.771737419506511,0.146414311260367,0.771737419506511,-26.1711004052393,0.565950732095983,0.553184577157629
"2","CALSTC01-LM-01-2964-cell1",1,-1,-7.54964113690942,8.5590162630699,6.32144824354132,12.0620915375671,"elliptical_log","constrained","constrained",0.370153616354133,0.101400418631907,0.370153616354133,-52.6212458798562,0.733626506797635,0.725791992291683
"3","CALSTC01-LM-01-2964-cell2",1,-1,-4.37467524928159,2.33386027231797,2.13610218261725,2.78445764493856,"elliptical_log","constrained","constrained",1.59163879012079,0.210266946081561,1.59163879012079,-0.111597235848537,0.740412142884111,0.732777205910114
"4","CALSTC01-LM-03-3009-cell1",1,-1,-3.20599341061038,38.0907306001882,3.17058216644833,37.5889153548703,"elliptical_log","constrained","constrained",2.28722712444936,0.252059688943432,2.28722712444936,12.9411405692909,0.106598340638389,0.0803218212454007
"5","CALSTC01-LM-03-3009-cell2",1,-1,-2.88152065951205,2.39158688166622,2.46175464208019,1.61968373861492,"elliptical_log","constrained","constrained",0.521269345030211,0.120331641842937,0.521269345030211,-40.2966895701234,0.790018368517195,0.783842438179465
"6","CALSTC01-LM-05-3226-cell1",1,-1,-3.57841545518601,2.3446529198625,1.53253436284508,1.52300664064329,"elliptical_log","constrained","constrained",1.18207767454911,0.181205659292687,1.18207767454911,-10.8212566656827,0.699957484109233,0.691132704230093
"7","CALSTC01-LM-06-3176-cell2",1,-1,-5.83270540939966,1.78411728261625,2.66613097559279,6.14375777395644,"elliptical_log","constrained","constrained",3.81312570716101,0.32545377326473,3.81312570716101,31.3410655479395,0.500968615093894,0.486291221420186
"8","CALSTC04-LM-01-3040-cell2",1,-1,-7.53250610626398,1.84445471895841,3.49616426062666,7.54139076786532,"elliptical_log","constrained","constrained",1.98556584742206,0.217429016737815,1.98556584742206,1.0166780992869,0.532710078665003,0.521027830631628
"9","CALSTC04-LM-01-3289-cell1",1,-1,-6.38211318820055,10.3902750404539,3.94239161362312,14.7358835706414,"elliptical_log","constrained","constrained",0.679958607408749,0.168319959131504,0.679958607408749,-7.42160283346519,0.51564167685727,0.493625389441692
"10","CALSTC04-LM-01-3289-cell2",1,-1,-6.0829348397061,10.5129784976763,5.69994806489504,13.777788131002,"elliptical_log","constrained","constrained",0.993215958200271,0.153779059058015,0.993215958200271,-28.0771878154739,0.601391901611106,0.591426699151384
"11","CALSTC04-LM-01-3523-cell1",1,-1,-4.1444178235362,8.5014318153953,3.60935216120041,10.7716681372862,"elliptical_log","constrained","constrained",0.565539482130014,0.116039759414609,0.565539482130014,-51.7302442251716,0.776650251059942,0.77106650733644
"12","CALSTC04-LM-01-3523-cell2",1,-1,-7.8945738228445,17.8137718616175,7.93489290579526,25.7570809157969,"elliptical_log","constrained","constrained",0.922576790776708,0.148209696262128,0.922576790776708,-31.1758430876043,0.489852002718485,0.477098302786448
"13","CALSTC05-LM-01-3865-cell1",NA,NA,NA,NA,NA,NA,NA,NA,NA,NA,NA,NA,NA,NA,NA
"14","CALSTC05-LM-03-3860-cell1",NA,NA,NA,NA,NA,NA,NA,NA,NA,NA,NA,NA,NA,NA,NA
"15","CALSTC05-LM-03-3860-cell2",NA,NA,NA,NA,NA,NA,NA,NA,NA,NA,NA,NA,NA,NA,NA
"16","CALSTC06-LM-02-3472-cell1",NA,NA,NA,NA,NA,NA,NA,NA,NA,NA,NA,NA,NA,NA,NA
"17","CALSTC07-LM-04-3755-cell1",1,-1,-4.06955660000023,2.81597093146718,2.77839064843977,2.92784008676815,"elliptical_log","constrained","constrained",1.03322370186028,0.192095930448852,1.03322370186028,-2.92602420326725,0.645216895900247,0.63157139189641
"18","CALSTC07-LM-04-3755-cell2",NA,NA,NA,NA,NA,NA,NA,NA,NA,NA,NA,NA,NA,NA,NA
"19","CALSTC07-LM-05-3547-cell1",1,-1,-2.86952290018291,2.42919788866007,2.55626512073363,3.17551723209273,"elliptical_log","constrained","constrained",1.21060494880482,0.169776109486864,1.21060494880482,-19.7642390995311,0.687924103233335,0.680122205814169
"20","CALSTC07-LM-05-3547-cell2",1,-1,-5.18516203187925,12.510732999273,8.35357216658144,16.1822280617854,"elliptical_log","constrained","constrained",1.01528742430795,0.155478326793705,1.01528742430795,-27.1540737179839,0.469468498609432,0.456205211074667
"21","CALSTC07-LM-05-3606-cell2",1,-1,-4.40311181511331,12.1109420220939,4.38494703639621,12.0756134266399,"elliptical_log","constrained","constrained",1.04357225650681,0.193055530178201,1.04357225650681,-2.64697711904434,0.380833514145753,0.357019418535974
"22","CALSTC07-LM-05-3606-cell3",1,-1,-42.4776176602569,9.19048221108249,52.7328573543578,20.5153434314582,"elliptical_log","constrained","constrained",2.66110008010804,0.251713181452339,2.66110008010804,13.3157760737911,0.0653555226649187,0.0419894107315418
"23","CALSTC07-LM-05-3657-cell1",1,-1,-12.9740444780259,3.00657240824982,12.7563028686792,3.99385162275835,"elliptical_log","constrained","constrained",1.15774793240873,0.219634917951807,1.15774793240873,5.35119799763888,0.392737675139946,0.365134842191761
"24","CALSTC07-LM-05-3657-cell2",1,-1,-3.65537764502237,2.19444011561392,4.93434035190456,1.47717027655769,"elliptical_log","constrained","constrained",3.68052217108166,0.296026147939416,3.68052217108166,26.9370075513704,0.214518270943357,0.194881227716941
"25","CALSTC07-LM-07-3501-cell1",1,-1,-5.43737855588389,2.96443346461581,1.0454267154652,5.23139644862397,"elliptical_log","constrained","constrained",1.04220773598394,0.228276995773111,1.04220773598394,7.66972158129833,0.642335991576607,0.622465768886419
"26","CALSTC07-LM-07-3588-cell1",1,-1,-7.34541981487575,2.48596868138069,5.58820567242537,2.1460240689594,"elliptical_log","constrained","constrained",1.81371213299142,0.207806694343762,1.81371213299142,-2.78550999403681,0.547294224136273,0.53597657973968
"27","CALSTC07-LM-09-3210-cell1",1,-1,-3.63545872021727,2.91467096198429,2.98778192317725,3.2596356053164,"elliptical_log","constrained","constrained",1.42141078441116,0.18396498013087,1.42141078441116,-13.0219918593022,0.758076489523151,0.75202840176123
"28","CALSTC08-LM-01-3183-cell1",1,-1,-17.8484195777412,21.9191883058353,15.2255936121198,45.626444669599,"elliptical_log","constrained","constrained",2.32809585673881,0.235437579268638,2.32809585673881,7.7008424143478,0.104982728037682,0.0826072962386244
"29","CALSTC08-LM-01-3183-cell2",1,-1,-10.8020097340886,9.57375747145137,8.96208678964956,12.7722938208985,"elliptical_log","constrained","constrained",1.99769766993041,0.218092251665295,1.99769766993041,1.27251762317212,0.290083206664777,0.272335286831397
"30","CALSTC08-LM-03-3070-cell1",NA,NA,NA,NA,NA,NA,NA,NA,NA,NA,NA,NA,NA,NA,NA
"31","CALSTC08-LM-03-3070-cell2",1,-1,-4.03459240116261,1.5277325336148,1.39030074415194,1.27065377961614,"elliptical_log","constrained","constrained",1.6889274489683,0.245598936201185,1.6889274489683,10.8334546672335,0.509723725945716,0.490866946174398
"32","CALSTC08-LM-03-3070-cell3",1,-1,-2.08102110988333,1.76406414084493,2.83567196024206,1.61527357963066,"elliptical_log","constrained","constrained",5.60671159835676,0.365367121255058,5.60671159835676,44.6152167737403,0.133864452971313,0.112211064295596
"33","CALSTC08-LM-03-3147-cell1",NA,NA,NA,NA,NA,NA,NA,NA,NA,NA,NA,NA,NA,NA,NA
"34","CALSTC08-LM-03-3147-cell2",1,-1,-4.00799246904299,1.22849998506569,0.973317846140028,1.5160680562327,"elliptical_log","constrained","constrained",0.47589296921817,0.106446160012398,0.47589296921817,-58.9789039726639,0.721587001353138,0.714626676386967
"35","CALSTC08-LM-03-3147-cell3",1,-1,-3.36224600948301,1.58040891150811,1.51711854085828,1.84057144410471,"elliptical_log","constrained","constrained",1.02596301203342,0.156293604356354,1.02596301203342,-26.7147559698488,0.615377804739671,0.605762249858163
"36","CALSTC08-LM-03-3203-cell1",1,-1,-3.4916831570666,1.47355289301147,1.2249157665786,2.28516125023277,"elliptical_log","constrained","constrained",1.07478758282755,0.159969311255356,1.07478758282755,-24.7621193019401,0.564803400550255,0.553923485564011
"37","CALSTC08-LM-03-3203-cell2",NA,NA,NA,NA,NA,NA,NA,NA,NA,NA,NA,NA,NA,NA,NA
"38","CALSTC08-LM-03-3575-cell1",1,-1,-5.42228720144408,12.5536085385927,4.91896717259914,17.1464856979596,"elliptical_log","constrained","constrained",0.996721729560861,0.154050218277837,0.996721729560861,-27.9292007198119,0.625701868138889,0.616344414842361
"39","CALSTC08-LM-03-3575-cell2",1,-1,-5.41426083272752,17.6776992249648,4.52492470382947,24.3525849752486,"elliptical_log","constrained","constrained",0.685230441960191,0.127730225564906,0.685230441960191,-43.6672907769706,0.666661905054245,0.658328452680602
"40","CALSTC08-LM-03-3622-cell1",1,-1,-3.9505381889472,13.388180494563,4.35693406401407,19.1318580553736,"elliptical_log","constrained","constrained",0.666822449610282,0.126002876914462,0.666822449610282,-44.8110085403039,0.594686042160035,0.584553193214036
"41","CALSTC08-LM-03-3681-cell1",1,-1,-3.7414716999278,12.637535817038,4.27619229084795,17.9777909383355,"elliptical_log","constrained","constrained",1.05538436851887,0.158518766240623,1.05538436851887,-25.5272758798385,0.519163511175776,0.50714259895517
"42","CALSTC08-LM-03-3681-cell2",1,-1,-4.88021936976342,11.9763644624723,4.87941152165659,17.8594080429528,"elliptical_log","constrained","constrained",0.770682060526688,0.135460595265498,0.770682060526688,-38.7314204383846,0.652442395648466,0.643753455539678
"43","CALSTC08-LM-03-3739-cell1",1,-1,-2.01574308771675,2.43751610503046,2.38804043586205,2.50586481178874,"elliptical_log","constrained","constrained",1.9769739710738,0.216958080824592,1.9769739710738,0.834542707001219,0.544329289625108,0.532937521865736
"44","CALSTC08-LM-04-3345-cell2",1,-1,-2.18169128246048,1.53468566947653,1.47302606613027,3.41877844667505,"elliptical_log","constrained","constrained",0.952000272827702,0.195141002644519,0.952000272827702,-0.754717901648677,0.539011384094694,0.518968400794464
"45","CALSTC08-LM-04-3411-cell1",1,-1,-3.248780521376,12.6677718071197,4.08433833515235,14.415499818724,"elliptical_log","constrained","constrained",0.739613137541288,0.132702059547416,0.739613137541288,-40.4596638755358,0.569517526538254,0.558755464701711
"46","CALSTC08-LM-04-3411-cell2",1,-1,-7.34453434050666,3.05319711500957,5.62752389329221,1.47909994555575,"elliptical_log","constrained","constrained",1.56287417197221,0.228245056315372,1.56287417197221,6.49618686308344,0.553469439326185,0.53752191930212
"47","CALSTC08-LM-04-3482-cell1",1,-1,-3.45347579044005,2.65409213146995,3.17410581297654,3.76877240742915,"elliptical_log","constrained","constrained",1.39031384383127,0.181941503147059,1.39031384383127,-13.9510478181162,0.687236059340533,0.679416960824046
"48","CALSTC08-LM-04-3482-cell2",1,-1,-2.95764594303864,2.51023926939933,3.08680995481144,2.0643733907341,"elliptical_log","constrained","constrained",1.64060499509866,0.216505030960923,1.64060499509866,2.21579273629193,0.570059917262049,0.557031429906353
"49","CALSTC08-LM-04-3551-cell1",1,-1,-1.88666351888561,1.15097777127308,1.76959578488112,1.7295549172119,"elliptical_log","constrained","constrained",1.60916256581866,0.195738076071708,1.60916256581866,-7.81130345348781,0.494015545857889,0.481365934504336
"50","CALSTC09-LM-02-2941-cell1",1,-1,-2.78257988532723,2.29134704189584,2.48111278196338,1.6615159301148,"elliptical_log","constrained","constrained",0.734708699086841,0.132261348337193,0.734708699086841,-40.7390969949474,0.725195738030252,0.718325631481009
"51","CALSTC09-LM-02-2941-cell2",0.913670355967694,-1,-2.47609562015442,2.47030981521137,1.53238713119585,1.74094496317801,"elliptical_log","constrained","constrained",0.651784791264965,0.180524900119757,0.651784791264965,-1.7179210686755,0.542484397201384,0.517066863712572
"52","CALSTC09-LM-02-3001-cell1",1,-1,-4.5662608297153,25.848474575476,5.75307882904759,25.7394718152204,"elliptical_log","constrained","constrained",1.74609793496683,0.203896445178314,1.74609793496683,-4.38117820930113,0.170714383829182,0.149982243424912
"53","CALSTC09-LM-02-3001-cell2",1,-1,-8.32398178983495,2.5284763904792,8.34291524187653,1.52400079563748,"elliptical_log","constrained","constrained",2.13568014978399,0.225498397723375,2.13568014978399,4.07768984683736,0.40357356243058,0.388662901491345
"54","CALSTC09-LM-03-3163-cell1",1,-1,-4.10842829280172,1.6801400259751,1.77872301111304,2.02866220914083,"elliptical_log","constrained","constrained",1.20109695000682,0.207114267116248,1.20109695000682,1.28941897332699,0.397966275470866,0.374811132219745
"55","CALSTC09-LM-03-3163-cell2",1,-1,-6.20297285071572,21.1992228274949,4.48531046677993,19.6576053977451,"elliptical_log","constrained","constrained",1.15727611667036,0.165994557904939,1.15727611667036,-21.6563862997344,0.357426270920395,0.341361927693405
"56","CALSTC09-LM-03-3220-cell1",1,-1,-3.81490066198945,1.91629064858734,1.0013365954889,2.54814995687948,"elliptical_log","constrained","constrained",1.17180307441693,0.167033150004432,1.17180307441693,-21.1324538032992,0.552311692609984,0.541119484925234
"57","CALSTC09-LM-03-3220-cell2",1,-1,-3.91802744860618,2.29944679350974,1.38187953283413,1.50076602671886,"elliptical_log","constrained","constrained",1.7254081067745,0.202684842549691,1.7254081067745,-4.88181572086174,0.3716736537221,0.355965495065153
"58","CALSTC09-LM-03-3285-cell1",1,-1,-2.44128861953343,-0.72011597758433,1.31505315402572,3.98293208899786,"elliptical_log","constrained","constrained",0.745654900528478,0.133242966447843,0.745654900528478,-40.1179673755245,0.768325937484437,0.762534085921548
"59","CALSTC09-LM-03-3285-cell2",1,-1,-2.4318144684025,1.11043714315093,1.37089430809678,4.95904739702622,"elliptical_log","constrained","constrained",3.62045980359786,0.293600790011177,3.62045980359786,26.2459563055752,0.255401624110824,0.236786664713594
"60","CALSTC09-LM-03-3530-cell1",NA,NA,NA,NA,NA,NA,NA,NA,NA,NA,NA,NA,NA,NA,NA
"61","CALSTC09-LM-03-3530-cell2",0.944396804271319,-1,-5.23128837896031,-28.1755463438946,4.07825221952989,51.263705530724,"elliptical_log","constrained","constrained",0.470272037808642,0.129597183309427,0.470272037808642,-24.9655989658656,0.727069280847059,0.716571945495023
"62","CALSTC09-LM-03-3530-cell3",1,-1,-3.94547075609634,24.0074549719131,2.67546800044068,31.5997358921947,"elliptical_log","constrained","constrained",1.49793138292238,0.18885188091921,1.49793138292238,-10.8197138920785,0.431945338195822,0.417743971650718
"63","CALSTC09-LM-03-3594-cell1",1,-1,-2.83341525300669,12.5364093712875,3.86376632946914,16.0866175085383,"elliptical_log","constrained","constrained",0.811368836306102,0.150126690600722,0.811368836306102,-24.3682786990626,0.522012986623307,0.507954545053405
"64","CALSTC09-LM-03-3668-cell1",1,-1,-3.89434733373803,9.09289734176544,3.61641090686471,12.4500979409636,"elliptical_log","constrained","constrained",0.989093178073923,0.16575527292383,0.989093178073923,-17.2379099388107,0.618500063057262,0.607279476676593
"65","CALSTC09-LM-03-3668-cell2",1,-1,-11.2074775578584,2.36003692178306,10.1645000912257,7.31396870518814,"elliptical_log","constrained","constrained",1.69152034819335,0.200684563443738,1.69152034819335,-5.71492214742299,0.449509638029901,0.435747378980648
"66","CALSTC09-LM-03-3731-cell1",1,-1,-5.46206530211476,12.2102824944864,5.51783215123022,13.8149251715142,"elliptical_log","constrained","constrained",0.867689800592012,0.143733367616836,0.867689800592012,-33.7519692116553,0.606384144379228,0.596543747988708
"67","CALSTC09-LM-03-3731-cell2",NA,NA,NA,NA,NA,NA,NA,NA,NA,NA,NA,NA,NA,NA,NA
"68","CALSTC09-LM-03-3800-cell2",1,-1,-4.15926241691515,-0.0104726129743024,3.19852447524938,6.85509091169492,"elliptical_log","constrained","constrained",1.89307635020713,0.212304607659615,1.89307635020713,-0.986752596919384,0.528810670017961,0.51703093676841
"69","CALSTC09-LM-03-3800-cell4",1,-1,-9.44745697312234,-1.8733731830055,6.64794896180691,8.48501305765321,"elliptical_log","constrained","constrained",0.9230175665954,0.148245096810862,0.9230175665954,-31.1557817077425,0.602584780533331,0.592649400046664
"70","CALSTC09-LM-04-3463-cell1",1,-1,-29.9183894368288,7.39030749706174,30.3903173422721,11.9581909356236,"elliptical_log","constrained","constrained",0.88354732895273,0.145040825857898,0.88354732895273,-32.9913247690745,0.327626894335522,0.31081756669391
"71","CALSTC09-LM-04-3595-cell1",NA,NA,NA,NA,NA,NA,NA,NA,NA,NA,NA,NA,NA,NA,NA
"72","CALSTC09-LM-04-3595-cell4",1,-1,5.65971157846982,20.1986325264828,70.643087027692,19.1070296750543,"elliptical_log","constrained","constrained",2.58516575207881,0.248095879703162,2.58516575207881,12.0998771398166,0.153127749562186,0.13195594330124
"73","STC01-LM-01-5466-cell1",1,-1,-2.20001841861276,1.71888142405493,2.28812443799888,2.77481666756961,"elliptical_log","constrained","constrained",0.649215242330683,0.134289823633095,0.649215242330683,-32.3947821330004,0.802456271248702,0.796646161579546
"74","STC01-LM-01-5466-cell2",1,-1,-2.14144012963035,2.04946092283069,2.20827125729511,1.98078202377789,"elliptical_log","constrained","constrained",0.643927409668088,0.133741812799065,0.643927409668088,-32.6892013706378,0.754648583442249,0.747432365308198
"75","STC01-LM-01-5531-cell1",1,-1,-2.63299527768517,1.79499811540829,2.85914764455849,2.70689312343312,"elliptical_log","constrained","constrained",0.362671506573098,0.100370356758952,0.362671506573098,-53.3563880134378,0.891540798803474,0.888350822297694
"76","STC01-LM-02-5254-cell1",1,-1,-2.41489743712668,1.36216529686047,2.08800850721074,3.05662953611611,"elliptical_log","constrained","constrained",0.358701338027701,0.0998194673213849,0.358701338027701,-53.7526533062165,0.859676260636141,0.855549091831322
"77","STC01-LM-06-5286-cell1",1,-1,-2.27679833310288,8.04842523905264,1.73466703380285,8.09965220874239,"elliptical_log","constrained","constrained",1.85983656686907,0.227293041814909,1.85983656686907,5.49448280355142,0.430692463162868,0.413948123844129
"78","STC01-LM-07-5424-cell1",1,-1,-2.82420688909839,1.76074236130567,2.6028457906968,3.8433078302226,"elliptical_log","constrained","constrained",0.621395806165124,0.131381104484998,0.621395806165124,-33.9714405117019,0.788762024216295,0.782549142575597
"79","STC01-LM-10-5435-cell1",1,-1,-2.21366427281872,2.42563785121349,3.73321994051394,3.21814636137852,"elliptical_log","constrained","constrained",0.470804090432248,0.114358608774748,0.470804090432248,-43.9623831471816,0.89512693950865,0.892042437729493
"80","STC02-LM-01-5324-cell1",1,-1,-1.68774371708537,2.48939357578881,2.56243491561863,3.0682360696059,"elliptical_log","constrained","constrained",0.505178259185924,0.118459821972816,0.505178259185924,-41.4254886398843,0.857617399348343,0.853429675799765
"81","STC02-LM-01-5385-cell1",1,-1,-1.17420967518645,2.54245195347125,2.81233257675129,2.32590827812852,"elliptical_log","constrained","constrained",0.354602733748404,0.0992475487730336,0.354602733748404,-54.1663657291573,0.904920108071174,0.902123640661503
"82","STC02-LM-01-5450-cell1",1,-1,-1.65614117384353,1.81135359214844,2.96596553611971,3.24359690360013,"elliptical_log","constrained","constrained",1.53003630706389,0.206157727309826,1.53003630706389,-1.5326146454068,0.63426339278355,0.623506433747772
"83","STC02-LM-01-5450-cell2",1,-1,-1.48550504620065,2.30670683565636,2.09279090762663,3.20071971347608,"elliptical_log","constrained","constrained",0.906691649783187,0.158700595968144,0.906691649783187,-20.3694101316322,0.734530412703119,0.726722483664975
"84","STC02-LM-01-5525-cell1",1,-1,3.28129372373049,3.35144230953955,8.05900371042533,5.38610442930509,"elliptical_log","constrained","constrained",0.958860256842304,0.163202350272625,0.958860256842304,-18.3554649563016,0.662371792212963,0.652441550807462
"85","STC02-LM-01-5525-cell2",1,-1,-1.85486840832255,2.73533723610178,2.58154052601671,3.85949083875584,"elliptical_log","constrained","constrained",0.631424807856338,0.132437071834171,0.631424807856338,-33.395058275795,0.822983400888044,0.817777030325928
"86","STC02-LM-02-5253-cell1",1,-1,-2.07901211240921,2.12353433446318,2.45684809820266,3.24396639815251,"elliptical_log","constrained","constrained",1.03752908651756,0.169765286213836,1.03752908651756,-15.5167951082977,0.67751953580673,0.668034816271633
"87","STC02-LM-02-5253-cell2",1,-1,-1.85709810234609,1.95899732998348,2.78781301085395,3.91647925805848,"elliptical_log","constrained","constrained",1.38653706307234,0.196252180672409,1.38653706307234,-5.07797197784985,0.622672201026445,0.611574324586047
"88","STC02-LM-02-5304-cell2",1,-1,-1.706421151715,2.4181936798862,1.60476090618948,1.96925800488973,"elliptical_log","constrained","constrained",0.635515053715721,0.132865330077292,0.635515053715721,-33.1626094169471,0.743434013565819,0.735887955141284
"89","STC02-LM-02-5375-cell1",1,-1,-1.60814050465961,8.94542838865523,2.72457443429126,10.7778818496807,"elliptical_log","constrained","constrained",1.3431935719371,0.193160380393621,1.3431935719371,-6.22130591277844,0.518135831473344,0.503963355928442
"90","STC02-LM-02-5447-cell1",1,-1,-2.07481190402257,1.59322962823667,2.57790114269872,2.88608996649674,"elliptical_log","constrained","constrained",0.75068560795438,0.144403524883338,0.75068560795438,-27.1667678528413,0.779161049339153,0.772665786084422
"91","STC02-LM-03-5423-cell1",1,-1,-1.61108419557015,1.94974702266892,2.14142182753391,2.50567881150684,"elliptical_log","constrained","constrained",0.833766642885609,0.152184705291301,0.833766642885609,-23.387969330587,0.704911251375151,0.696232170533244
"92","STC02-LM-03-5498-cell1",1,-1,-2.80542102221692,1.99262352743327,2.41831002756107,3.35837142887342,"elliptical_log","constrained","constrained",0.775871485410763,0.146805945744219,0.775871485410763,-25.9787692212151,0.744450668345394,0.736934511532023
"93","STC02-LM-05-5160-cell1",1,-1,-2.22911760325499,5.84172314817155,2.09882384678643,4.52076834602546,"elliptical_log","constrained","constrained",0.830929590728142,0.15192556572291,0.830929590728142,-23.5106751726353,0.689043865692389,0.679898097036283
"94","STC02-LM-05-5517-cell1",1,-1,-2.12832863874053,3.51890376811605,1.95188086430374,2.67636706427738,"elliptical_log","constrained","constrained",0.417118761518983,0.107641220099069,0.417118761518983,-48.3209421189975,0.900108399684694,0.897170411440126
"95","STC03-LM-03-5176-cell1",1,-1,-1.3786547340532,1.68300151365512,0.816639321075948,1.92291103493064,"elliptical_log","constrained","constrained",0.485985420479048,0.142300360224282,0.485985420479048,-15.4820820436287,0.803018231214388,0.794064514451405
"96","STC03-LM-03-5249-cell1",1,-1,-2.3910481844644,7.3549356261341,2.12374878490079,5.95433458643955,"elliptical_log","constrained","constrained",1.60572973746343,0.211195652934498,1.60572973746343,0.20571206653414,0.50207543551905,0.487430595387258
"97","STC03-LM-03-5249-cell2",1,-1,-1.52635949216095,8.27421096547462,2.91339669163034,5.79123749059939,"elliptical_log","constrained","constrained",1.03312249889918,0.185573210970692,1.03312249889918,-5.92203639712461,0.472168348574204,0.45331721816614
"98","STC03-LM-03-5330-cell1",1,-1,-2.54047205712855,2.73042381863896,2.06985818940489,2.13063040169545,"elliptical_log","constrained","constrained",2.55508952725001,0.266410790116088,2.55508952725001,16.9280340765253,0.604616224383102,0.592987289806134
"99","STC03-LM-03-5483-cell1",1,-1,-2.35968623803207,2.49140079727469,3.24751871387588,2.47080506517248,"elliptical_log","constrained","constrained",1.27939477127819,0.188517223739945,1.27939477127819,-7.97317067153037,0.68151552271438,0.67214833220598
"100","STC03-LM-03-5590-cell1",1,-1,-1.93382667217708,2.44632758831356,3.40453719152323,2.09594886246403,"elliptical_log","constrained","constrained",1.25595777159988,0.18678253632975,1.25595777159988,-8.63876333253106,0.653582047529006,0.643393284221035
"101","STC04-LM-01-5098-cell1",1,-1,-4.32084090812642,2.37883555750555,1.63994072587383,1.41736793788197,"elliptical_log","constrained","constrained",0.742749451913488,0.175920134804771,0.742749451913488,-5.30175839584373,0.645818329084691,0.629719162224905
"102","STC04-LM-01-5225-cell2",1,-1,-1.69097426728217,3.29372313904007,1.50091304568565,2.2602451494383,"elliptical_log","constrained","constrained",1.52485162887733,0.205808138058331,1.52485162887733,-1.65481133336261,0.641195616708186,0.630642546611369
"103","STC04-LM-02-5259-cell1",1,-1,-3.26026744115151,2.23135174711063,2.56948753891404,2.10752162740848,"elliptical_log","constrained","constrained",1.20353901831829,0.182843209875921,1.20353901831829,-10.1735170505527,0.644757394677864,0.634309082756624
"104","STC05-LM-01-5409-cell1",1,-1,-6.60194647130419,1.04107016572247,2.94995998961306,3.3604184665177,"elliptical_log","constrained","constrained",0.524006640281941,0.147762004628211,0.524006640281941,-13.674264473269,0.626192726622328,0.609201486923343
"105","STC05-LM-01-5474-cell1",1,-1,-2.62151596959431,2.04885257719706,1.95922878529148,2.212930022865,"elliptical_log","constrained","constrained",1.25006722536923,0.186344008740796,1.25006722536923,-8.80800350779797,0.584972583506702,0.57276589478631
"106","STC05-LM-02-5612-cell1",1,-1,6.08862286190499,4.11404061510909,11.7506769979348,6.53936933577409,"elliptical_log","constrained","constrained",1.51252062364602,0.204974295383458,1.51252062364602,-1.94711572694334,0.473311557778327,0.457820721242396
"107","STC05-LM-05-5696-cell1",1,-1,-1.8302584710106,2.62785604593585,1.70422317753979,2.16334508075903,"elliptical_log","constrained","constrained",1.08336109697956,0.173474389478643,1.08336109697956,-13.9606473219374,0.650794679733574,0.640523935019855
"108","STC05-LM-09-5640-cell1",1,-1,-2.29038726590598,2.76228495913904,2.65523017657252,1.43141829142253,"elliptical_log","constrained","constrained",1.01132995883643,0.167608170613987,1.01132995883643,-16.4375221931104,0.647016652702979,0.636634789547184
"109","STC06-LM-04-5545-cell1",1,-1,-2.13864287560573,1.69688366756976,2.63619555975058,2.76371286500647,"elliptical_log","constrained","constrained",1.10179989005921,0.174944426895071,1.10179989005921,-13.3530835678345,0.637212098018858,0.626541865607648
"110","STC06-LM-04-5545-cell2",1,-1,-3.21112038730603,25.8726359602467,4.17623629570038,30.3884466038234,"elliptical_log","constrained","constrained",3.31008658035627,0.303227389024047,3.31008658035627,26.2479690714681,0.124239750148872,0.0984820957414856
"111","STC06-LM-04-5602-cell1",1,-1,-2.67943383209578,0.878645141945049,2.76651260398308,3.94183184740413,"elliptical_log","constrained","constrained",1.03520992393001,0.169575444036801,1.03520992393001,-15.59735507033,0.609749705987984,0.598271756164101
"112","STC06-LM-04-5602-cell2",1,-1,-2.38419921438698,1.37757564034633,2.4232437782709,3.29511936275701,"elliptical_log","constrained","constrained",0.611161059194067,0.130294651036503,0.611161059194067,-34.5693185812838,0.780486084136243,0.774029792493192
"113","STC06-LM-06-5764-cell1",1,-1,-2.64691543208685,2.3902001779433,2.57475415270262,1.88280740798162,"elliptical_log","constrained","constrained",0.443027675166047,0.11093387359219,0.443027675166047,-46.1515367879702,0.839431654384981,0.83470905598454
"114","STC06-LM-06-5914-cell1",1,-1,-1.60318453522882,2.39209739908424,2.03699829589449,2.23608973204349,"elliptical_log","constrained","constrained",0.318596140487333,0.0940738688016752,0.318596140487333,-58.0210232336741,0.889656469852004,0.886411071906474
"115","STC06-LM-07-5630-cell1",1,-1,-2.75328253436368,2.37802082496629,1.97395709359109,3.06440034605591,"elliptical_log","constrained","constrained",0.705871639625439,0.140026945782414,0.705871639625439,-29.3826947705882,0.789273875137916,0.78307604793609
"116","STC06-LM-08-5922-cell1",1,-1,-1.94311082294009,7.06595403503837,3.32883153057919,7.91845853959243,"elliptical_log","constrained","constrained",0.630536740204157,0.132343905980273,0.630536740204157,-33.4457261282429,0.753859829160548,0.746620412371152
"117","STC06-LM-08-5922-cell2",1,-1,-2.55749916252795,9.22820692127662,3.62861873981653,9.24872425213291,"elliptical_log","constrained","constrained",0.61896387915569,0.131123762482847,0.61896387915569,-34.1126084093072,0.678058628646328,0.668589764782985
"118","STC06-LM-11-5169-cell1",1,-1,-2.74048959767191,1.99784150064981,2.10746785003275,1.9894653074147,"elliptical_log","constrained","constrained",1.03163150782988,0.169282104113377,1.03163150782988,-15.7220120530511,0.564094670747217,0.551273925769194
"119","STC07-LM-01-5637-cell1",1,-1,-1.65160518143725,17.1193190264642,4.4302419306828,16.6441551264322,"elliptical_log","constrained","constrained",0.98387838677339,0.181096510805094,0.98387838677339,-7.38719886494301,0.259812759625458,0.233377501040652
"120","STC07-LM-05-5756-cell1",1,-1,-1.82148341222917,1.98220027795043,2.98686167297678,3.0080366232398,"elliptical_log","constrained","constrained",0.491512284614984,0.116846561853924,0.491512284614984,-42.4127678344585,0.847684731579664,0.843204870743771
"121","STC07-LM-06-5901-cell1",NA,NA,NA,NA,NA,NA,NA,NA,NA,NA,NA,NA,NA,NA,NA
"122","STC07-LM-11-5904-cell1",1,-1,-2.0969456704058,3.46098942854377,1.84650960777716,1.83438122553296,"elliptical_log","constrained","constrained",0.79261780649863,0.148381809166854,0.79261780649863,-25.2100161653031,0.767901208975098,0.761074773944954
"123","STC07-LM-13-5909-cell1",1,-1,-0.926395071852099,2.88041074205319,3.05382982074864,2.51452719775514,"elliptical_log","constrained","constrained",0.326130085080285,0.0951796671038932,0.326130085080285,-57.1796293495932,0.929088655799307,0.927003028028698
"124","STC08-LM-04-5655-cell1",1,-1,-4.48605108948355,9.93148541853902,3.43954422973547,11.7115778155455,"elliptical_log","constrained","constrained",0.698471369588497,0.170595937035013,0.698471369588497,-6.77690848361502,0.575466515528944,0.556169538962077
"125","STC08-LM-04-5709-cell1",1,-1,-1.83579892583053,2.12175854460321,2.3315525046646,3.89391093071401,"elliptical_log","constrained","constrained",0.807169298154688,0.149737668584714,0.807169298154688,-24.5550938373644,0.757767793480624,0.75064331681829
"126","STC08-LM-04-5709-cell2",1,-1,-2.76800713668511,8.95108734148764,4.20061244122626,13.2704754087026,"elliptical_log","constrained","constrained",0.702536331036023,0.139695733951807,0.702536331036023,-29.5532012377164,0.639254021125458,0.628643845276207
"127","STC08-LM-05-5655-cell1",1,-1,-1.59883670631795,0.75683112743093,3.76090682559941,2.41034225982489,"elliptical_log","constrained","constrained",1.05129015872157,0.170887402721594,1.05129015872157,-15.0424546236985,0.674691239880324,0.665123335170922
"128","STC08-LM-05-5655-cell2",1,-1,-2.37739937426147,1.12517815593441,2.86982859956728,2.07856591161356,"elliptical_log","constrained","constrained",0.952362455117278,0.162648432645835,0.952362455117278,-18.60025250714,0.644934400596291,0.634491294731476
"129","STC08-LM-05-5707-cell1",1,-1,2.70901629507594,0.756041788711579,7.18854092486825,3.03588538888261,"elliptical_log","constrained","constrained",0.73568241019617,0.142953217891201,0.73568241019617,-27.8935507992314,0.657907619682503,0.64784607908493
"130","STC08-LM-05-5775-cell1",1,-1,0.0183139274343099,1.10622058416923,2.64759057007288,3.19625840361535,"elliptical_log","constrained","constrained",0.434827690821202,0.120392094261653,0.434827690821202,-31.8837726402341,0.844879415793326,0.839339394928802
"131","STC08-LM-09-5571-cell1",1,-1,-1.93965276406396,2.57175371728013,2.80612864383912,3.47706538856285,"elliptical_log","constrained","constrained",0.369675809838746,0.101334951993479,0.369675809838746,-52.6677458873889,0.902298783345841,0.899425218150131
"132","STC08-LM-09-5629-cell1",1,-1,6.44442516093085,1.55181652962804,11.5470716363685,3.37861779298545,"elliptical_log","constrained","constrained",0.628882057712176,0.132170140529397,0.628882057712176,-33.5403231027925,0.668043524900439,0.658280099162217
"133","STC08-LM-15-5514-cell1",1,-1,-4.62957957451645,10.3727591062611,5.62609995286606,12.0621670590808,"elliptical_log","constrained","constrained",0.907406393846973,0.173916301118955,0.907406393846973,-9.81455542076151,0.451176970555902,0.431576148075756
"134","STC09-LM-08-5154-cell1",1,-1,-1.55727711129474,2.34904817246137,1.89843324737407,2.0458062073038,"elliptical_log","constrained","constrained",0.886347263381451,0.156910029367633,0.886347263381451,-21.1863799551844,0.681649915035773,0.672286677242708
"135","STC09-LM-08-5154-cell2",1,-1,-1.55924709880836,2.13264231028153,2.13224605811282,2.03698898605025,"elliptical_log","constrained","constrained",0.593060493201995,0.128350701552209,0.593060493201995,-35.6516268232056,0.829432506936927,0.824415815964484
"136","STC09-LM-08-5217-cell1",1,-1,-1.3517072038322,2.37243946195573,2.31005359733312,1.50521444340896,"elliptical_log","constrained","constrained",0.524026733445246,0.132164888610811,0.524026733445246,-26.2859867957,0.839101587251724,0.833355215367857
"137","STC09-LM-08-5217-cell2",1,-1,-1.17845758638323,2.28607823060912,2.15069543822031,1.53452832655281,"elliptical_log","constrained","constrained",0.299864276646846,0.091266440930882,0.299864276646846,-60.202418837073,0.886772303712381,0.883442077350981
"138","STC09-LM-08-5289-cell1",1,-1,-1.72384304802386,2.04359228896375,2.23970361546069,2.32272865395669,"elliptical_log","constrained","constrained",0.646187666919594,0.133976331545662,0.646187666919594,-32.5630586012312,0.844411856740847,0.839835734880283
"139","STC09-LM-08-5289-cell2",1,-1,-1.57023122501664,2.25029709513854,2.33892233671294,2.24100614463157,"elliptical_log","constrained","constrained",1.1411890713647,0.17804408562712,1.1411890713647,-12.0885598943769,0.818237433620204,0.812891475785504
"140","STC09-LM-08-5371-cell2",1,-1,-0.511597384018328,2.22232345448868,2.56058473356922,1.77831672271527,"elliptical_log","constrained","constrained",0.653844567401486,0.134767759848139,0.653844567401486,-32.1389897243161,0.799441594804957,0.793542818181573
"141","STC09-LM-08-5478-cell1",1,-1,-0.742647930885495,1.65431867399036,0.922687190485583,1.83715723943676,"elliptical_log","constrained","constrained",0.333707613435086,0.0962790523881098,0.333707613435086,-56.352750211639,0.806559147721506,0.800869710889786
"142","STC09-LM-09-5004-cell1",NA,NA,NA,NA,NA,NA,NA,NA,NA,NA,NA,NA,NA,NA,NA
"143","STC09-LM-09-5004-cell2",1,-1,-2.08147075019946,2.68541506386806,1.83794075417712,1.87217330507038,"elliptical_log","constrained","constrained",2.61789125346909,0.269664980086871,2.61789125346909,17.8021812361707,0.451321933485683,0.435184343294085
"144","STC09-LM-11-5150-cell1",1,-1,-2.30403788763762,2.6917816772343,2.01340803008831,2.00656357924813,"elliptical_log","constrained","constrained",0.451299420983177,0.111964704381829,0.451299420983177,-45.4855805789978,0.90355335054602,0.900716684385609
"145","STC09-LM-11-5150-cell2",1,-1,-2.06260889975039,2.64450784529401,2.03522901528565,1.98762759182612,"elliptical_log","constrained","constrained",1.00741977220938,0.167283838314919,1.00741977220938,-16.5769816738454,0.865218503764087,0.861254342110089
"146","STC09-LM-11-5235-cell1",NA,NA,NA,NA,NA,NA,NA,NA,NA,NA,NA,NA,NA,NA,NA
"147","STC09-LM-11-5311-cell1",NA,NA,NA,NA,NA,NA,NA,NA,NA,NA,NA,NA,NA,NA,NA
