Bird,Cell,SR,SF,TF,number of peaks,Velocity,Type,Location,Fit_procedure,R^2,Rind,Rsp,zdiff,Sfvar,Tfvar,Pooled Var,Pref dir,number of points in fit,,Tested Dir,Included V2,Edge_case,Notes
HB,CALSTC01-LM-01-2918-Cell 1.xls,28.353,0.03125,3.473200871,2,111.1424279,F,L,SF_edge,0.809721872,,,,2.291920227,2.195548952,2.243734589,330.8104567,30,min error,360,Yes,Yes,"Broad DTC, peak in similar location in ER/IR"
HB,CALSTC01-LM-01-2964-Cell 2.xls,21.271,0.055722879,2.799932309,1,50.24744559,F,L,unconstrained,0.851996063,0.688026792,0.071549541,3.138019936,2.840603133,2.874638698,2.857620915,43.2700789,36,min error,45,Yes,No,"Great DTC, clear inhib, still signif exc in IR in similar location to peak in ER"
HB,CALSTC01-LM-03-3009-Cell 2.xls,18.179,0.075594974,3.101872618,1,41.03278898,F,L,unconstrained,0.930871237,0.778903913,0.517738805,1.906436145,2.149856777,1.649864867,1.899860822,0.304173878,36,min error,0,Yes,No,"Good DTC, not much inhib if any, good ST"
HB,CALSTC01-LM-05-3226-Cell 1.xls,37.857,0.086971193,3.265755372,1,37.5498512,F,N,unconstrained,0.870412607,0.451920016,0.598046111,-0.824546694,2.352365981,2.095600208,2.223983095,108.0836688,36,min error,135,Yes,No,"Good DTC, Good ST"
HB,CALSTC01-LM-06-3176-Cell 2.xls,23.21,0.063609265,3.163115153,1,49.72727097,F,N,unconstrained,0.705215759,0.573395386,0.188032644,1.877749144,2.841720431,2.084497189,2.46310881,141.2661011,36,min error,135,Yes,No,"Good DTC, not much inhib, good ST, IR has excitation but in very diff location as ER"
HB,CALSTC04-LM-01-3040-Cell 2.xls,13.117,0.016356125,3.978611335,1,243.2490149,F,N,unconstrained,0.62844296,0.260898739,0.016114268,1.019391683,1.983630185,3.747267709,2.865448947,92.94808278,35,mn error,90,Maybe,No,"DTC not very clear, some exc, some inhib, ST ER/IR look similar due to lack of exc/inhib"
HB,CALSTC04-LM-01-3289-Cell 1.xls,11.963,0.038950089,3.199082384,1,82.13286426,F,N,unconstrained,0.88183134,0.513360358,0.6889433,-1.230527414,2.996177047,2.299886805,2.648031926,44,42,min error,90,Yes *,No,"omni DTC (3 peaks), but ST plots ER/IR have clear vel-tuned peaks"
HB,CALSTC04-LM-01-3289-Cell 2.xls,20.555,0.034102007,3.463652874,1,101.5674191,F,N,unconstrained,0.933372661,0.21410471,0.877749597,-5.07123956,3.505710711,2.158474932,2.832092821,307,42,min error,270,Yes *,No,"omni DTC, but ST plots ER/IR have clear vel-tuned peaks"
HB,CALSTC04-LM-01-3523-Cell 1.xls,4.5002,0.072314927,16,1,221.2544589,F,N,TF_edge,0.924923038,,,,3.086843808,2.400545189,2.743694499,313.7773723,42,min error,360,Maybe,Yes,"Broad but good DTC, tested slightly outside of pref dir which explains similar ER/IR, rates in ST are MUCH higher."
HB,CALSTC04-LM-01-3523-Cell 2.xls,43.308,0.0155,2.663424798,1,171.8338579,F,N,SF_edge,0.866682257,,,,4.697820149,2.133153197,3.415486673,,20,min error,360,Maybe,Yes,"cell arose after DTC, definitely different waveform to cell 1, both have clear vel-tuned peak in ST"
HB,CALSTC05-LM-01-3865-Cell 1.xls,9.0232,0.51738976,0.32383946,1,0.625910068,S,M,unconstrained,0.843928901,0.510188209,-0.123303227,3.033347979,1.437659535,1.564622093,1.501140814,11.14458553,42,min error,0,Yes,No,"Good DTC,good ST, moderate variation in rate around peak"
HB,CALSTC05-LM-03-3860-Cell 2.xls,11.007,0.202480636,0.381218887,2,1.882742441,S,L,unconstrained,0.794931089,0.750880358,-0.354314014,5.940855677,2.339079012,2.689753138,2.514416075,17.15470566,42,min error,0,Yes,No,spont rate is high and makes most values negative
HB,CALSTC06-LM-02-3472-Cell 1.xls,27.25,0.122917192,3.022035301,1,24.58594491,F,M,unconstrained,0.715007414,0.167745034,0.665153182,-2.793724922,1.869001901,1.753775698,1.811388799,326.9832756,42,min error,360,Yes,No,"DTC is almost omni, very clear vel-tuned peak in ER"
HB,CALSTC07-LM-04-3755-Cell 1.xls,8.8432,0.052548756,2.723559392,1,51.82918826,F,L,unconstrained,0.829455687,0.669858886,0.390601694,1.757419962,2.609085332,1.638346328,2.12371583,322.7318678,42,min error,315,Yes,No,"Broad but good DTC, Good ST"
HB,CALSTC07-LM-04-3755-Cell 2.xls,5.6092,0.016927873,3.802975502,1,224.6576057,F,L,unconstrained,0.844529655,0.579474974,0.031528042,1.725691381,1.551800607,1.885033654,1.71841713,376.9,18,min error,315,Yes*,No,"Omni DTC, ST has very similar ER/IR with peak right at lowest SF"
HB,CALSTC07-LM-05-3547-Cell 1.xls,19.096,0.111779907,3.6421781,1,32.58347764,F,L,unconstrained,0.793992374,0.369332244,0.646984338,-1.688830287,2.561501313,1.944938919,2.253220116,139.8902936,42,min error,135,Yes,No,"Good DTC, Good ST"
HB,CALSTC07-LM-05-3547-Cell 2.xls,16.918,0.104966077,3.65805333,1,34.84986215,F,L,unconstrained,0.796053666,0.387920306,0.526720259,-0.737288302,2.571755636,2.231661851,2.401708744,149.0013238,38,min error,135,Yes,No,"Good DTC, Good ST"
HB,CALSTC07-LM-05-3606-Cell 3.xls,3.3957,0.022242309,4.373164997,2,196.6147046,F,L,unconstrained,0.737585166,0.617715031,0.159985946,1.814379094,1.669178479,1.257142979,1.463160729,n/a,24,min error,135,Yes *,No,"Omni DTC, similar ER/IR, rate drops off a bit from DTC to ST"
HB,CALSTC07-LM-05-3657-Cell 1.xls,23.81,0.061346608,4.395005425,1,71.64219116,F,L,unconstrained,0.67102287,0.645254159,-0.04018811,3.565090628,4.058562706,2.233596753,3.14607973,115.6973129,42,min error,135,Yes *,No,messy
HB,CALSTC07-LM-05-3657-Cell 2.xls,55.26,0.0155,4.626318606,1,298.4721681,F,L,SF_edge,0.595060875,,,,5.168578239,1.800227118,3.484402678,145.5948175,42,min error,135,Yes *,Yes,
HB,CALSTC07-LM-07-3501-Cell 1.xls,26.869,0.031044185,5.182626279,2,166.9435462,F,L,unconstrained,0.579366984,0.468191141,0.17321088,1.077464994,1.486407357,1.2130291,1.349718228,136.113696,24,min error,135,Yes *,No,"Good DTC, rate in ST is moederately higher but similar in ER/IR"
HB,CALSTC07-LM-07-3588-Cell 1.xls,31.064,0.035330848,4.292526096,1,121.4951321,F,L,unconstrained,0.800154838,0.781462086,-0.145811093,4.385552385,2.047151464,1.433538367,1.740344915,141.4588219,42,min error,180,Yes,No,"Good DTC, rates match, IR has peak at top left, tf tuned"
HB,CALSTC07-LM-09-3210-Cell 1.xls,32.868,0.098197899,3.187575434,1,32.4607295,F,L,unconstrained,0.771504535,0.625843851,0.240303819,2.161387964,2.485903248,2.246568676,2.366235962,18.01263099,42,min error,45,Yes,No,"Broad but good DTC, rates match, broad ST tuning as well"
HB,CALSTC08-LM-01-3183-Cell 1.xls,17.008,0.092255198,2.623105901,1,28.43315026,F,N,unconstrained,0.6670977,0.207678364,0.621213815,-2.279633919,2.370512977,1.678072367,2.024292672,123.3377993,42,min error,135,Yes,No,"Good DTC, Good ST"
HB,CALSTC08-LM-01-3183-Cell 2.xls,44.246,0.095997712,2.456618717,1,25.59038828,F,N,unconstrained,0.666350052,0.421674577,0.193048847,1.032666389,1.378356184,2.032437741,1.705396963,128.0984767,36,min error,135,Yes,No,"Good DTC, Good ST, some exc in IR @ TF 2 and lowest SF"
HB,CALSTC08-LM-03-3070-Cell 1.xls,1.9626,0.111615909,2.66950628,1,23.91689763,F,N,unconstrained,0.85236275,0.140538168,0.558779822,-2.161938924,1.110252616,1.113193943,1.11172328,137.0952086,42,min error,135,Yes,No,Great data all around
HB,CALSTC08-LM-03-3070-Cell 2.xls,5.8883,0.118009909,2.794939828,1,23.68394183,F,N,unconstrained,0.806868116,0.388579321,0.692003733,-1.95033957,1.699148546,1.106178187,1.402663367,0.769057797,42,min error,315,Yes,No,"Great data all around, IR has inhib in same spot as ER peak"
HB,CALSTC08-LM-03-3070-Cell 3.xls,13.282,0.132336987,2.637160685,1,19.92761627,F,N,unconstrained,0.697274419,0.388852174,0.498665032,-0.605332192,1.809837909,1.180080631,1.49495927,10.69738686,42,min error,315,Yes,No,"Broad DTC, clear peak but IR and ER similar because of DTC"
HB,CALSTC08-LM-03-3147-Cell 1.xls,28.226,0.100313012,2.611755015,2,26.03605412,F,N,unconstrained,0.554363579,0.210786364,0.245331844,-0.160938815,1.506898117,1.079060884,1.292979501,162.9486589,42,min error,135,Yes,No,"Good DTC, Great ST, IR has inhib in same spot as ER peak"
HB,CALSTC08-LM-03-3147-Cell 2.xls,3.0285,0.095652623,2.790128175,1,29.16938475,F,N,unconstrained,0.813982047,0.549227578,0.463337926,0.511010984,1.691443579,1.205488704,1.448466141,6.454448022,42,min error,315,Yes,No,"Good DTC but broad, tested slightly more than 45 away, ST is great"
HB,CALSTC08-LM-03-3147-Cell 3.xls,12.843,0.102874831,2.594888481,1,25.22374475,F,N,unconstrained,0.824459898,0.342580861,0.52464744,-0.996740238,1.59313348,1.060364728,1.326749104,133.526824,42,min error,135,Yes,No,"Good DTC but broad, ST is great"
HB,CALSTC08-LM-03-3203-Cell 1.xls,15.738,0.140889066,4.039609426,1,28.67227063,F,N,unconstrained,0.898619804,0.180701566,0.90644962,-5.849015025,2.388055785,1.270952065,1.829503925,121.9372806,42,min error,135,Yes,No,All good
HB,CALSTC08-LM-03-3203-Cell 2.xls,24.14,0.095946403,3.447356244,1,35.93002076,F,N,unconstrained,0.698533632,0.420870595,0.697325245,-1.825195953,2.524339831,1.404033132,1.964186482,117.8493226,42,min error,135,Yes,No,"Good DTC, some exc in IR but reflects the DTC"
HB,CALSTC08-LM-03-3575-Cell 1.xls,2.8303,0.030394189,3.04345684,1,100.1328527,F,N,unconstrained,0.822976248,0.600314903,0.253818685,1.91715057,2.912073999,2.444869428,2.678471714,12.81834781,42,min error,0,Yes,No,"omni DTC, clear peak in ST and rates match"
HB,CALSTC08-LM-03-3575-Cell 2.xls,6.1124,0.03303041,3.065323822,1,92.80308092,F,N,unconstrained,0.847593754,0.643600644,0.225742816,2.360717574,2.266293817,2.247353849,2.256823833,19.74567836,42,min error,0,Yes,No,"omni DTC, clear peak in ST and rates match"
HB,CALSTC08-LM-03-3622-Cell 1.xls,3.1457,0.055655795,2.493024174,1,44.7936138,F,N,unconstrained,0.687851018,0.60968002,0.023471915,3.024594102,2.373076161,2.479826554,2.426451358,10.94964617,42,min error,45,Yes,No,"omni DTC, clear peak in ST"
HB,CALSTC08-LM-03-3681-Cell 1.xls,8.9004,0.115042753,1.53778047,1,13.36703473,F,N,unconstrained,0.893537729,0.824100534,0.245806391,4.056075552,2.87132371,2.902238283,2.886780996,0.857524003,42,min error,0,Yes,No,"Good DTC, Good ST, broad peak"
HB,CALSTC08-LM-03-3681-Cell 2.xls,25.95,0.065363594,2.140658591,1,32.75001355,F,N,unconstrained,0.803278436,0.743225365,0.062684632,3.951682383,3.346162778,2.934648081,3.14040543,1.65762804,42,min error,0,Yes *,No,"Excitement in both directions for DTC but clearly more at 0, ST has broad peak and some excitation in IR"
HB,CALSTC08-LM-03-3739-Cell 1.xls,2.6257,0.421904251,0.604167232,1,1.432000816,S,N,unconstrained,0.838516142,0.446915486,0.154663301,1.43482872,1.082996985,1.440181097,1.261589041,4.046197347,42,min error,0,Yes,No,"All good, excellent slow cell"
HB,CALSTC08-LM-04-3345-Cell 2.xls,2.0354,0.160387442,0.518721706,1,3.234179055,S,N,unconstrained,0.698606709,0.481212336,0.170076804,1.557988844,1.791092462,2.145220624,1.968156543,17.02753033,42,min error,0,Yes,No,"Good DTC, low rate, Clear peak in ER, IR has peak with 1/2 rate of ER in similar location"
HB,CALSTC08-LM-04-3411-Cell 1.xls,16.795,0.119217322,0.648117749,1,5.436439407,F,N,unconstrained,0.704942002,0.617192461,-0.093185655,3.594147159,2.345445249,3.555789374,2.950617311,359.965714,42,min error,360,Yes,No,one low value making it confusing
HB,CALSTC08-LM-04-3411-Cell 2.xls,26.728,0.018109998,6.466967952,2,357.0937944,F,N,unconstrained,0.73034366,0.174685251,0.461982616,-1.143156879,6.644390927,1.585144237,4.114767582,,28,min error,0,\,No,"DTC is inhibited in ALL directions, ST plot has clear peak in both ER/IR @ top left"
HB,CALSTC08-LM-04-3482-Cell 1.xls,16.554,0.141780586,0.589349772,2,4.156773407,F,N,unconstrained,0.737490882,0.67110749,0.005911474,2.852623943,2.562388958,2.530812718,2.546600838,15.11979985,28,min error,0,Yes,No,"All good, slow cell"
HB,CALSTC08-LM-04-3482-Cell 2.xls,34.979,0.148041866,0.706752248,2,4.774002554,F,N,unconstrained,0.764424606,0.697444659,0.050408774,2.870344378,2.467719285,1.839413521,2.153566403,359.9307888,28,min error,360,Yes,No,"All good, slow cell"
HB,CALSTC08-LM-04-3551-Cell 1.xls,2.9556,0.269644923,0.665690814,1,2.468768209,S,N,unconstrained,0.873182685,0.677024693,0.08608129,3.255852695,1.216779726,1.537613722,1.377196724,2.958558022,42,min error,0,Yes,No,"All good, slow cell"
HB,CALSTC09-LM-02-2941-Cell 1.xls,0.62335,0.10708464,3.181424816,1,29.70944127,F,L,unconstrained,0.90739035,0.523554411,0.75058128,-1.735711028,2.035638089,1.089604197,1.562621143,10.06060566,42,min error,0,Yes,No,All good low basal
HB,CALSTC09-LM-02-2941-Cell 2.xls,22.526,0.151969799,4.593291501,1,30.2250284,F,L,unconstrained,0.484055418,0.346889135,0.474816121,-0.681666602,1.85171978,1.125977826,1.488848803,,42,min error,,,No,a little messy 
HB,CALSTC09-LM-02-3001-Cell 1.xls,0.45585,0.04199582,2.085733544,1,49.66526585,F,L,unconstrained,0.944070691,0.802434564,0.322856795,3.402783797,2.628844791,1.231166391,1.930005591,16.54637706,42,min error,0,Yes,No,All good low basal
HB,CALSTC09-LM-02-3001-Cell 2.xls,1.6557,0.027979409,1.931368675,1,69.02821576,F,L,unconstrained,0.844726012,0.767778327,0.198376874,3.593868077,3.204094611,1.838317483,2.521206047,51.08034596,42,min error,0,Yes,No,"Quite broad DTC, tested @ more than 45 but ST has clear peak and rates match"
HB,CALSTC09-LM-03-3163-Cell 1.xls,2.2859,0.063771825,1.402507178,1,21.99258324,F,M,unconstrained,0.74837247,0.685094031,0.292345449,2.373634191,2.085838522,1.496678163,1.791258343,104.0387907,42,min error,135,Yes,No,DTC has slight excitation in anti-pref which is reflected in ST
HB,CALSTC09-LM-03-3163-Cell 2.xls,2.4524,0.056139577,1.537781074,1,27.39210316,F,M,unconstrained,0.746035586,0.726380264,0.322319038,2.591188175,2.469419152,1.562148072,2.015783612,,42,min error,,,No,
HB,CALSTC09-LM-03-3220-Cell 1.xls,2.6446,0.078688918,2.61354593,1,33.21364667,F,M,unconstrained,0.771742248,0.498494268,0.557829402,-0.36376239,2.522011288,1.921005294,2.221508291,131.485582,42,min error,135,Yes,No,DTC has slight excitation in anti-pref which is reflected in ST
HB,CALSTC09-LM-03-3220-Cell 2.xls,0.22926,0.054506445,2.68893022,1,49.33233556,F,M,unconstrained,0.705856025,0.572948429,0.367737394,1.175052631,2.671544772,1.373734589,2.022639681,136.6251383,42,min error,135,Yes,No,"DTC has slight excitation in anti-pref which is reflected in ST, ST has low basal"
HB,CALSTC09-LM-03-3285-Cell 1.xls,0.69429,0.093264749,3.062293439,1,32.83441461,F,M,unconstrained,0.887499895,0.321408049,0.809939917,-1.968106483,1.843131877,1.157637776,1.500384827,,42,min error,,,No,
HB,CALSTC09-LM-03-3285-Cell 2.xls,1.6999,0.075543111,2.647036659,1,35.04008016,F,M,unconstrained,0.910786116,0.698511065,0.561568224,1.012411985,1.825190981,1.228936092,1.527063537,,42,min error,,,No,
HB,CALSTC09-LM-03-3530-Cell 1.xls,1.7598,0.055187645,4.384929979,1,79.45492073,F,N,unconstrained,0.891617865,0.225560791,0.57823527,-1.900154008,2.371552493,2.982573869,2.677063181,,42,min error,90,Yes *,No,"bi-directional but inhibited in ALL directions, clear peak in ST"
HB,CALSTC09-LM-03-3530-Cell 2.xls,2.0824,0.073401487,7.910689329,1,107.7728752,F,N,unconstrained,0.918692933,-0.027846989,0.721775667,-4.147377329,1.97159302,2.714627894,2.343110457,,42,min error,90,Yes *,No,"bi-directional up-down, clear peak in ST, similar ER/IR which makes sense"
HB,CALSTC09-LM-03-3530-Cell 3.xls,0.30596,0.115938991,16,1,138.0036161,F,N,TF_edge,0.838811083,,,,2.246448752,2.536493056,2.391470904,,42,min error,90,Yes *,Yes,"bi-directional up-down, clear peak in ST, similar ER/IR which makes sense"
HB,CALSTC09-LM-03-3594-Cell 1.xls,8.7062,0.049967492,1.306764971,2,26.15230256,F,L,unconstrained,0.699994255,0.369653272,0.265332241,0.376484424,1.791013715,2.496279117,2.143646416,357.0865302,24,min error,360,Yes *,No,"Good forward cell, slightly messy ST but clear peak, slightly higher rate in ST"
HB,CALSTC09-LM-03-3668-Cell 1.xls,0.99644,0.038327312,2.550280048,1,66.53949734,F,L,unconstrained,0.686013131,0.370295619,0.331449143,0.195668904,3.624271822,3.081169338,3.35272058,0.987342077,42,min error,0,Yes,No,"Good DTC, low basal, good ST, rates match"
HB,CALSTC09-LM-03-3668-Cell 2.xls,0.93967,0.024973104,1.565017186,2,62.66810769,F,L,unconstrained,0.809938212,0.626470372,0.36457924,1.145237911,3.172359481,2.333471928,2.752915704,2.294758326,24,min error,0,Yes,No,"Good DTC, not much inhib, good ST but slightly lower rate than in DTC"
HB,CALSTC09-LM-03-3731-Cell 1-Peak 1.xls,0.25774,0.059365829,16,2,269.5153153,F,L,TF_edge,0.801840899,,,,0.976913375,0.242168285,0.60954083,3.035014868,21,min error,0,Yes,Yes,
HB,CALSTC09-LM-03-3731-Cell 2.xls,0.10911,0.0155,3.214883424,1,207.4118338,F,L,SF_edge,0.576317216,,,,4.469873517,4.666181031,4.568027274,,42,min error,0,Yes,Yes,"DTC has very low basal and is slightly asymmetric, IR ER similar which is reflected in DTC and peak right on 0.0155"
HB,CALSTC09-LM-03-3800-Cell 2.xls,6.3267,0.053775758,1.945300135,1,36.17429483,F,L,unconstrained,0.831975152,0.755844568,0.15532167,3.664566977,3.35848215,2.924710211,3.14159618,11.4779835,42,min error,0,Yes,No,"All good, broad ST"
HB,CALSTC09-LM-04-3463-Cell 1.xls,2.9614,0.015500008,4.000000036,1,258.0643842,F,L,SF_edge,0.679169356,,,,1.046789506,0.842910549,0.944850027,147.9304951,42,min error,180,Yes,Yes,"Broad DTC, ST has similar ER and IR, rates match"
HB,CALSTC09-LM-04-3595-Cell 1.xls,18.048,0.4346186,0.19036476,2,0.438004173,S,L,unconstrained,0.560370258,0.006220908,0.247130069,-0.797561735,0.938543189,2.223906568,1.581224878,172.9270029,24,min error,180,Yes *,No,"Barely any exc but a lot of inhib in DTC, clear slow peak in ST"
HB,CALSTC09-LM-04-3595-Cell 4.xls,7.5566,0.020963288,6.994779362,1,333.6680389,F,L,unconstrained,0.820566033,0.48211348,-0.031899855,2.462492748,0.944920429,1.769337103,1.357128766,,42,min error,,Maybe,No,"cell arose after DTC, IR ER similar and peak right on 0.0155"
HB,CALSTC01-LM-01-2964-Cell 1.xls,14.604,0.031,5.58310877,1,180.1002829,F,L,SF_edge,0.848987909,,,,2.243246844,1.756277855,1.99976235,357.2865836,36,min error,405,Yes,Yes,"Good DTC, some excitation in both dirs tested, reflected in similar ER/IR"
HB,CALSTC05-LM-03-3860-Cell 1.xls,30.55,0.132313838,0.446339619,2,3.373340436,S,L,unconstrained,0.579690345,0.644783266,-0.121158664,3.921631592,2.808754218,2.076289661,2.44252194,15.38762079,42,min error,0,Yes,No,a little messy 
HB,CALSTC07-LM-05-3606-Cell 2.xls,7.5027,0.054688442,3.355822787,1,61.36255979,,,unconstrained,0.632455209,0.406601465,0.359651875,0.243079929,3.914426832,1.704088953,2.809257892,,42,min error,,,No,
HB,CALSTC09-LM-03-3800-Cell 4.xls,0.85776,0.0155,2.196702477,1,141.7227404,F,L,SF_edge,0.777869751,,,,3.72546761,2.775539786,3.250503698,342.8658488,42,min error,360,Maybe,Yes,"DTC has low basal but has clear pref dir, ST also has clear peak but rate is higher than DTC"
PG,nc10wu1,,1,0.383866534,2,0.383866534,S,Wu,SF_edge,0.837699342,,,,4.301324107,3.866604074,4.083964091,,30,min err,,,Yes,
PG,nc11LM1,,1,0.601650504,1,0.601650504,S,Lm,SF_edge,0.796806626,,,,4.492628756,4.155628604,4.32412868,,36,min err,,,Yes,
PG,nc11LM2,,0.03125,2.516682734,1,80.53384748,F,,SF_edge,0.558349777,,,,5.503519058,5.441945386,5.472732222,,36,min err,,,Yes,
PG,nc11wu6,,1,0.601650504,2,0.601650504,S,Wu,SF_edge,0.898564628,,,,4.100442963,2.294580713,3.197511838,,30,min err,,,Yes,
PG,nc14wu3,,1,0.294502205,1,0.300534227,S,Wu,SF_edge,0.824639876,,,,1.866927722,4.372056565,3.119492144,,36,min err,,,Yes,
PG,nc14wu3b,,1,0.427675581,1,0.427675581,S,Wu,SF_edge,0.673602668,,,,1.601737137,3.830640911,2.716189024,,36,min err,,,Yes,
PG,nc23LM1,,1,1.403265939,2,1.403265939,S,Lm,SF_edge,0.795916085,,,,1.929285819,2.25533047,2.092308144,,28,min err,,,Yes,
PG,nc2wu1,,1,0.759375081,2,0.759375081,S,Wu,SF_edge,0.873774747,,,,3.228492836,4.312948616,3.770720726,,28,min err,,,Yes,
PG,nc7wu2,,1,0.163590169,2,0.163590169,S,Wu,SF_edge,0.846772819,,,,3.803208596,5.402057478,4.602633037,,21,min err,,,Yes,
PG,nc7wu3,,1,0.117224627,2,0.117224627,S,Wu,SF_edge,0.915826533,,,,4.092470797,3.710061492,3.901266145,,27,min err,,,Yes,
PG,nc8wu3,25.11,1,0.306243127,1,0.306243127,S,Wu,SF_edge,0.866533252,,,,4.039446623,4.36462003,4.202033327,,36,min err,,,Yes,
PG,nc9LM2,,1,0.316255938,1,0.316255938,S,Lm,SF_edge,0.757406934,,,,4.890461397,3.778651222,4.334556309,,30,min err,,,Yes,
PG,nc11wu4,,0.117185802,16,2,136.5353122,F,Wu,TF_edge,0.934025644,,,,1.95879226,0.663536,1.31116413,,12,min err,,,Yes,
PG,nc12LM3,,0.138618758,16,1,115.424494,F,Lm,TF_edge,0.772570757,,,,2.253862807,8.851413636,5.552638221,,36,min err,,,Yes,
PG,nc24LM1,18.95833333,0.111686315,16,1,143.2583756,F,Lm,TF_edge,0.879436819,,,,2.500070697,7.018401237,4.759235967,,36,min err,,,Yes,
PG,nc26LM1,24.88,0.157254303,10.17242717,1,64.68775083,F,Lm,unconstrained,0.914339185,0.288912946,0.531163723,-1.195797741,3.613665717,6.407270949,5.010468333,,36,min err,,0,No,
PG,nc9wu3,36,0.221623349,4.720098599,1,21.29783987,F,Wu,unconstrained,0.892030611,0.344257879,0.462783898,-0.576535523,2.730866716,5.016316869,3.873591793,,36,min err,,0,No,
PG,nc19LM1,35.2,0.084366697,2.347899139,1,27.8296915,F,Lm,unconstrained,0.834019169,0.499786405,0.022094112,2.140374122,1.903060055,4.357051649,3.130055852,,36,min err,,0,No,
PG,nc9wu4,11.1,0.130043675,3.253254044,1,25.01662648,F,Wu,unconstrained,0.824472526,0.677274239,0.047982848,3.152295285,2.602436816,3.639555753,3.120996285,,36,min err,,0,No,
PG,nc13LM1,59,0.137508268,1.221803909,1,8.885312332,F,Lm,unconstrained,0.868428667,0.809751693,-0.041666198,4.744429293,2.523938905,3.322100362,2.923019633,,36,min err,,5,No,
PG,nc8wu1,19.8,0.135128745,2.292510226,1,16.96537789,F,Wu,unconstrained,0.877729637,0.738382427,0.333971817,2.435672858,3.609350165,3.775201375,3.69227577,,36,min err,,10,No,
PG,nc9wu5,11.7,0.143923121,2.3597792,1,16.39610915,F,Wu,unconstrained,0.770297677,0.616943041,0.113916147,2.460128179,2.53436317,3.366175943,2.950269556,,36,min err,,10,No,
PG,nc1wu2,17.56,0.120733806,2.2528888,1,18.6599667,F,Wu,unconstrained,0.901051341,0.760953501,0.259140872,2.978634391,2.328310355,3.031695508,2.680002932,,36,min err,,10,No,
PG,nc3wu2,21.5,0.129536442,1.879952996,1,14.51292758,F,Wu,unconstrained,0.72529012,0.70885097,-0.056712852,4.158188977,3.468548062,4.152005376,3.810276719,,42,min err,,10,No,
PG,nc5wu1,16.8,0.197571877,0.761307666,1,3.853320008,S,Wu,unconstrained,0.917501618,0.908958782,0.000662391,6.122161274,3.931050207,4.430768937,4.180909572,,36,min err,,15,No,
PG,nc22LM3,4.06,0.131298061,12.96739089,1,98.76300374,F,Lm,unconstrained,0.93370284,0.717518629,-0.266591595,4.775726818,2.551135507,6.442234713,4.49668511,,36,min err,,20,No,
PG,nc14LM1,31.8,0.784604693,0.15657937,2,0.199564662,S,Lm,unconstrained,0.752104924,-0.015255373,0.677514561,-2.721139364,3.68056678,4.373058262,4.026812521,,24,min err,,25,No,
PG,nc10wu3,44.86,0.160730828,1.654212912,1,10.29182104,F,Wu,unconstrained,0.834100762,0.605102906,-0.097424147,3.245119179,2.536319658,6.505505064,4.520912361,,36,min err,,25,No,
PG,nc8LM4,8.87,0.068606122,1.479659885,1,21.56746136,F,Lm,unconstrained,0.925382869,0.254680069,0.765268373,-2.61735699,2.423918003,3.677956647,3.050937325,,30,min err,,30,No,
PG,nc10wu2,35.16,0.570529285,0.304105554,2,0.533023566,S,Wu,unconstrained,0.949809725,0.200604951,0.863377525,-3.740792319,2.568485455,3.167067515,2.867776485,,26,min err,,35,No,
PG,nc17LM2,19,0.062663905,7.762962072,1,123.8825137,F,Lm,unconstrained,0.953535223,0.138736429,0.368779149,-1.00483131,2.18432163,6.173770588,4.179046109,,36,min err,,35,No,
PG,nc3wu1,28.6,0.11344474,1.588522179,1,14.00260766,F,Wu,unconstrained,0.788964675,0.612297573,0.244934886,2.042660173,2.988035155,3.907862202,3.447948678,,42,min err,,35,No,
PG,nc28LM1,12.3,0.11195377,6.239912011,1,55.73650634,F,Lm,unconstrained,0.876567982,0.565187257,-0.210296434,3.468574933,2.316735771,6.539213381,4.427974576,,36,min err,,35,No,
PG,nc8wu4,7.875,0.191169947,1.948004534,1,10.18990988,F,Wu,unconstrained,0.954844036,0.897427376,-0.086898631,6.279718968,2.898338543,5.254214126,4.076276334,,36,min err,,40,No,
PG,nc4LM1,26,0.215183889,0.277732939,1,1.290677198,S,Lm,unconstrained,0.718024741,0.427237673,0.482214389,-0.254818945,2.964715285,3.726162746,3.345439016,,30,min err,,45,No,
PG,nc11wu3,10.11,0.117123604,2.786581329,1,23.79179972,F,Wu,unconstrained,0.717451052,0.464335259,-0.015651985,2.106064983,1.730565698,3.412007167,2.571286433,,36,min err,,45,No,
PG,nc2wu3,22.1,0.21637793,0.539333912,1,2.492555094,S,Wu,unconstrained,0.839132658,0.658817474,0.259910959,2.317049635,2.661225748,3.39150542,3.026365584,,42,min err,,45,No,
PG,nc27LM1,19.2,0.168051083,7.178906582,1,42.71859755,F,Lm,unconstrained,0.920023975,0.686774481,0.128624986,2.894121762,1.843067643,2.116782303,1.979924973,,36,min err,,45,No,
PG,nc12LM1,8.6,0.467941093,0.487771687,1,1.0423784,S,,unconstrained,0.689637891,0.423545524,-0.034547531,1.976441255,2.42465181,5.010471045,3.717561428,,36,min err,,50,No,
PG,nc8wu5,25.11,0.144889815,2.372767219,1,16.37635619,F,Wu,unconstrained,0.822411533,0.644246308,-0.099044456,3.512710843,2.959715574,6.233294221,4.596504898,,36,min err,,50,No,
PG,nc22LM1,11.17,0.26586825,1.804237735,1,6.786209844,F,Lm,unconstrained,0.893551223,0.796560203,0.129181523,3.896378603,3.048947386,4.276542566,3.662744976,,36,min err,,50,No,
PG,nc7wu5,7.1,0.178339715,1.411615881,1,7.915319821,F,Wu,unconstrained,0.80187643,0.71995067,-0.024409981,4.115412416,2.760528652,4.611682552,3.686105602,,42,min err,,50,No,
PG,nc10wu4,37.5,0.16041048,3.486456723,1,21.73459442,F,Wu,unconstrained,0.742440662,0.553729991,-0.00708054,2.562425112,2.066526283,3.310202185,2.688364234,,36,min err,,60,No,
PG,nc22LM2,31.78,0.15732712,6.57837952,1,41.81338551,F,Lm,unconstrained,0.911458391,0.433261534,0.246054835,0.863975063,2.077389609,4.757369162,3.417379386,,36,min err,,65,No,
PG,nc11wu5,31.6,0.179846502,1.862248907,1,10.35465737,F,Wu,unconstrained,0.787161212,0.576204858,-0.005478391,2.690035576,1.745795482,3.043411156,2.394603319,,36,min err,,65,No,
PG,nc7wu4,6.6,0.364278975,0.221362932,2,0.607674193,S,Wu,unconstrained,0.8467774,0.729698315,-0.206030242,4.329962425,2.89585164,5.235365943,4.065608791,,32,min err,,70,No,
PG,nc4LM3,10.8,0.306471564,0.382248039,1,1.247254505,S,Lm,unconstrained,0.855946358,0.80357885,-0.141616594,4.423689869,2.014744137,2.521607218,2.268175678,,28,min err,,70,No,
PG,nc24LM2,5.7,0.138734359,1.975718407,1,14.24101732,F,Lm,unconstrained,0.845445984,0.810489891,-0.146985781,5.185222101,3.052329658,4.085291467,3.568810563,,36,min err,,70,No,
PG,nc5wu2,13.7,0.332207067,0.524528666,2,1.578920854,S,Wu,unconstrained,0.905585375,0.646857276,0.638834396,0.044308551,3.921819511,3.976580015,3.949199763,,24,min err,,80,No,
PG,nc10LM1,26.26,0.313240994,0.616023095,1,1.966610716,S,Lm,unconstrained,0.882511074,0.66012841,0.035597488,2.782970553,3.16066,6.627216,4.893938,,30,min err,,80,No,
PG,nc20LM1,20.45,0.120588851,7.971337259,2,66.10343481,F,Lm,unconstrained,0.939799175,0.702153756,-0.298566939,3.230143611,2.834402696,3.829684287,3.332043491,,18,min err,,80,No,
PG,nc11wu7,30,0.572409907,0.859853993,2,1.502164763,S,Wu,unconstrained,0.914587795,0.872913359,0.102032133,4.732449998,3.531048004,2.715748877,3.123398441,,32,min err,,90,No,
PG,nc8LM1,,0.266577399,1.250773562,1,4.691971513,F,Lm,unconstrained,0.885762033,0.374024379,0.422763425,-0.212951934,3.286483759,5.967036711,4.626760235,,30,min err,,,No,
PG,nc4wu3,,0.130912826,1.585255116,1,12.10924223,F,Wu,unconstrained,0.683654391,0.390913747,0.313182123,0.392167452,2.637937196,4.187543167,3.412740182,,42,min err,,,No,
PG,nc8wu2,,0.297579017,0.084009215,1,0.282308935,S,Wu,unconstrained,0.786958062,0.228474748,0.066779595,0.673078566,1.557093419,4.620235369,3.088664394,,36,min err,,,No,
PG,nc4wu1,,0.17476151,1.975430052,1,11.30357625,F,Wu,unconstrained,0.727249226,0.427636194,0.266373703,0.812715314,2.3897619,4.706813059,3.548287479,,42,min err,,,No,
PG,nc5LM2,,0.102387445,2.369605559,1,23.14351682,F,Lm,unconstrained,0.879860545,0.386951378,0.169556288,0.962697636,3.279555264,6.168723392,4.724139328,,36,min err,,,No,
PG,nc6LM5,,0.112011902,0.494491059,1,4.414629587,F,Lm,unconstrained,0.781575466,0.45901503,0.211164274,0.99586455,3.330953841,4.036040715,3.683497278,,28,min err,,,No,
PG,nc21LM1,,0.199559173,7.651644024,1,38.34273268,F,Lm,unconstrained,0.974066431,0.598626241,0.316424813,1.475871042,2.918058535,6.502966092,4.710512314,,36,min err,,,No,
PG,nc4wu2,,0.219942226,3.49354671,1,15.88392901,F,Wu,unconstrained,0.864249031,0.282803515,-0.054321663,1.52392861,2.537552191,4.414469747,3.476010969,,42,min err,,,No,
PG,nc7wu1,,0.110277709,0.834997168,1,7.57176748,F,Wu,unconstrained,0.798110079,0.515676716,0.2177208,1.541893383,1.797447399,2.627806703,2.212627051,,42,min err,,,No,percent inhibition
ZF,STC01-LM-01-5466-Cell 1.xls,1.1677,0.469208784,2.705715766,1,5.766549684,F,N,unconstrained,0.870193424,0.354069769,0.708207242,-2.085800965,3.231174137,2.324346461,2.777760299,293.9367207,36,min err,270,Yes,No,"All good, low basal rate"
ZF,STC01-LM-01-5466-Cell 2.xls,0.88777,1,5.095918857,1,5.095918857,F,N,SF_edge,0.858124885,,,,3.67451312,1.109821738,2.392167429,257.7845564,36,min err,270,Yes,Yes,"All good, low basal rate"
ZF,STC01-LM-01-5531-Cell 1.xls,1.6169,0.078965864,2.157940973,1,27.32751683,F,N,unconstrained,0.869472129,0.843704519,-0.288442183,6.217969024,2.697194957,2.829302977,2.763248967,244.0851916,36,min err,270,Yes,No,"All good, rates match, slight peak in IR at top left"
ZF,STC01-LM-02-5254-Cell 1.xls,6.1728,0.16848792,0.911324847,1,5.408843832,F,N,unconstrained,0.886421294,0.594128363,0.597095796,-0.018662917,2.49690015,3.11307088,2.804985515,353.1433612,36,min err,360,Yes,No,"All good, rate lower in ST"
ZF,STC01-LM-06-5286-Cell 1.xls,3.1651,0.102418249,0.755819438,2,7.379734012,F,N,unconstrained,0.772073947,0.484822173,0.411597818,0.372631992,2.283378111,3.060708811,2.672043461,128.1166086,36,min err,135,Yes,No,All good
ZF,STC01-LM-07-5424-Cell 1.xls,12.034,0.117007858,1.170195614,1,10.00100026,F,N,unconstrained,0.900552596,0.537277338,0.702992457,-1.367149734,2.542785487,3.117014757,2.829900122,345.5101582,36,min err,360,Yes,No,
ZF,STC01-LM-10-5435-Cell 1.xls,4.4172,0.185735599,2.474907266,1,13.32489453,F,N,unconstrained,0.766636477,0.530211989,0.424115506,0.559504379,2.991047781,2.64000756,2.81552767,240.1576562,36,min err,270,Yes,No,"All good, rate lower in ST"
ZF,STC02-LM-01-5324-Cell 1.xls,5.3833,0.166649395,2.310544833,1,13.86470577,F,N,unconstrained,0.64069631,0.214073447,0.424841497,-0.959239882,2.804877102,3.704928088,3.254902595,11.47424537,36,min err,0,Yes,No,
ZF,STC02-LM-01-5385-Cell 1.xls,24.682,0.242006464,2.85084241,1,11.78002586,F,N,unconstrained,0.849164092,0.056361861,0.773186228,-3.947390505,3.389094338,3.863499773,3.626297056,13.13654215,36,min err,0,Yes,No,"All good, high basal"
ZF,STC02-LM-01-5450-Cell 1.xls,3.2354,0.062740076,0.546195507,2,8.705687691,F,N,unconstrained,0.847119208,0.841653176,0.022808426,3.90141632,5.031722673,2.670856773,3.851289723,6.182266569,24,min err,0,Yes *,No,"Good DTC, slightly messy ST, rates match, two cells"
ZF,STC02-LM-01-5450-Cell 2.xls,0.95331,0.185303751,1.163295887,1,6.277778415,F,N,unconstrained,0.614679705,0.486727079,0.318508262,0.81961907,3.380295913,3.684978608,3.532637261,2.068349089,36,min err,0,Yes *,No,
ZF,STC02-LM-01-5525-Cell 1.xls,12.717,0.244963761,1.942915711,1,7.931441377,F,N,unconstrained,0.817667776,0.421664547,0.349399042,0.345091846,2.150014186,3.787997146,2.969005666,354.9352494,36,min err,360,Yes,No,All good
ZF,STC02-LM-01-5525-Cell 2.xls,10.662,0.307792312,1.938584915,1,6.298353914,F,N,unconstrained,0.764475729,0.621939493,0.261736591,1.869300746,3.089231118,4.429858342,3.75954473,0.582843419,36,min err,0,Yes,No,"All good, broad ST"
ZF,STC02-LM-02-5253-Cell 1.xls,8.4639,0.072485286,0.853407448,1,11.77352659,F,N,unconstrained,0.722770287,0.408049622,0.503059889,-0.48795158,2.857681652,2.89757359,2.877627621,359.6812246,36,min err,360,Yes,No,"All good, broad ST"
ZF,STC02-LM-02-5253-Cell 2.xls,1.5377,0.056566585,0.567900637,2,10.03950718,F,N,unconstrained,0.766657522,0.622838336,0.136427734,1.919418102,2.23034959,2.66583627,2.44809293,109.710429,24,min err,0,Yes *,No,"has much higher basal in DTC because wasnt tested in pref dir, has clear peak but just tested 70 deg off"
ZF,STC02-LM-02-5375-Cell 1.xls,26.575,0.073942829,0.795047239,1,10.75218856,F,N,unconstrained,0.705325934,0.149399552,0.676088791,-2.727029237,3.693023177,3.097017943,3.39502056,6.229983261,36,min err,0,Yes *,No,"Good DTC, ST rate is much higher than DTC but clear peak"
ZF,STC02-LM-02-5447-Cell 1.xls,10.373,0.095498709,0.838638857,1,8.781677397,F,N,unconstrained,0.763895981,0.446590098,0.577620473,-0.724873926,3.410944222,3.368300471,3.389622346,3.532263283,36,min err,0,Yes,No,All good
ZF,STC02-LM-03-5423-Cell 1-Peak 1.xls,3.6088,0.03125,0.408517047,2,13.07254551,F,N,SF_edge,0.76862243,,,,3.288038133,2.581763356,2.934900745,6.445951042,24,min err,0,Yes ,Yes,"All good, slightly messy ST"
ZF,STC02-LM-03-5498-Cell 1.xls,5.4374,0.0658866,0.665467389,1,10.10019322,F,N,unconstrained,0.613941461,0.244589048,0.110916542,0.561674095,1.205899053,2.526883992,1.866391523,1.366832606,36,min err,0,Yes,No,"All good, slightly messy ST"
ZF,STC02-LM-05-5160-Cell 1.xls,7.6829,0.185226132,6.895796265,1,37.22906797,F,N,unconstrained,0.682069441,-0.069251884,0.594079603,-3.059960791,2.912376481,3.217467239,3.06492186,152.0610229,36,min err,180,Yes,No,"All good, higher rate in ST"
ZF,STC02-LM-05-5517-Cell 1.xls,11.382,0.187011828,5.548607519,1,29.66982135,F,N,unconstrained,0.851047868,-0.085941406,0.667657545,-3.62599636,2.257496728,3.734175911,2.99583632,7.756091813,36,min err,0,Yes,No,All good
ZF,STC03-LM-03-5176-Cell 1.xls,1.0652,0.253466382,1.086397765,2,4.286161168,F,N,unconstrained,0.632264311,0.336681337,0.261318629,0.336423287,2.140746656,3.553035082,2.846890869,358.1403023,36,min err,0,Yes,No,"All good, higher rate in ST"
ZF,STC03-LM-03-5249-Cell 1.xls,9.6672,0.135848252,2.395307128,1,17.63222638,F,N,unconstrained,0.832252595,0.627984196,0.421384412,1.172731798,2.561231842,2.447495295,2.504363568,4.499774942,36,min err,0,Yes,No,All good
ZF,STC03-LM-03-5249-Cell 2.xls,4.5901,0.151089794,2.516288713,1,16.65426003,F,N,unconstrained,0.79356541,0.522563481,0.457235669,0.349533007,2.424786665,2.458335802,2.441561233,3.333621851,36,min err,0,Yes,No,All good
ZF,STC03-LM-03-5330-Cell 1.xls,16.005,0.112362629,1.490577811,1,13.26577904,F,N,unconstrained,0.792103374,0.516491123,0.465433705,0.273443012,2.441667024,2.834392787,2.638029905,0.607095735,36,min err,0,Yes,No,"All good, higher rate in ST"
ZF,STC03-LM-03-5483-Cell 1.xls,18.649,0.245685653,1.24719024,1,5.076365766,F,N,unconstrained,0.869835858,0.758227869,0.200138692,3.205566736,2.324722205,2.823461473,2.574091839,359.331895,36,min err,360,Yes,No,"Not much inhib in dtc, broad st"
ZF,STC03-LM-03-5590-Cell 1.xls,16.042,0.405290108,3.019684573,1,7.450674252,F,N,unconstrained,0.758030387,0.554857495,-0.058099095,2.776540235,1.746811263,2.762220172,2.254515717,354.7241684,36,min err,360,Yes,No,Not much inhib in dtc
ZF,STC04-LM-01-5098-Cell 1.xls,1.2194,0.124556351,3.079159897,1,24.72101886,F,N,unconstrained,0.895590757,0.43713903,0.652516566,-1.263208004,2.03155458,1.15784129,1.594697935,8.038007923,36,min err,0,Yes,No,"All good, tight ST tuning"
ZF,STC04-LM-01-5225-Cell 2.xls,6.1729,0.127424908,2.581866811,1,20.26186917,F,N,unconstrained,0.844673466,0.295019263,0.723911023,-2.48497533,1.855880911,1.823376137,1.839628524,116.7454046,36,min err,135,Yes,No,"All good, tight ST tuning"
ZF,STC04-LM-02-5259-Cell 1.xls,23.016,0.081017547,2.160706664,1,26.66961338,F,N,unconstrained,0.861548735,0.244932418,0.753965742,-2.973671406,2.309672329,2.012778119,2.161225224,358.8173288,36,min err,360,Yes,No,
ZF,STC05-LM-01-5409-Cell 1.xls,28.268,0.03125,0.747772417,2,23.92871734,F,N,SF_edge,0.674793268,,,,2.267003147,2.708962452,2.4879828,343.5999213,24,min err,360,Yes *,Yes,"Not much exc in DTC, broad exc, higher rate in ST, clear peak @ low SF"
ZF,STC05-LM-01-5474-Cell 1.xls,2.8227,0.118341436,2.115029324,1,17.87226347,F,N,unconstrained,0.686946515,0.200179982,0.533231713,-1.591214726,2.294818683,2.255958792,2.275388737,357.5179098,36,min err,360,Yes,No,All good
ZF,STC05-LM-02-5612-Cell 1.xls,16.502,1,6.796604841,1,6.796604841,F,N,SF_edge,0.52735702,,,,4.220286113,3.86452034,4.042403227,352.4285487,36,min err,360,Yes *,Yes,junk fit
ZF,STC05-LM-05-5696-Cell 1.xls,5.1436,0.469929068,16,1,34.04769163,F,N,TF_edge,0.844555607,,,,3.850788179,2.354858876,3.102823528,262.9536165,36,min err,270,Yes,Yes,"All good, ST peak is at or above 16hz"
ZF,STC05-LM-09-5640-Cell 1.xls,10.144,0.496890285,16,1,32.20026733,F,N,TF_edge,0.9086321,,,,5.079213857,2.254994576,3.667104216,350.7581125,36,min err,360,Yes,Yes,"All good, ST peak is at or above 16hz and rate is higher in ST"
ZF,STC06-LM-04-5455-Cell 1.xls,2.6409,0.083804964,0.573763356,1,6.846412529,F,N,unconstrained,0.812948358,0.557054437,0.304942042,1.27381994,1.777418172,2.405209967,2.091314069,9.438992183,36,min err,0,Yes,No,"All good, high rate @ exc"
ZF,STC06-LM-04-5455-Cell 2.xls,27.328,0.031718342,0.400700563,1,12.63308681,F,N,unconstrained,0.861669499,0.672953867,0.429477352,1.449599758,2.662153494,2.025115214,2.343634354,7.862104639,36,min err,0,Yes,No,"All good, rate inc in ST, peak at 0.5hz and lowest SF"
ZF,STC06-LM-04-5602-Cell 1.xls,64.697,0.05339793,0.476434222,1,8.922335088,F,N,unconstrained,0.746631226,0.504903503,0.347887914,0.783266347,2.480263,2.33663975,2.408451375,9.03598464,36,min err,0,Yes,No,"All good, rate inc in ST, peak at 0.5hz and lowest SF, clear inhib in IR"
ZF,STC06-LM-04-5602-Cell 2.xls,4.3696,0.11480511,0.919065161,1,8.005437731,F,N,unconstrained,0.870872845,0.529417426,0.541470248,-0.068640079,2.236511375,3.296135513,2.766323444,,36,min err,,Yes *,No,"DTC has very slight exc at 0 deg, ST has great peak and is directional"
ZF,STC06-LM-06-5764-Cell 1.xls,1.6169,0.148586582,2.594826822,2,17.46339934,F,N,unconstrained,0.664716537,0.340018561,0.20883938,0.577440509,1.969845519,2.997099559,2.483472539,1.012040333,36,min err,0,Yes,No,All good
ZF,STC06-LM-06-5914-Cell 1.xls,37.757,0.167566994,1.749410445,1,10.44006582,F,N,unconstrained,0.860804466,0.340054929,0.547637128,-1.059558747,1.776528593,2.97943628,2.377982437,240.2363256,36,min err,270,Yes,No,All good
ZF,STC06-LM-07-5630-Cell 1.xls,0.5175,0.082157658,1.246287446,1,15.16946167,F,N,unconstrained,0.943769208,0.395087531,0.825884076,-3.075902289,1.94112585,2.66676853,2.30394719,3.417425058,36,min err,0,Yes,No,All good
ZF,STC06-LM-08-5922-Cell 1.xls,27.254,0.253689103,2.798063068,1,11.02949647,F,N,unconstrained,0.793760619,0.338914092,0.297978607,0.185087629,1.694097192,3.126576353,2.410336773,111.8290294,36,min err,135,Yes,No,All good
ZF,STC06-LM-08-5922-Cell 2.xls,2.2561,0.190612082,5.450009812,1,28.59215294,F,N,unconstrained,0.787299905,0.350918349,0.429372933,-0.376292998,2.101390258,2.124567311,2.112978785,359.6663355,36,min err,315,Yes,No,All good
ZF,STC06-LM-11-5169-Cell 1.xls,2.344,0.098371281,2.403464313,2,24.43258134,F,N,unconstrained,0.793196836,0.167661422,0.687905412,-2.186307668,1.72212659,2.125050547,1.923588568,138.1588637,24,min err,135,Yes,No,All good
ZF,STC07-LM-01-5637-Cell 1.xls,5.4456,0.261996394,3.437562586,1,13.12064849,F,N,unconstrained,0.814259559,0.084902246,0.753870728,-3.642634616,3.861338643,3.184545482,3.522942063,265.6225268,36,min err,270,Yes,No,All good
ZF,STC07-LM-05-5756-Cell 1.xls,5.0999,0.269955588,4.320783148,1,16.00553326,F,N,unconstrained,0.901373183,0.487325135,0.739317136,-1.691527472,3.83006897,2.645341543,3.237705257,247.414292,36,min err,270,Yes,No,"All good, rate in ST is lower"
ZF,STC07-LM-06-5901-Cell 1.xls,4.1159,0.03125,4.013969042,1,128.4470093,F,N,SF_edge,0.887755931,,,,6.240063792,3.280171016,4.760117404,160.3643918,36,min err,135,Yes,Yes,"rate in ST is lower, peak is at lowest SF and about 8hz"
ZF,STC07-LM-11-5904-Cell 1.xls,2.233,0.35303651,16,1,45.32109153,F,N,TF_edge,0.93559101,,,,4.809666379,2.310621163,3.560143771,356.4830754,36,min err,360,Yes,Yes,"Rate in ST is much higher, excellent velocity tuned cell"
ZF,STC08-LM-04-5709-Cell 1.xls,2.7655,0.185891608,1.885136634,1,10.14105294,F,N,unconstrained,0.846034224,0.320399659,0.686615192,-2.069319008,2.615851878,2.960079641,2.787965759,239.8809744,36,min err,270,Yes,No,All good
ZF,STC08-LM-04-5709-Cell 2.xls,6.6895,0.065771622,5.506598014,1,83.72300819,F,N,unconstrained,0.879562449,0.737415099,-0.210547696,4.70598737,2.898997474,4.533847525,3.716422499,255.4391976,36,min err,270,Yes *,No,"DTC good, IR has excitation at top left"
ZF,STC08-LM-05-5655-Cell 2.xls,11.954,0.521853154,0.47583734,2,0.911822294,S,N,unconstrained,0.807502888,0.569009597,0.221763471,1.362728002,1.568404376,1.876222528,1.722313452,,24,min err,0,Yes *,No,
ZF,STC08-LM-05-5707-Cell 1-Peak 1.xls,17.804,0.829344881,0.579561691,2,0.698818675,S,N,unconstrained,0.898110818,-0.086365029,0.632193073,-2.277544238,1.199100569,2.597446444,1.898273507,5.166174944,18,min err,0,Yes,No,"Good DTC, spont rate in DTC and ST mathc but peak is higher in ST"
ZF,STC08-LM-05-5775-Cell 1.xls,4.2988,1,0.713422996,2,0.713422996,S,N,SF_edge,0.741432644,,,,1.768174587,2.780946781,2.274560684,7.676342034,36,min err,0,Yes,Yes,"All good, ST peak is at or above 1 cpd"
ZF,STC08-LM-09-5571-Cell 1.xls,5.143,0.214221977,2.45509532,1,11.46052034,F,N,unconstrained,0.813673636,0.410250897,0.487422422,-0.393045447,2.49215983,3.305110244,2.898635037,239.9227658,36,min err,270,Yes,No,All good
ZF,STC08-LM-09-5629-Cell 1-Peak 1.xls,15.371,1,0.49700415,2,0.49700415,S,N,SF_edge,0.879009247,,,,1.551871231,3.397376289,2.47462376,9.983111583,18,min err,0,Yes,Yes,"All good, ST peak is at or above 1 cpd"
ZF,STC09-LM-08-5154-Cell 1.xls,10.825,0.200835188,1.663892959,1,8.284867691,F,N,unconstrained,0.841453229,0.23524751,0.675777957,-2.36232776,2.255731871,2.568633267,2.412182569,346.0503204,36,min err,360,Yes,No,"All good, rate is higher in DTC"
ZF,STC09-LM-08-5154-Cell 2.xls,1.4543,0.226853342,1.313981377,1,5.792206389,F,N,unconstrained,0.831559344,0.40876303,0.557627625,-0.793143316,2.601135681,2.323968631,2.462552156,343.1413485,36,min err,360,Yes,No,
ZF,STC09-LM-08-5217-Cell 1.xls,34.08,0.239235708,1.726330942,1,7.216025383,F,N,unconstrained,0.730773313,0.056283224,0.631792788,-2.794878742,2.268875326,2.388600123,2.328737725,351.4597418,36,min err,360,Yes,No,All good
ZF,STC09-LM-08-5217-Cell 2.xls,2.1123,0.407328565,1.563521636,2,3.838477755,F,N,unconstrained,0.699887356,0.161078478,0.664368732,-2.591975752,4.210496031,2.259717004,3.235106518,346.8026483,36,min err,360,Yes,No,
ZF,STC09-LM-08-5289-Cell 1.xls,116.35,0.229439178,1.036986298,1,4.51965661,F,N,unconstrained,0.795319686,0.046497732,0.714301726,-3.450202506,2.417874069,2.663370684,2.540622377,333.7330182,36,min err,360,Yes,No,"All good, very high basal rate, two cells in spike file"
ZF,STC09-LM-08-5289-Cell 2.xls,23.925,0.240930207,1.034788249,1,4.294970986,F,N,unconstrained,0.747355545,0.052864538,0.683196212,-3.177188388,2.762356602,2.830505732,2.796431167,346.3264573,36,min err,360,Yes,No,"All good, very high basal rate, higher in DTC"
ZF,STC09-LM-08-5371-Cell 2.xls,13.631,1,2.436382179,1,2.436382179,S,N,SF_edge,0.806387087,,,,4.940527437,1.99445541,3.467491424,355.5891526,36,min err,360,Yes,Yes,All good
ZF,STC09-LM-08-5478-Cell 1.xls,1.2332,0.085640618,0.278619161,2,3.253353004,S,N,unconstrained,0.92131811,0.492074377,0.721896804,-1.291420373,1.501759423,1.793274574,1.647516998,354.3768021,27,min err,360,Yes,No,"All good, lower rate in ST but based on spike file it is same wave form"
ZF,STC09-LM-09-5004-Cell 1.xls,9.1774,0.149094367,1.517953638,1,10.1811602,F,N,unconstrained,0.687514047,0.167067734,0.503215204,-1.563689097,1.996676537,2.811452434,2.404064486,355.2400388,36,min err,360,Yes,No,All good
ZF,STC09-LM-09-5004-Cell 2.xls,45.448,0.113585609,1.669983851,1,14.70242457,F,N,unconstrained,0.673640013,0.369823698,0.277074045,0.421267267,2.180972457,3.51570777,2.848340113,333.0567038,36,min err,360,Yes,No,All good
ZF,STC09-LM-09-5150-Cell 1.xls,13.919,0.156345019,1.523140778,1,9.742176554,F,N,unconstrained,0.843448491,0.442897177,0.469881831,-0.138471941,1.722580811,3.10197107,2.412275941,345.291453,36,min err,360,Yes,No,"All good, Can see cell fade (rate decrease) in spike file which explains rate difference"
ZF,STC09-LM-09-5150-Cell 2.xls,51.413,0.186073032,1.307724352,1,7.02801659,F,N,unconstrained,0.869600835,0.259415325,0.606922343,-1.781410624,1.870727001,2.898931054,2.384829027,345.9666422,36,min err,360,Yes,No,"All good, ST similar to cell 1"
ZF,STC09-LM-11-5235-Cell 1.xls,0.41188,0.147135593,1.202265621,1,8.171140597,F,N,unconstrained,0.969186865,0.485364883,0.906565684,-3.972334988,1.747587585,1.471307433,1.609447509,345.6837254,36,min err,360,Yes,No,All good
ZF,STC09-LM-11-5311-Cell 1.xls,11.382,0.101823419,0.643504029,1,6.319803753,F,N,unconstrained,0.854667437,0.53847948,0.518109028,0.11479358,2.802850303,1.333446414,2.068148358,348.9837292,36,min err,360,Yes,No,All good
ZF,STC02-LM-02-5304-Cell 2.xls,0.99248,0.160261008,3.980041543,1,24.8347468,F,N,unconstrained,0.917175227,0.171150837,0.882857733,-4.938304063,2.126922242,1.440953279,1.783937761,118.5266621,36,min err,90,Yes,No,All good
ZF,STC07-LM-13-5909-Cell 1.xls,3.0517,1,16,1,16,F,N,TF_edge,0.874363217,,,,6.110656576,3.006536139,4.558596358,274.1524288,36,min err,270,Yes,Yes,"All good, TF tuned cell"
ZF,STC08-LM-04-5655-Cell 1.xls,17.411,0.03125,16,1,512,F,N,TF_edge,0.906344337,,,,5.058455868,3.512957056,4.285706462,,36,min err,,,Yes,
ZF,STC08-LM-05-5655-Cell 1-Peak 1.xls,36.311,0.564957117,0.450023288,2,0.796561853,S,N,unconstrained,0.948899443,0.639477551,0.546518322,0.394048185,1.197414224,1.855480294,1.526447259,7.348765385,18,min err,0,Yes,No,
ZF,STC08-LM-15-5514-Cell 1.xls,3.1795,0.03125,16,1,512,F,N,TF_edge,0.918193791,,,,2.157936129,3.433912598,2.795924364,,36,min err,,,Yes,